symbol,as_of_date,fair_value,close,valuation_gap,usable_model_count,confidence_score,warnings
ATW,2017-03-31,,400.0,,0,,no_usable_valuation_models
IAM,2017-03-31,,137.087,,0,,no_usable_valuation_models
MSA,2017-03-31,,132.8,,0,,no_usable_valuation_models
ATW,2017-06-30,,440.05,,0,,no_usable_valuation_models
IAM,2017-06-30,,141.225,,0,,no_usable_valuation_models
MSA,2017-06-30,,142.9,,0,,no_usable_valuation_models
ATW,2017-09-30,,465.0,,0,,no_usable_valuation_models
IAM,2017-09-30,,137.325,,0,,no_usable_valuation_models
MSA,2017-09-30,,137.6,,0,,no_usable_valuation_models
ATW,2017-12-31,,484.0,,0,,no_usable_valuation_models
IAM,2017-12-31,,135.7,,0,,no_usable_valuation_models
MSA,2017-12-31,,160.0,,0,,no_usable_valuation_models
ATW,2018-03-31,,500.0,,0,,no_usable_valuation_models
IAM,2018-03-31,,148.712,,0,,no_usable_valuation_models
MSA,2018-03-31,,183.4,,0,,no_usable_valuation_models
ATW,2018-06-30,,470.0,,0,,no_usable_valuation_models
IAM,2018-06-30,,139.25,,0,,no_usable_valuation_models
MSA,2018-06-30,,164.0,,0,,no_usable_valuation_models
ATW,2018-09-30,,450.0,,0,,no_usable_valuation_models
IAM,2018-09-30,,142.55,,0,,no_usable_valuation_models
MSA,2018-09-30,,169.0,,0,,no_usable_valuation_models
ATW,2018-12-31,,453.0,,0,,no_usable_valuation_models
CSR,2018-12-31,,174.5,,0,,no_usable_valuation_models
IAM,2018-12-31,,141.025,,0,,no_usable_valuation_models
MSA,2018-12-31,,164.0,,0,,no_usable_valuation_models
ATW,2019-03-31,,425.0,,0,,no_usable_valuation_models
CSR,2019-03-31,,177.5,,0,,no_usable_valuation_models
IAM,2019-03-31,,145.3,,0,,no_usable_valuation_models
MSA,2019-03-31,,180.05,,0,,no_usable_valuation_models
ATW,2019-06-30,,466.0,,0,,no_usable_valuation_models
CSR,2019-06-30,,203.0,,0,,no_usable_valuation_models
IAM,2019-06-30,,138.938,,0,,no_usable_valuation_models
MSA,2019-06-30,,189.0,,0,,no_usable_valuation_models
ATW,2019-09-30,,479.5,,0,,no_usable_valuation_models
CSR,2019-09-30,,210.0,,0,,no_usable_valuation_models
IAM,2019-09-30,,141.738,,0,,no_usable_valuation_models
MSA,2019-09-30,,179.95,,0,,no_usable_valuation_models
ATW,2019-12-31,,499.0,,0,,no_usable_valuation_models
CSR,2019-12-31,,218.9,,0,,no_usable_valuation_models
IAM,2019-12-31,,152.825,,0,,no_usable_valuation_models
MSA,2019-12-31,,207.0,,0,,no_usable_valuation_models
ADH,2020-03-31,,6.64,,0,,no_usable_valuation_models
ATW,2020-03-31,,371.9,,0,,no_usable_valuation_models
BCP,2020-03-31,,216.0,,0,,no_usable_valuation_models
CDM,2020-03-31,,482.0,,0,,no_usable_valuation_models
CSR,2020-03-31,,175.0,,0,,no_usable_valuation_models
IAM,2020-03-31,,127.125,,0,,no_usable_valuation_models
JET,2020-03-31,,187.2,,0,,no_usable_valuation_models
LHM,2020-03-31,,1310.0,,0,,no_usable_valuation_models
MSA,2020-03-31,,155.0,,0,,no_usable_valuation_models
SNA,2020-03-31,,9.5,,0,,no_usable_valuation_models
ADH,2020-06-30,,7.0,,0,,no_usable_valuation_models
ATW,2020-06-30,,356.0,,0,,no_usable_valuation_models
BCP,2020-06-30,,219.8,,0,,no_usable_valuation_models
CDM,2020-06-30,,431.25,,0,,no_usable_valuation_models
CSR,2020-06-30,,204.5,,0,,no_usable_valuation_models
IAM,2020-06-30,,138.8,,0,,no_usable_valuation_models
JET,2020-06-30,,188.0,,0,,no_usable_valuation_models
LHM,2020-06-30,,1350.0,,0,,no_usable_valuation_models
MSA,2020-06-30,,192.0,,0,,no_usable_valuation_models
SNA,2020-06-30,,9.41,,0,,no_usable_valuation_models
ADH,2020-09-30,,5.82,,0,,no_usable_valuation_models
ATW,2020-09-30,,357.7,,0,,no_usable_valuation_models
BCP,2020-09-30,,231.05,,0,,no_usable_valuation_models
CDM,2020-09-30,,377.0,,0,,no_usable_valuation_models
CSR,2020-09-30,,193.35,,0,,no_usable_valuation_models
IAM,2020-09-30,,136.163,,0,,no_usable_valuation_models
JET,2020-09-30,,177.8,,0,,no_usable_valuation_models
LHM,2020-09-30,,1329.0,,0,,no_usable_valuation_models
MSA,2020-09-30,,181.5,,0,,no_usable_valuation_models
SNA,2020-09-30,,10.7,,0,,no_usable_valuation_models
ADH,2020-12-31,,6.39,,0,,no_usable_valuation_models
ATW,2020-12-31,,423.25,,0,,no_usable_valuation_models
BCP,2020-12-31,,249.7,,0,,no_usable_valuation_models
CDM,2020-12-31,,458.9,,0,,no_usable_valuation_models
CSR,2020-12-31,,210.1,,0,,no_usable_valuation_models
IAM,2020-12-31,,143.95,,0,,no_usable_valuation_models
JET,2020-12-31,,202.0,,0,,no_usable_valuation_models
LHM,2020-12-31,,1600.0,,0,,no_usable_valuation_models
MSA,2020-12-31,,210.0,,0,,no_usable_valuation_models
SNA,2020-12-31,,10.34,,0,,no_usable_valuation_models
ADH,2021-03-31,,6.19,,0,,no_usable_valuation_models
ATW,2021-03-31,,421.35,,0,,no_usable_valuation_models
BCP,2021-03-31,,253.0,,0,,no_usable_valuation_models
CDM,2021-03-31,,450.0,,0,,no_usable_valuation_models
CSR,2021-03-31,,240.7,,0,,no_usable_valuation_models
IAM,2021-03-31,,139.387,,0,,no_usable_valuation_models
JET,2021-03-31,,201.0,,0,,no_usable_valuation_models
LHM,2021-03-31,,1610.0,,0,,no_usable_valuation_models
MSA,2021-03-31,,216.0,,0,,no_usable_valuation_models
SNA,2021-03-31,,11.5,,0,,no_usable_valuation_models
ADH,2021-06-30,,10.48,,0,,no_usable_valuation_models
ATW,2021-06-30,,459.0,,0,,no_usable_valuation_models
BCP,2021-06-30,,266.0,,0,,no_usable_valuation_models
CDM,2021-06-30,,445.45,,0,,no_usable_valuation_models
CSR,2021-06-30,,272.85,,0,,no_usable_valuation_models
IAM,2021-06-30,,136.975,,0,,no_usable_valuation_models
JET,2021-06-30,,255.0,,0,,no_usable_valuation_models
LHM,2021-06-30,,1845.0,,0,,no_usable_valuation_models
MSA,2021-06-30,,250.0,,0,,no_usable_valuation_models
SNA,2021-06-30,,12.5,,0,,no_usable_valuation_models
ADH,2021-09-30,,11.76,,0,,no_usable_valuation_models
ATW,2021-09-30,,495.0,,0,,no_usable_valuation_models
BCP,2021-09-30,,276.0,,0,,no_usable_valuation_models
CDM,2021-09-30,,538.0,,0,,no_usable_valuation_models
CSR,2021-09-30,,275.0,,0,,no_usable_valuation_models
IAM,2021-09-30,,142.387,,0,,no_usable_valuation_models
JET,2021-09-30,,253.4,,0,,no_usable_valuation_models
LHM,2021-09-30,,2179.0,,0,,no_usable_valuation_models
MSA,2021-09-30,,283.0,,0,,no_usable_valuation_models
SNA,2021-09-30,,15.5,,0,,no_usable_valuation_models
ADH,2021-12-31,,10.61,,0,,no_usable_valuation_models
ATW,2021-12-31,,487.0,,0,,no_usable_valuation_models
BCP,2021-12-31,,280.95,,0,,no_usable_valuation_models
CDM,2021-12-31,,600.0,,0,,no_usable_valuation_models
CSR,2021-12-31,,261.0,,0,,no_usable_valuation_models
IAM,2021-12-31,,139.062,,0,,no_usable_valuation_models
JET,2021-12-31,,230.0,,0,,no_usable_valuation_models
LHM,2021-12-31,,2200.0,,0,,no_usable_valuation_models
MSA,2021-12-31,,279.9,,0,,no_usable_valuation_models
SNA,2021-12-31,,16.44,,0,,no_usable_valuation_models
ADH,2022-03-31,,7.25,,1,0.63,headline_review_shared_input_bias;headline_review_required_extreme_upside;headline_review_weak_model_coverage
ADI,2022-03-31,,63.99,,2,0.395,ic_weight_fallback_for_uncovered_models;headline_review_required_extreme_upside;headline_review_weak_model_coverage;headline_review_weak_method_class_agreement
ATW,2022-03-31,287.6943495515178,460.0,-0.37457750097496134,3,0.7673213865918556,ic_weight_fallback_for_uncovered_models
BCP,2022-03-31,218.88042804211813,267.0,-0.18022311594712315,3,0.776237399912885,ic_weight_fallback_for_uncovered_models
CDM,2022-03-31,797.4898853172996,623.2,0.27966926398796454,3,0.6966316718632029,ic_weight_fallback_for_uncovered_models
CSR,2022-03-31,256.0284278266714,243.0,0.05361492932786582,5,0.9017016719497668,justified_multiples_excluded_cross_model_outlier;ic_weight_fallback_for_uncovered_models
IAM,2022-03-31,58.34730333602589,129.35,-0.5489191856511335,6,0.6125,ic_weight_fallback_for_uncovered_models
JET,2022-03-31,352.41515536375766,200.0,0.7620757768187882,2,0.395,ic_weight_fallback_for_uncovered_models
LHM,2022-03-31,1703.3878671256143,1905.0,-0.10583314061647542,6,0.8552766761322108,ic_weight_fallback_for_uncovered_models;headline_review_shared_input_bias
MSA,2022-03-31,137.62888455114415,265.0,-0.48064571867492767,3,0.741187522566175,ic_weight_fallback_for_uncovered_models
SNA,2022-03-31,,14.97,,3,0.6889680854161402,residual_income_severe_book_value_quality_warning;ic_weight_fallback_for_uncovered_models;headline_review_required_extreme_upside;headline_review_weak_model_coverage
ADH,2022-06-30,,7.7,,1,0.63,headline_review_shared_input_bias;headline_review_required_extreme_upside;headline_review_weak_model_coverage
ADI,2022-06-30,,59.0,,2,0.395,ic_weight_fallback_for_uncovered_models;headline_review_required_extreme_upside;headline_review_weak_model_coverage;headline_review_weak_method_class_agreement
ATW,2022-06-30,287.6943495515178,428.5,-0.3286012845938908,3,0.7673213865918556,ic_weight_fallback_for_uncovered_models
BCP,2022-06-30,218.88042804211813,254.9,-0.14130863851660214,3,0.776237399912885,ic_weight_fallback_for_uncovered_models
CDM,2022-06-30,797.4898853172996,699.0,0.1409011234868378,3,0.6966316718632029,ic_weight_fallback_for_uncovered_models
CSR,2022-06-30,256.0284278266714,220.0,0.16376558103032468,5,0.9017016719497668,justified_multiples_excluded_cross_model_outlier;ic_weight_fallback_for_uncovered_models
IAM,2022-06-30,58.34730333602589,119.525,-0.5118401728841173,6,0.6125,ic_weight_fallback_for_uncovered_models
JET,2022-06-30,352.41515536375766,195.0,0.807257206993629,2,0.4175,ic_weight_fallback_for_uncovered_models
LHM,2022-06-30,1717.7338218609416,1700.0,0.01043165991820083,6,0.8549821133915848,ic_weight_fallback_for_uncovered_models;headline_review_shared_input_bias
MSA,2022-06-30,137.62888455114415,261.9,-0.47449834077455455,3,0.8144274286708311,fcff_dcf_terminal_value_dominates_dcf;fcfe_dcf_severe_fcf_quality_warning;justified_multiples_excluded_cross_model_outlier;ic_weight_fallback_for_uncovered_models
SNA,2022-06-30,,13.0,,3,0.6889680854161402,residual_income_severe_book_value_quality_warning;ic_weight_fallback_for_uncovered_models;headline_review_required_extreme_upside;headline_review_weak_model_coverage
ADH,2022-09-30,,7.45,,1,0.63,headline_review_shared_input_bias;headline_review_required_extreme_upside;headline_review_weak_model_coverage
ADI,2022-09-30,,63.99,,2,0.395,ic_weight_fallback_for_uncovered_models;headline_review_required_extreme_upside;headline_review_weak_model_coverage;headline_review_weak_method_class_agreement
ATW,2022-09-30,252.7475395726406,425.0,-0.4052999068879045,3,0.8083616999904515,ic_weight_fallback_for_uncovered_models
BCP,2022-09-30,203.29327826706984,243.0,-0.16340214704909528,3,0.8223735864391716,ic_weight_fallback_for_uncovered_models
CDM,2022-09-30,797.4898853172996,644.7,0.23699377278935874,3,0.6966316718632029,ic_weight_fallback_for_uncovered_models
CSR,2022-09-30,256.0284278266714,209.0,0.22501640108455234,5,0.9017016719497668,justified_multiples_excluded_cross_model_outlier;ic_weight_fallback_for_uncovered_models
IAM,2022-09-30,58.34730333602589,114.287,-0.4894668393078313,6,0.6125,ic_weight_fallback_for_uncovered_models
JET,2022-09-30,352.41515536375766,199.9,0.7629572554465116,2,0.4175,ic_weight_fallback_for_uncovered_models
LHM,2022-09-30,1717.7338218609416,1605.0,0.07023914134638098,6,0.8549821133915848,ic_weight_fallback_for_uncovered_models;headline_review_shared_input_bias
MSA,2022-09-30,98.71169345662207,240.0,-0.5887012772640747,3,0.7973913240787629,fcff_dcf_severe_fcf_quality_warning;fcfe_dcf_severe_fcf_quality_warning;justified_multiples_excluded_cross_model_outlier;ic_weight_fallback_for_uncovered_models
SNA,2022-09-30,,12.05,,3,0.6889680854161402,residual_income_severe_book_value_quality_warning;ic_weight_fallback_for_uncovered_models;headline_review_required_extreme_upside;headline_review_weak_model_coverage
ADH,2022-12-31,,6.28,,1,0.63,headline_review_shared_input_bias;headline_review_required_extreme_upside;headline_review_weak_model_coverage
ADI,2022-12-31,,52.0,,2,0.37249999999999994,ic_weight_fallback_for_uncovered_models;headline_review_required_extreme_upside;headline_review_weak_model_coverage;headline_review_weak_method_class_agreement
AKT,2022-12-31,,276.0,,0,,no_usable_valuation_models
ATW,2022-12-31,252.7475395726406,392.0,-0.3552358684371414,3,0.8083616999904515,ic_weight_fallback_for_uncovered_models
BCP,2022-12-31,203.29327826706984,231.0,-0.11994251832437297,3,0.8223735864391716,ic_weight_fallback_for_uncovered_models
CDM,2022-12-31,797.4898853172996,600.0,0.32914980886216605,3,0.6966316718632029,ic_weight_fallback_for_uncovered_models
CSR,2022-12-31,250.87891132850905,190.0,0.32041532278162665,5,0.9017016719497668,justified_multiples_excluded_cross_model_outlier;ic_weight_fallback_for_uncovered_models
IAM,2022-12-31,58.34730333602589,97.75,-0.4030966410636738,6,0.6125,ic_weight_fallback_for_uncovered_models
JET,2022-12-31,352.41515536375766,206.0,0.7107531813774643,2,0.4175,ic_weight_fallback_for_uncovered_models
LHM,2022-12-31,1717.7338218609416,1350.0,0.2723954236006976,6,0.8549821133915848,ic_weight_fallback_for_uncovered_models;headline_review_shared_input_bias
MSA,2022-12-31,87.6200768308374,216.0,-0.5943514961535306,3,0.7973913240787629,fcff_dcf_severe_fcf_quality_warning;fcfe_dcf_severe_fcf_quality_warning;justified_multiples_excluded_cross_model_outlier;ic_weight_fallback_for_uncovered_models
SNA,2022-12-31,,15.71,,3,0.6889680854161402,residual_income_severe_book_value_quality_warning;ic_weight_fallback_for_uncovered_models;headline_review_required_extreme_upside;headline_review_weak_model_coverage
ADH,2023-03-31,7.220620645690997,5.8,0.2449345940846548,2,0.35,ic_weight_fallback_for_uncovered_models
ADI,2023-03-31,,62.12,,3,0.46499999999999997,ic_weight_fallback_for_uncovered_models;headline_review_required_extreme_upside;headline_review_weak_model_coverage;headline_review_weak_method_class_agreement
AKT,2023-03-31,164.58841031229178,287.0,-0.4265212184240704,3,0.7638551746589648,fcff_dcf_terminal_value_dominates_dcf;fcfe_dcf_terminal_value_dominates_dcf;residual_income_excluded_cross_model_outlier;ic_weight_fallback_for_uncovered_models
ATW,2023-03-31,316.23450242643275,396.15,-0.20173039902452916,3,0.7962557673391738,ic_weight_fallback_for_uncovered_models
BCP,2023-03-31,237.31962796934468,227.0,0.04546091616451409,3,0.8065681185319339,ic_weight_fallback_for_uncovered_models
CDM,2023-03-31,858.6183912207239,635.0,0.3521549468042895,3,0.6847801997460707,ic_weight_fallback_for_uncovered_models
CSR,2023-03-31,144.87335434704988,172.0,-0.15771305612180297,4,0.8772239788070193,fcff_dcf_severe_fcf_quality_warning;fcfe_dcf_severe_fcf_quality_warning;ic_weight_fallback_for_uncovered_models
IAM,2023-03-31,88.5865740108299,84.525,0.04805174813167579,6,0.8107453660153214,ic_weight_fallback_for_uncovered_models
JET,2023-03-31,414.5804236747257,204.0,1.0322569787976748,2,0.4175,ic_weight_fallback_for_uncovered_models
LHM,2023-03-31,1018.8667181702197,1382.0,-0.2627592487914474,6,0.8489389844454562,ic_weight_fallback_for_uncovered_models;headline_review_shared_input_bias
MSA,2023-03-31,112.27974128266632,214.0,-0.47532831176324153,5,0.9581210383182914,fcff_dcf_excluded_cross_model_outlier;ic_weight_fallback_for_uncovered_models
SNA,2023-03-31,,11.37,,3,0.583787996577909,residual_income_severe_book_value_quality_warning;ic_weight_fallback_for_uncovered_models;headline_review_required_extreme_upside;headline_review_weak_model_coverage;headline_review_weak_method_class_agreement
ADH,2023-06-30,10.43494519810269,9.8,0.0647903263370091,2,0.37249999999999994,ic_weight_fallback_for_uncovered_models
ADI,2023-06-30,,81.2,,4,0.5933722481833603,ic_weight_fallback_for_uncovered_models;headline_review_required_extreme_upside;headline_review_weak_method_class_agreement;headline_review_lone_thin_comp
AFI,2023-06-30,244.07057466063645,355.5,-0.3134442344285895,6,0.9266819530007808,ic_weight_fallback_for_uncovered_models
AFM,2023-06-30,493.36549843048726,1200.0,-0.5888620846412607,3,0.7966779464252256,ic_weight_fallback_for_uncovered_models
AGM,2023-06-30,2864.8200539716954,6000.0,-0.5225299910047174,4,0.9045905704657624,ic_weight_fallback_for_uncovered_models
AKT,2023-06-30,111.3484609509199,347.5,-0.6795727742419571,3,0.48,justified_multiples_excluded_cross_model_outlier;ic_weight_fallback_for_uncovered_models
ALM,2023-06-30,1063.9975452344931,1345.0,-0.2089237581899679,3,0.46499999999999997,ic_weight_fallback_for_uncovered_models;headline_review_shared_input_bias
ARD,2023-06-30,147.75843079733363,446.0,-0.6687030699611354,3,0.7970756757795803,fcfe_dcf_terminal_value_dominates_dcf;ic_weight_fallback_for_uncovered_models
ATH,2023-06-30,30.835742570473393,75.4,-0.5910378969433238,4,0.5761898227115629,fcff_dcf_terminal_value_dominates_dcf;fcfe_dcf_terminal_value_dominates_dcf;ic_weight_fallback_for_uncovered_models
ATL,2023-06-30,,123.0,,0,,no_usable_valuation_models
ATW,2023-06-30,238.82705290833732,444.0,-0.46210123218842947,3,0.8119643995293597,ic_weight_fallback_for_uncovered_models
BAL,2023-06-30,55.40959791628356,155.0,-0.6425187231207512,3,0.51,fcff_dcf_severe_fcf_quality_warning;fcfe_dcf_severe_fcf_quality_warning;justified_multiples_excluded_cross_model_outlier;ic_weight_fallback_for_uncovered_models
BCI,2023-06-30,424.89246055785134,458.0,-0.0722872040221586,3,0.6980067260666583,ic_weight_fallback_for_uncovered_models
BCP,2023-06-30,147.52299629119815,264.0,-0.4412007716242494,3,0.6661942419287572,ic_weight_fallback_for_uncovered_models
BOA,2023-06-30,219.60781764032578,177.0,0.24072213356116268,3,0.7685718085535722,ic_weight_fallback_for_uncovered_models
CDM,2023-06-30,576.0814834980902,747.0,-0.22880658166252987,3,0.7269763780315495,ic_weight_fallback_for_uncovered_models
CIH,2023-06-30,216.40226444492703,368.3,-0.4124293661555063,3,0.791807894302287,ic_weight_fallback_for_uncovered_models
CMT,2023-06-30,,1800.0,,4,0.8014701560331194,fcff_dcf_severe_terminal_value_warning;justified_multiples_excluded_cross_model_outlier;ic_weight_fallback_for_uncovered_models;headline_review_shared_input_bias;headline_review_confident_downside_low_information
COL,2023-06-30,25.571541602723258,43.45,-0.4114719999373244,4,0.7417783691514157,fcff_dcf_severe_fcf_quality_warning;fcfe_dcf_severe_fcf_quality_warning;ic_weight_fallback_for_uncovered_models
CRS,2023-06-30,73.42061784374181,24.0,2.0591924101559087,1,0.675,headline_review_shared_input_bias
CSR,2023-06-30,72.60171231910705,195.0,-0.6276835265686818,3,0.783275535383567,fcff_dcf_severe_fcf_quality_warning;fcfe_dcf_severe_fcf_quality_warning;justified_multiples_excluded_cross_model_outlier;ic_weight_fallback_for_uncovered_models
CTM,2023-06-30,452.816417333573,624.0,-0.2743326645295304,3,0.571124414861164,ic_weight_fallback_for_uncovered_models
DHO,2023-06-30,31.15870788518499,31.0,0.005119609199515818,4,0.8862057202427533,fcff_dcf_severe_fcf_quality_warning;fcfe_dcf_severe_fcf_quality_warning;ic_weight_fallback_for_uncovered_models
DWY,2023-06-30,1093.2611885951217,710.0,0.5398044909790447,3,0.8095100802500464,fcff_dcf_severe_fcf_quality_warning;fcfe_dcf_severe_fcf_quality_warning;justified_multiples_excluded_cross_model_outlier;ic_weight_fallback_for_uncovered_models
DYT,2023-06-30,,206.0,,4,0.6342993389879392,ic_weight_fallback_for_uncovered_models;headline_review_lone_thin_comp
EQD,2023-06-30,,980.0,,0,,no_usable_valuation_models
FBR,2023-06-30,167.40069444444447,106.9,0.5659559817066835,2,0.6032402528010035,fcff_dcf_severe_fcf_quality_warning;fcfe_dcf_severe_fcf_quality_warning;ic_weight_fallback_for_uncovered_models
GAZ,2023-06-30,1246.5020186895226,4180.0,-0.7017937754331285,6,0.7981332674444351,ic_weight_fallback_for_uncovered_models
HPS,2023-06-30,285.24092283233733,5853.0,-0.9512658597586986,5,0.7519659135405372,fcfe_dcf_severe_fcf_quality_warning;ic_weight_fallback_for_uncovered_models
IAM,2023-06-30,66.47567687757618,95.5,-0.3039196138473699,6,0.7528411750977153,ic_weight_fallback_for_uncovered_models
IBC,2023-06-30,,25.0,,0,,no_usable_valuation_models
IMO,2023-06-30,21.173409444533313,97.0,-0.7817174284068731,5,0.7216377962561771,ic_weight_fallback_for_uncovered_models
INV,2023-06-30,124.73037913297503,95.0,0.31295135929447393,3,0.48,ic_weight_fallback_for_uncovered_models
JET,2023-06-30,294.126539673772,215.0,0.36803041708731166,3,0.495,ic_weight_fallback_for_uncovered_models
LBV,2023-06-30,1370.5561572052402,4600.0,-0.7020530093032087,3,0.5893432040638136,fcfe_dcf_terminal_value_dominates_dcf;justified_multiples_excluded_cross_model_outlier;ic_weight_fallback_for_uncovered_models
LES,2023-06-30,181.90030229236822,251.5,-0.2767383606665279,5,0.9481286678728458,fcff_dcf_terminal_value_dominates_dcf;ic_weight_fallback_for_uncovered_models
LHM,2023-06-30,,1780.0,,6,0.7479158221564228,ic_weight_fallback_for_uncovered_models;headline_review_shared_input_bias;headline_review_confident_downside_low_information
M2M,2023-06-30,,725.0,,1,0.675,headline_review_shared_input_bias;headline_review_confident_downside_low_information
MAB,2023-06-30,,940.0,,0,,no_usable_valuation_models
MDP,2023-06-30,11.669924448589743,24.97,-0.5326421926876355,2,0.5123891585754891,ic_weight_fallback_for_uncovered_models
MIC,2023-06-30,410.97900101810114,528.0,-0.22163067988996,4,0.889578643111324,fcfe_dcf_severe_fcf_quality_warning;justified_multiples_excluded_cross_model_outlier;ic_weight_fallback_for_uncovered_models
MLE,2023-06-30,,356.0,,0,,no_usable_valuation_models
MNG,2023-06-30,1186.0626119780777,1960.0,-0.39486601429689916,4,0.799914025759974,fcfe_dcf_severe_fcf_quality_warning;justified_multiples_excluded_cross_model_outlier;ic_weight_fallback_for_uncovered_models;headline_review_shared_input_bias
MOX,2023-06-30,404.4442615854271,216.9,0.8646577297622273,3,0.8232433435036133,fcff_dcf_terminal_value_dominates_dcf;fcfe_dcf_terminal_value_dominates_dcf;ddm_excluded_cross_model_outlier;ic_weight_fallback_for_uncovered_models
MSA,2023-06-30,74.17362098356051,252.0,-0.7056602341922202,6,0.8422625991075178,ic_weight_fallback_for_uncovered_models
MUT,2023-06-30,214.38496434375003,232.0,-0.0759268778286637,3,0.823762830656871,fcff_dcf_severe_fcf_quality_warning;fcfe_dcf_severe_fcf_quality_warning;justified_multiples_excluded_cross_model_outlier;ic_weight_fallback_for_uncovered_models
NKL,2023-06-30,,31.8,,0,,no_usable_valuation_models
OUL,2023-06-30,515.0946510803271,1590.0,-0.6760410999494798,3,0.48,fcfe_dcf_severe_fcf_quality_warning;ic_weight_fallback_for_uncovered_models
RDS,2023-06-30,,17.3,,1,0.675,headline_review_shared_input_bias;headline_review_required_extreme_upside;headline_review_weak_model_coverage
REB,2023-06-30,,93.5,,2,0.5025104744241112,fcff_dcf_severe_fcf_quality_warning;fcfe_dcf_severe_fcf_quality_warning;ic_weight_fallback_for_uncovered_models;headline_review_shared_input_bias;headline_review_confident_downside_low_information
RIS,2023-06-30,63.75982204180071,166.85,-0.6178614201869901,6,0.62,ic_weight_fallback_for_uncovered_models
S2M,2023-06-30,414.24020295212097,167.0,1.4804802571983293,4,0.7778568256541589,justified_multiples_excluded_cross_model_outlier;ic_weight_fallback_for_uncovered_models
SAH,2023-06-30,,1000.0,,0,,no_usable_valuation_models
SBM,2023-06-30,1114.460050003724,2550.0,-0.5629568431357945,6,0.8190080428917265,ic_weight_fallback_for_uncovered_models
SID,2023-06-30,533.1152316974359,580.0,-0.08083580741821395,4,0.7201947635441769,fcff_dcf_excluded_cross_model_outlier;ic_weight_fallback_for_uncovered_models;headline_review_shared_input_bias
SLF,2023-06-30,,550.0,,0,,no_usable_valuation_models
SMI,2023-06-30,747.9002516785475,1218.0,-0.3859603845003715,3,0.5186462222423766,ic_weight_fallback_for_uncovered_models;headline_review_shared_input_bias
SNA,2023-06-30,,11.5,,3,0.5989980083191271,residual_income_severe_book_value_quality_warning;ic_weight_fallback_for_uncovered_models;headline_review_required_extreme_upside;headline_review_weak_model_coverage;headline_review_weak_method_class_agreement;headline_review_lone_thin_comp
SNP,2023-06-30,,515.0,,0,,no_usable_valuation_models
SRM,2023-06-30,,155.0,,3,0.43499999999999994,ic_weight_fallback_for_uncovered_models;headline_review_required_extreme_upside;headline_review_weak_model_coverage;headline_review_weak_method_class_agreement
STR,2023-06-30,38.5268112,34.99,0.10108062875107149,1,0.585,headline_review_shared_input_bias
TGC,2023-06-30,89.28530552750586,146.5,-0.3905439895733389,3,0.813528908142829,fcff_dcf_terminal_value_dominates_dcf;fcfe_dcf_terminal_value_dominates_dcf;justified_multiples_excluded_cross_model_outlier;ic_weight_fallback_for_uncovered_models
TMA,2023-06-30,1344.1240380542815,1300.0,0.03394156773406265,4,0.6122436112417109,fcff_dcf_terminal_value_dominates_dcf;fcfe_dcf_severe_fcf_quality_warning;ic_weight_fallback_for_uncovered_models
TQM,2023-06-30,,1016.0,,0,,no_usable_valuation_models
WAA,2023-06-30,,4100.0,,0,,no_usable_valuation_models
ZDJ,2023-06-30,,88.0,,2,0.5879407129536096,ic_weight_fallback_for_uncovered_models;headline_review_shared_input_bias;headline_review_required_extreme_upside;headline_review_weak_model_coverage;headline_review_lone_thin_comp
ADH,2023-09-30,12.315669968340272,16.33,-0.24582547652539666,2,0.37249999999999994,ic_weight_fallback_for_uncovered_models
ADI,2023-09-30,,114.9,,3,0.48,ic_weight_fallback_for_uncovered_models;headline_review_required_extreme_upside;headline_review_weak_model_coverage;headline_review_weak_method_class_agreement;headline_review_lone_thin_comp
AFI,2023-09-30,244.07057466063645,324.9,-0.24878247257421826,6,0.9266819530007808,ic_weight_fallback_for_uncovered_models
AFM,2023-09-30,419.9261144705003,1247.0,-0.6632509106090615,3,0.84167821939923,justified_multiples_excluded_cross_model_outlier;ic_weight_fallback_for_uncovered_models
AGM,2023-09-30,2507.927973924194,6600.0,-0.6200109130417888,3,0.8580629228470129,justified_multiples_excluded_cross_model_outlier;ic_weight_fallback_for_uncovered_models
AKT,2023-09-30,93.85551166749819,479.0,-0.8040594745981249,4,0.781078063724906,fcff_dcf_terminal_value_dominates_dcf;fcfe_dcf_terminal_value_dominates_dcf;ic_weight_fallback_for_uncovered_models
ALM,2023-09-30,1165.864,1261.0,-0.07544488501189528,3,0.46499999999999997,fcfe_dcf_severe_fcf_quality_warning;ic_weight_fallback_for_uncovered_models;headline_review_shared_input_bias
ARD,2023-09-30,144.92666559445826,445.0,-0.6743220997877343,3,0.8171968866773289,residual_income_excluded_cross_model_outlier;ic_weight_fallback_for_uncovered_models
ATH,2023-09-30,30.42267579714021,68.97,-0.5588998724497577,4,0.6416129525234981,fcff_dcf_terminal_value_dominates_dcf;fcfe_dcf_terminal_value_dominates_dcf;ic_weight_fallback_for_uncovered_models
ATL,2023-09-30,,123.7,,0,,no_usable_valuation_models
ATW,2023-09-30,238.82705290833732,456.0,-0.4762564629203129,3,0.8119643995293597,ic_weight_fallback_for_uncovered_models
BAL,2023-09-30,63.62829687047559,161.15,-0.6051610495161304,3,0.5415472742722767,fcff_dcf_severe_fcf_quality_warning;fcfe_dcf_severe_fcf_quality_warning;justified_multiples_excluded_cross_model_outlier;ic_weight_fallback_for_uncovered_models
BCI,2023-09-30,424.89246055785134,559.0,-0.2399061528482087,3,0.6980067260666583,ic_weight_fallback_for_uncovered_models
BCP,2023-09-30,147.52299629119815,254.95,-0.4213649880713938,3,0.6661942419287572,ic_weight_fallback_for_uncovered_models
BOA,2023-09-30,219.60781764032578,183.5,0.19677284817616236,3,0.7685718085535722,ic_weight_fallback_for_uncovered_models
CDM,2023-09-30,576.0814834980902,700.0,-0.17702645214558543,3,0.7269763780315495,ic_weight_fallback_for_uncovered_models
CIH,2023-09-30,216.40226444492703,386.0,-0.4393723719043341,3,0.791807894302287,ic_weight_fallback_for_uncovered_models
CMT,2023-09-30,,1850.0,,4,0.7899634530125674,fcff_dcf_severe_terminal_value_warning;justified_multiples_excluded_cross_model_outlier;ic_weight_fallback_for_uncovered_models;headline_review_shared_input_bias;headline_review_confident_downside_low_information
COL,2023-09-30,22.639060730246694,45.0,-0.4969097615500735,4,0.6241444690093887,fcff_dcf_severe_fcf_quality_warning;fcfe_dcf_severe_fcf_quality_warning;ic_weight_fallback_for_uncovered_models
CRS,2023-09-30,60.2390068223981,23.04,1.6145402266665845,1,0.675,headline_review_shared_input_bias
CSR,2023-09-30,71.4222444111753,195.0,-0.6337320799426908,4,0.8551405114101529,fcff_dcf_severe_fcf_quality_warning;fcfe_dcf_severe_fcf_quality_warning;ic_weight_fallback_for_uncovered_models
CTM,2023-09-30,452.816417333573,583.0,-0.22329945568855403,3,0.571124414861164,ic_weight_fallback_for_uncovered_models
DHO,2023-09-30,24.199593431488026,34.51,-0.2987657655320769,3,0.6557103476641827,fcff_dcf_severe_fcf_quality_warning;fcfe_dcf_severe_fcf_quality_warning;ic_weight_fallback_for_uncovered_models
DWY,2023-09-30,906.1642857142857,699.0,0.2963723686899653,4,0.7587185313309328,fcff_dcf_severe_fcf_quality_warning;fcfe_dcf_severe_fcf_quality_warning;ic_weight_fallback_for_uncovered_models
DYT,2023-09-30,,183.95,,4,0.6342993389879392,ic_weight_fallback_for_uncovered_models;headline_review_lone_thin_comp
EQD,2023-09-30,,1100.0,,0,,no_usable_valuation_models
FBR,2023-09-30,171.83286808888892,97.43,0.7636546042172729,2,0.5327357971510569,fcff_dcf_severe_fcf_quality_warning;fcfe_dcf_severe_fcf_quality_warning;ic_weight_fallback_for_uncovered_models
GAZ,2023-09-30,1328.3675478970713,4200.0,-0.6837220124054593,6,0.8019122665153272,ic_weight_fallback_for_uncovered_models
HPS,2023-09-30,285.24092283233733,6306.0,-0.9547667423355,5,0.7519659135405372,fcfe_dcf_severe_fcf_quality_warning;ic_weight_fallback_for_uncovered_models
IAM,2023-09-30,66.47567687757618,101.188,-0.3430478230859768,6,0.7528411750977153,ic_weight_fallback_for_uncovered_models
IBC,2023-09-30,,23.55,,0,,no_usable_valuation_models
IMO,2023-09-30,14.844854592373643,96.8,-0.8466440641283715,5,0.8154932075833891,ic_weight_fallback_for_uncovered_models
INV,2023-09-30,80.23155321751766,90.5,-0.11346350035892094,3,0.46499999999999997,fcfe_dcf_severe_fcf_quality_warning;ic_weight_fallback_for_uncovered_models
JET,2023-09-30,377.7125536242977,228.0,0.6566340071241128,3,0.495,ic_weight_fallback_for_uncovered_models
LBV,2023-09-30,1370.5561572052402,4600.0,-0.7020530093032087,3,0.7859307615546649,fcfe_dcf_terminal_value_dominates_dcf;justified_multiples_excluded_cross_model_outlier;ic_weight_fallback_for_uncovered_models
LES,2023-09-30,181.90030229236822,275.0,-0.3385443553004792,5,0.9481286678728458,fcff_dcf_terminal_value_dominates_dcf;ic_weight_fallback_for_uncovered_models
LHM,2023-09-30,,1700.0,,6,0.8236071752907386,ic_weight_fallback_for_uncovered_models;headline_review_shared_input_bias;headline_review_confident_downside_low_information
M2M,2023-09-30,,730.0,,1,0.675,headline_review_shared_input_bias;headline_review_confident_downside_low_information
MAB,2023-09-30,,925.8,,0,,no_usable_valuation_models
MDP,2023-09-30,11.669924448589743,23.0,-0.4926119804960981,2,0.5123891585754891,ic_weight_fallback_for_uncovered_models
MIC,2023-09-30,347.3687725651981,530.5,-0.3452049527517471,5,0.8714124788730722,fcfe_dcf_severe_fcf_quality_warning;ic_weight_fallback_for_uncovered_models
MLE,2023-09-30,,379.0,,0,,no_usable_valuation_models
MNG,2023-09-30,1119.9766905284957,1651.0,-0.32163737702695594,3,0.6026351950280047,justified_multiples_excluded_cross_model_outlier;ic_weight_fallback_for_uncovered_models;headline_review_shared_input_bias
MOX,2023-09-30,404.4442615854271,220.0,0.8383830072064868,3,0.8232433435036133,fcff_dcf_terminal_value_dominates_dcf;fcfe_dcf_terminal_value_dominates_dcf;ddm_excluded_cross_model_outlier;ic_weight_fallback_for_uncovered_models
MSA,2023-09-30,48.42933458304472,269.0,-0.8199652989477891,5,0.8788656419717278,justified_multiples_excluded_cross_model_outlier;ic_weight_fallback_for_uncovered_models
MUT,2023-09-30,208.79326672867063,241.5,-0.13543160774877583,3,0.8006072486111477,fcff_dcf_severe_fcf_quality_warning;fcfe_dcf_severe_fcf_quality_warning;residual_income_excluded_cross_model_outlier;ic_weight_fallback_for_uncovered_models
NKL,2023-09-30,,31.76,,0,,no_usable_valuation_models
OUL,2023-09-30,596.4566587609684,1352.0,-0.5588338322773903,3,0.48,ic_weight_fallback_for_uncovered_models
RDS,2023-09-30,,21.8,,1,0.675,headline_review_shared_input_bias;headline_review_required_extreme_upside;headline_review_weak_model_coverage
REB,2023-09-30,,81.8,,2,0.5025104744241112,fcff_dcf_severe_fcf_quality_warning;fcfe_dcf_severe_fcf_quality_warning;ic_weight_fallback_for_uncovered_models;headline_review_shared_input_bias;headline_review_confident_downside_low_information
RIS,2023-09-30,94.40312710390951,210.0,-0.5504612995051927,5,0.6392367596308668,ic_weight_fallback_for_uncovered_models
S2M,2023-09-30,414.24020295212097,175.5,1.3603430367642222,4,0.7778568256541589,justified_multiples_excluded_cross_model_outlier;ic_weight_fallback_for_uncovered_models
SAH,2023-09-30,,1150.0,,0,,no_usable_valuation_models
SBM,2023-09-30,673.5093839026044,2700.0,-0.7505520800360724,4,0.53125,justified_multiples_excluded_cross_model_outlier;ic_weight_fallback_for_uncovered_models
SID,2023-09-30,562.5952187153846,550.0,0.022900397664335603,4,0.8811250499003056,fcff_dcf_excluded_cross_model_outlier;ic_weight_fallback_for_uncovered_models;headline_review_shared_input_bias
SLF,2023-09-30,,592.6,,0,,no_usable_valuation_models
SMI,2023-09-30,747.9002516785475,1315.0,-0.4312545614611806,3,0.5186462222423766,ic_weight_fallback_for_uncovered_models;headline_review_shared_input_bias
SNA,2023-09-30,,12.12,,3,0.5713230515011016,residual_income_severe_book_value_quality_warning;ic_weight_fallback_for_uncovered_models;headline_review_required_extreme_upside;headline_review_weak_model_coverage;headline_review_lone_thin_comp
SNP,2023-09-30,,471.0,,0,,no_usable_valuation_models
SRM,2023-09-30,,139.5,,3,0.43499999999999994,ic_weight_fallback_for_uncovered_models;headline_review_required_extreme_upside;headline_review_weak_model_coverage;headline_review_weak_method_class_agreement
STR,2023-09-30,46.798104,31.08,0.5057305019305021,1,0.585,headline_review_shared_input_bias
TGC,2023-09-30,89.28530552750586,153.0,-0.4164359115849291,3,0.813528908142829,fcff_dcf_terminal_value_dominates_dcf;fcfe_dcf_terminal_value_dominates_dcf;justified_multiples_excluded_cross_model_outlier;ic_weight_fallback_for_uncovered_models
TMA,2023-09-30,769.2080936921238,1150.0,-0.33112339678945757,3,0.8326316792533115,fcff_dcf_severe_fcf_quality_warning;fcfe_dcf_severe_fcf_quality_warning;justified_multiples_excluded_cross_model_outlier;ic_weight_fallback_for_uncovered_models
TQM,2023-09-30,,1037.0,,0,,no_usable_valuation_models
WAA,2023-09-30,,4150.0,,0,,no_usable_valuation_models
ZDJ,2023-09-30,,84.5,,2,0.5879407129536096,ic_weight_fallback_for_uncovered_models;headline_review_shared_input_bias;headline_review_required_extreme_upside;headline_review_weak_model_coverage;headline_review_lone_thin_comp
ADH,2023-12-31,,14.33,,2,0.37249999999999994,ic_weight_fallback_for_uncovered_models;headline_review_lone_thin_comp
ADI,2023-12-31,,115.5,,3,0.48,ic_weight_fallback_for_uncovered_models;headline_review_required_extreme_upside;headline_review_weak_model_coverage;headline_review_weak_method_class_agreement;headline_review_lone_thin_comp
AFI,2023-12-31,244.07057466063645,334.95,-0.27132236255967623,6,0.9266819530007808,ic_weight_fallback_for_uncovered_models
AFM,2023-12-31,419.9261144705003,1200.0,-0.6500615712745831,3,0.84167821939923,justified_multiples_excluded_cross_model_outlier;ic_weight_fallback_for_uncovered_models
AGM,2023-12-31,2507.927973924194,6380.0,-0.6069078410777126,3,0.8580629228470129,justified_multiples_excluded_cross_model_outlier;ic_weight_fallback_for_uncovered_models
AKT,2023-12-31,78.0009844926898,496.0,-0.842739950619577,3,0.5836632835160318,justified_multiples_excluded_cross_model_outlier;ic_weight_fallback_for_uncovered_models
ALM,2023-12-31,1165.864,1369.0,-0.14838276113951787,3,0.46499999999999997,fcfe_dcf_severe_fcf_quality_warning;ic_weight_fallback_for_uncovered_models;headline_review_shared_input_bias
ARD,2023-12-31,203.18715725716822,445.0,-0.5433996466131051,3,0.8282570341258726,ddm_excluded_cross_model_outlier;ic_weight_fallback_for_uncovered_models
ATH,2023-12-31,30.42267579714021,67.75,-0.5509568148023585,4,0.6416129525234981,fcff_dcf_terminal_value_dominates_dcf;fcfe_dcf_terminal_value_dominates_dcf;ic_weight_fallback_for_uncovered_models
ATL,2023-12-31,,127.0,,0,,no_usable_valuation_models
ATW,2023-12-31,238.82705290833732,460.0,-0.48081075454709277,3,0.8119643995293597,ic_weight_fallback_for_uncovered_models
BAL,2023-12-31,71.50531596514585,185.0,-0.6134847785667792,4,0.6024694500006914,fcff_dcf_severe_fcf_quality_warning;fcfe_dcf_severe_fcf_quality_warning;ic_weight_fallback_for_uncovered_models
BCI,2023-12-31,424.89246055785134,540.0,-0.21316211007805308,3,0.6980067260666583,ic_weight_fallback_for_uncovered_models
BCP,2023-12-31,147.52299629119815,275.0,-0.46355274075927944,3,0.6661942419287572,ic_weight_fallback_for_uncovered_models
BOA,2023-12-31,219.60781764032578,179.5,0.22344188100460038,3,0.7685718085535722,ic_weight_fallback_for_uncovered_models
CDM,2023-12-31,576.0814834980902,797.0,-0.2771875991241026,3,0.7269763780315495,ic_weight_fallback_for_uncovered_models
CFG,2023-12-31,,141.5,,0,,no_usable_valuation_models
CIH,2023-12-31,216.40226444492703,351.55,-0.3844338943395619,3,0.791807894302287,ic_weight_fallback_for_uncovered_models
CMT,2023-12-31,,1090.0,,4,0.8174853040044514,fcff_dcf_terminal_value_dominates_dcf;fcfe_dcf_terminal_value_dominates_dcf;ic_weight_fallback_for_uncovered_models;headline_review_shared_input_bias;headline_review_confident_downside_low_information
COL,2023-12-31,23.852788283735983,46.5,-0.487036811102452,4,0.6926802674825325,fcff_dcf_severe_fcf_quality_warning;fcfe_dcf_severe_fcf_quality_warning;ic_weight_fallback_for_uncovered_models
CRS,2023-12-31,,22.0,,2,0.395,ic_weight_fallback_for_uncovered_models;headline_review_lone_thin_comp
CSR,2023-12-31,74.49954376800648,195.0,-0.6179510575999667,4,0.6821941387018998,fcff_dcf_severe_fcf_quality_warning;fcfe_dcf_severe_fcf_quality_warning;ic_weight_fallback_for_uncovered_models
CTM,2023-12-31,452.816417333573,570.1,-0.20572457931315036,3,0.571124414861164,ic_weight_fallback_for_uncovered_models
DHO,2023-12-31,26.19894382451336,35.5,-0.26200158240807436,4,0.8218730992262868,fcff_dcf_severe_fcf_quality_warning;fcfe_dcf_severe_fcf_quality_warning;ic_weight_fallback_for_uncovered_models
DWY,2023-12-31,977.5468779354235,650.0,0.5039182737468053,4,0.7347012629508642,fcfe_dcf_severe_fcf_quality_warning;ic_weight_fallback_for_uncovered_models
DYT,2023-12-31,,191.4,,2,0.4175,ddm_terminal_value_dominates_dcf;ic_weight_fallback_for_uncovered_models;headline_review_lone_thin_comp
EQD,2023-12-31,,987.2,,0,,no_usable_valuation_models
FBR,2023-12-31,199.54270099259261,94.32,1.1155926737976318,2,0.47758663608622764,fcff_dcf_severe_fcf_quality_warning;fcfe_dcf_severe_fcf_quality_warning;ic_weight_fallback_for_uncovered_models
GAZ,2023-12-31,1895.9347915777164,4000.0,-0.5260163021055708,6,0.9100911602656301,ic_weight_fallback_for_uncovered_models
HPS,2023-12-31,285.24092283233733,622.0,-0.5414133073435091,5,0.7519659135405372,fcfe_dcf_severe_fcf_quality_warning;ic_weight_fallback_for_uncovered_models
IAM,2023-12-31,66.47567687757618,99.52,-0.3320370088667989,6,0.7528411750977153,ic_weight_fallback_for_uncovered_models
IBC,2023-12-31,,20.7,,0,,no_usable_valuation_models
IMO,2023-12-31,13.247362825686391,93.0,-0.8575552384334797,5,0.8173343484026936,ic_weight_fallback_for_uncovered_models
INV,2023-12-31,80.23155321751766,88.0,-0.08827780434639021,3,0.46499999999999997,fcfe_dcf_severe_fcf_quality_warning;ic_weight_fallback_for_uncovered_models
JET,2023-12-31,369.7925326147926,255.0,0.45016679456781405,2,0.4175,ic_weight_fallback_for_uncovered_models
LBV,2023-12-31,1370.5561572052402,4200.0,-0.6736771054273238,3,0.7565472535989267,fcff_dcf_terminal_value_dominates_dcf;fcfe_dcf_terminal_value_dominates_dcf;justified_multiples_excluded_cross_model_outlier;ic_weight_fallback_for_uncovered_models
LES,2023-12-31,181.90030229236822,270.0,-0.32629517669493247,5,0.9481286678728458,fcff_dcf_terminal_value_dominates_dcf;ic_weight_fallback_for_uncovered_models
LHM,2023-12-31,578.0413804266864,1920.0,-0.6989367810277676,6,0.8767779854653479,ic_weight_fallback_for_uncovered_models;headline_review_shared_input_bias
M2M,2023-12-31,,619.0,,1,0.675,headline_review_shared_input_bias;headline_review_confident_downside_low_information
MAB,2023-12-31,,910.0,,0,,no_usable_valuation_models
MDP,2023-12-31,11.669924448589743,20.49,-0.4304575671747318,2,0.5123891585754891,ic_weight_fallback_for_uncovered_models
MIC,2023-12-31,347.3687725651981,600.0,-0.4210520457246698,5,0.8714124788730722,fcfe_dcf_severe_fcf_quality_warning;ic_weight_fallback_for_uncovered_models
MLE,2023-12-31,,360.0,,0,,no_usable_valuation_models
MNG,2023-12-31,1171.2516233766232,1760.0,-0.33451612308146406,3,0.642630177846298,justified_multiples_excluded_cross_model_outlier;ic_weight_fallback_for_uncovered_models;headline_review_shared_input_bias
MOX,2023-12-31,404.4442615854271,230.0,0.7584533112409875,3,0.8232433435036133,fcff_dcf_terminal_value_dominates_dcf;fcfe_dcf_terminal_value_dominates_dcf;ddm_excluded_cross_model_outlier;ic_weight_fallback_for_uncovered_models
MSA,2023-12-31,41.2512555644652,278.0,-0.8516141886170316,5,0.824377725092271,justified_multiples_excluded_cross_model_outlier;ic_weight_fallback_for_uncovered_models
MUT,2023-12-31,208.79326672867063,250.0,-0.16482693308531748,4,0.6021999253957135,fcff_dcf_severe_fcf_quality_warning;fcfe_dcf_severe_fcf_quality_warning;ic_weight_fallback_for_uncovered_models
NKL,2023-12-31,,31.0,,0,,no_usable_valuation_models
OUL,2023-12-31,596.4566587609684,1349.0,-0.5578527362780071,3,0.48,ic_weight_fallback_for_uncovered_models
RDS,2023-12-31,,21.7,,1,0.675,headline_review_shared_input_bias;headline_review_required_extreme_upside;headline_review_weak_model_coverage
REB,2023-12-31,,83.81,,2,0.5025104744241112,fcff_dcf_severe_fcf_quality_warning;fcfe_dcf_severe_fcf_quality_warning;ic_weight_fallback_for_uncovered_models;headline_review_shared_input_bias;headline_review_confident_downside_low_information
RIS,2023-12-31,168.54304,207.0,-0.18578241545893726,4,0.6637668783025854,ic_weight_fallback_for_uncovered_models
S2M,2023-12-31,414.24020295212097,180.0,1.3013344608451165,4,0.7777255089122035,justified_multiples_excluded_cross_model_outlier;ic_weight_fallback_for_uncovered_models
SAH,2023-12-31,,1299.0,,0,,no_usable_valuation_models
SBM,2023-12-31,912.1187201397252,2257.0,-0.5958711917856778,4,0.8410753513668607,fcff_dcf_excluded_cross_model_outlier;justified_multiples_excluded_cross_model_outlier;ic_weight_fallback_for_uncovered_models
SID,2023-12-31,562.5952187153846,660.0,-0.14758300194638696,4,0.8811250499003056,fcff_dcf_excluded_cross_model_outlier;ic_weight_fallback_for_uncovered_models;headline_review_shared_input_bias
SLF,2023-12-31,,520.0,,0,,no_usable_valuation_models
SMI,2023-12-31,747.9002516785475,1323.0,-0.43469368731780234,3,0.5186462222423766,ic_weight_fallback_for_uncovered_models;headline_review_shared_input_bias
SNA,2023-12-31,,10.9,,3,0.5713230515011016,residual_income_severe_book_value_quality_warning;ic_weight_fallback_for_uncovered_models;headline_review_required_extreme_upside;headline_review_weak_model_coverage;headline_review_lone_thin_comp
SNP,2023-12-31,,490.0,,0,,no_usable_valuation_models
SRM,2023-12-31,,119.8,,3,0.43499999999999994,ic_weight_fallback_for_uncovered_models;headline_review_required_extreme_upside;headline_review_weak_model_coverage;headline_review_weak_method_class_agreement
STR,2023-12-31,46.798104,28.72,0.6294604456824513,1,0.585,headline_review_shared_input_bias
TGC,2023-12-31,89.28530552750586,186.0,-0.5199714756585707,3,0.813528908142829,fcff_dcf_terminal_value_dominates_dcf;fcfe_dcf_terminal_value_dominates_dcf;justified_multiples_excluded_cross_model_outlier;ic_weight_fallback_for_uncovered_models
TMA,2023-12-31,769.2080936921238,1160.0,-0.33688957440334155,3,0.8326316792533115,fcff_dcf_severe_fcf_quality_warning;fcfe_dcf_severe_fcf_quality_warning;justified_multiples_excluded_cross_model_outlier;ic_weight_fallback_for_uncovered_models
TQM,2023-12-31,,1100.0,,0,,no_usable_valuation_models
WAA,2023-12-31,,4000.0,,0,,no_usable_valuation_models
ZDJ,2023-12-31,,70.2,,2,0.5879407129536096,ic_weight_fallback_for_uncovered_models;headline_review_shared_input_bias;headline_review_required_extreme_upside;headline_review_weak_model_coverage;headline_review_lone_thin_comp
ADH,2024-03-31,,20.6,,2,0.4175,ic_weight_fallback_for_uncovered_models;headline_review_required_extreme_upside;headline_review_weak_model_coverage;headline_review_weak_method_class_agreement;headline_review_lone_thin_comp
ADI,2024-03-31,,202.0,,4,0.7896978776312364,ic_weight_fallback_for_uncovered_models;headline_review_required_extreme_upside;headline_review_weak_method_class_agreement;headline_review_lone_thin_comp
AFI,2024-03-31,290.3037397659077,320.0,-0.09280081323153833,6,0.905765687682252,ic_weight_fallback_for_uncovered_models
AFM,2024-03-31,511.45483908218785,1183.0,-0.5676628579186915,4,0.8797042903472656,ic_weight_fallback_for_uncovered_models
AGM,2024-03-31,3268.4079427495717,6610.0,-0.5055358634266911,3,0.8515232308461644,justified_multiples_excluded_cross_model_outlier;ic_weight_fallback_for_uncovered_models
AKT,2024-03-31,247.6354269028974,680.0,-0.6358302545545627,3,0.8211229750819233,fcff_dcf_terminal_value_dominates_dcf;fcfe_dcf_terminal_value_dominates_dcf;residual_income_excluded_cross_model_outlier;ic_weight_fallback_for_uncovered_models
ALM,2024-03-31,1365.3796559771554,1499.0,-0.08913965578575356,5,0.9410212834394347,justified_multiples_excluded_cross_model_outlier;ic_weight_fallback_for_uncovered_models;headline_review_shared_input_bias
ARD,2024-03-31,117.60532116747926,500.0,-0.7647893576650415,4,0.8541281566325885,fcff_dcf_terminal_value_dominates_dcf;fcfe_dcf_terminal_value_dominates_dcf;ic_weight_fallback_for_uncovered_models
ATH,2024-03-31,37.07364928449502,64.0,-0.4207242299297653,4,0.7426366386394914,fcff_dcf_terminal_value_dominates_dcf;fcfe_dcf_terminal_value_dominates_dcf;ic_weight_fallback_for_uncovered_models
ATL,2024-03-31,,124.0,,0,,no_usable_valuation_models
ATW,2024-03-31,443.2920441464539,507.9,-0.12720605602194535,3,0.7189182756165211,ic_weight_fallback_for_uncovered_models
BAL,2024-03-31,63.56890582106296,219.2,-0.7099958676046397,3,0.8453759321675314,fcff_dcf_terminal_value_dominates_dcf;fcfe_dcf_terminal_value_dominates_dcf;justified_multiples_excluded_cross_model_outlier;ic_weight_fallback_for_uncovered_models
BCI,2024-03-31,407.97855988619256,610.0,-0.33118268871115975,3,0.6282053845523345,ic_weight_fallback_for_uncovered_models
BCP,2024-03-31,345.658722568917,295.9,0.16816060347724582,3,0.814085023629362,ic_weight_fallback_for_uncovered_models
BOA,2024-03-31,206.34328528837509,195.0,0.05817069378653894,3,0.8392902872878714,ic_weight_fallback_for_uncovered_models
CDM,2024-03-31,855.6413972471468,900.0,-0.04928733639205918,3,0.7859797542220395,ic_weight_fallback_for_uncovered_models
CFG,2024-03-31,34.66889419111315,154.9,-0.776185318327223,3,0.7109251553032359,ic_weight_fallback_for_uncovered_models
CIH,2024-03-31,258.8349853847561,369.5,-0.29949936296412416,3,0.8426509778312594,ic_weight_fallback_for_uncovered_models
CMT,2024-03-31,536.8219110713023,1145.0,-0.5311599029944958,4,0.9064386146368149,ic_weight_fallback_for_uncovered_models;headline_review_shared_input_bias
COL,2024-03-31,32.04877027854999,49.5,-0.35255009538282855,4,0.8860377822259964,fcff_dcf_severe_fcf_quality_warning;fcfe_dcf_severe_fcf_quality_warning;ic_weight_fallback_for_uncovered_models
CRS,2024-03-31,37.69017062617202,24.5,0.5383743112723274,1,0.675,headline_review_shared_input_bias
CSR,2024-03-31,155.5673887876905,200.5,-0.22410279906388775,6,0.8612047411552364,ic_weight_fallback_for_uncovered_models
CTM,2024-03-31,488.89208926659546,571.0,-0.1437966913019344,5,0.8609738321856915,justified_multiples_excluded_cross_model_outlier;ic_weight_fallback_for_uncovered_models
DHO,2024-03-31,29.33560901610486,38.0,-0.22801028904987208,6,0.9367079323027825,ic_weight_fallback_for_uncovered_models
DWY,2024-03-31,1083.1017579119086,730.0,0.4837010382354914,3,0.8376264148688455,fcff_dcf_terminal_value_dominates_dcf;fcfe_dcf_terminal_value_dominates_dcf;justified_multiples_excluded_cross_model_outlier;ic_weight_fallback_for_uncovered_models
DYT,2024-03-31,,254.9,,3,0.8077021022140443,justified_multiples_excluded_cross_model_outlier;ic_weight_fallback_for_uncovered_models;headline_review_lone_thin_comp
EQD,2024-03-31,,1150.0,,0,,no_usable_valuation_models
FBR,2024-03-31,187.90804964454182,85.2,1.2054935404288947,3,0.6180197923955504,fcff_dcf_severe_fcf_quality_warning;fcfe_dcf_severe_fcf_quality_warning;ic_weight_fallback_for_uncovered_models
GAZ,2024-03-31,1772.5095178169163,4300.0,-0.5877884842286241,5,0.9636188954120728,fcff_dcf_excluded_cross_model_outlier;ic_weight_fallback_for_uncovered_models
HPS,2024-03-31,295.9878999229356,580.0,-0.48967603461562825,6,0.8666620755397301,ic_weight_fallback_for_uncovered_models
IAM,2024-03-31,61.921523008619126,100.438,-0.3834851051532375,6,0.6425,ic_weight_fallback_for_uncovered_models
IBC,2024-03-31,,21.3,,0,,no_usable_valuation_models
IMO,2024-03-31,31.169816619289676,93.3,-0.6659183642091139,3,0.854611793966702,fcff_dcf_terminal_value_dominates_dcf;fcfe_dcf_terminal_value_dominates_dcf;justified_multiples_excluded_cross_model_outlier;ic_weight_fallback_for_uncovered_models
INV,2024-03-31,83.62105039428627,84.35,-0.008641963316108114,3,0.7586328193634368,justified_multiples_excluded_cross_model_outlier;ic_weight_fallback_for_uncovered_models
JET,2024-03-31,,425.0,,3,0.8302244742316476,ddm_excluded_cross_model_outlier;ic_weight_fallback_for_uncovered_models;headline_review_required_extreme_upside;headline_review_weak_model_coverage;headline_review_weak_method_class_agreement
LBV,2024-03-31,2291.001370842254,4599.0,-0.5018479298016408,4,0.8529130324304475,fcff_dcf_terminal_value_dominates_dcf;fcfe_dcf_terminal_value_dominates_dcf;ic_weight_fallback_for_uncovered_models
LES,2024-03-31,151.2180260699055,269.0,-0.4378512042010948,3,0.8201282088605448,fcff_dcf_severe_fcf_quality_warning;fcfe_dcf_severe_fcf_quality_warning;justified_multiples_excluded_cross_model_outlier;ic_weight_fallback_for_uncovered_models
LHM,2024-03-31,893.1238649030561,1950.0,-0.5419877615881763,5,0.9860821113470317,fcff_dcf_excluded_cross_model_outlier;ic_weight_fallback_for_uncovered_models;headline_review_shared_input_bias
M2M,2024-03-31,292.80903719113354,486.0,-0.39751226915404625,1,0.675,headline_review_shared_input_bias
MAB,2024-03-31,,920.0,,0,,no_usable_valuation_models
MDP,2024-03-31,29.136218829009902,19.22,0.5159323011971855,3,0.48,justified_multiples_excluded_cross_model_outlier;ic_weight_fallback_for_uncovered_models
MIC,2024-03-31,206.33543493702174,659.0,-0.6868961533580853,5,0.6499999999999999,fcff_dcf_terminal_value_dominates_dcf;ic_weight_fallback_for_uncovered_models
MLE,2024-03-31,,385.0,,0,,no_usable_valuation_models
MNG,2024-03-31,889.3532710280372,1750.0,-0.4917981308411217,3,0.5742645124952568,fcff_dcf_terminal_value_dominates_dcf;ddm_terminal_value_dominates_dcf;ic_weight_fallback_for_uncovered_models;headline_review_shared_input_bias
MOX,2024-03-31,376.59322791443856,220.4,0.7086807074157828,3,0.495,fcff_dcf_terminal_value_dominates_dcf;fcfe_dcf_terminal_value_dominates_dcf;ddm_terminal_value_dominates_dcf;ic_weight_fallback_for_uncovered_models
MSA,2024-03-31,228.13754351729355,280.0,-0.1852230588668088,6,0.850035904157848,ic_weight_fallback_for_uncovered_models
MUT,2024-03-31,411.29831368986237,260.5,0.5788802828785504,3,0.8082597750293021,fcff_dcf_severe_terminal_value_warning;fcfe_dcf_severe_fcf_quality_warning;justified_multiples_excluded_cross_model_outlier;ic_weight_fallback_for_uncovered_models
NKL,2024-03-31,,32.65,,0,,no_usable_valuation_models
OUL,2024-03-31,1079.1709937469861,1335.0,-0.19163221442173328,3,0.8263000380751553,fcff_dcf_severe_fcf_quality_warning;fcfe_dcf_severe_fcf_quality_warning;justified_multiples_excluded_cross_model_outlier;ic_weight_fallback_for_uncovered_models
RDS,2024-03-31,,33.0,,1,0.675,headline_review_shared_input_bias;headline_review_required_extreme_upside;headline_review_weak_model_coverage
REB,2024-03-31,,71.75,,2,0.395,ic_weight_fallback_for_uncovered_models;headline_review_shared_input_bias;headline_review_confident_downside_low_information
RIS,2024-03-31,214.63752260257246,241.1,-0.1097572683427106,6,0.8565882472413728,ic_weight_fallback_for_uncovered_models
S2M,2024-03-31,,170.65,,5,0.7407524691552992,ic_weight_fallback_for_uncovered_models;headline_review_required_extreme_upside;headline_review_weak_method_class_agreement
SAH,2024-03-31,,1455.0,,0,,no_usable_valuation_models
SBM,2024-03-31,1971.2013710091826,2700.0,-0.26992541814474724,5,0.9102918660499156,justified_multiples_excluded_cross_model_outlier;ic_weight_fallback_for_uncovered_models
SID,2024-03-31,1027.192957746479,740.0,0.3880985915492958,3,0.8191651717671026,fcff_dcf_terminal_value_dominates_dcf;ddm_excluded_cross_model_outlier;ic_weight_fallback_for_uncovered_models;headline_review_shared_input_bias
SLF,2024-03-31,,599.0,,0,,no_usable_valuation_models
SMI,2024-03-31,981.5549405330434,1600.0,-0.38652816216684793,4,0.8377046381022752,ic_weight_fallback_for_uncovered_models;headline_review_shared_input_bias
SNA,2024-03-31,,10.31,,2,0.5872605745164012,residual_income_severe_book_value_quality_warning;ic_weight_fallback_for_uncovered_models;headline_review_required_extreme_upside;headline_review_weak_model_coverage;headline_review_lone_thin_comp
SNP,2024-03-31,,555.0,,0,,no_usable_valuation_models
SRM,2024-03-31,,94.03,,2,0.35,ic_weight_fallback_for_uncovered_models;headline_review_required_extreme_upside;headline_review_weak_model_coverage;headline_review_weak_method_class_agreement
STR,2024-03-31,,25.87,,1,0.63,headline_review_shared_input_bias;headline_review_required_extreme_upside;headline_review_weak_model_coverage
TGC,2024-03-31,129.10055351820898,255.0,-0.49372331953643533,3,0.8507987455531105,fcff_dcf_terminal_value_dominates_dcf;fcfe_dcf_terminal_value_dominates_dcf;residual_income_excluded_cross_model_outlier;ic_weight_fallback_for_uncovered_models
TMA,2024-03-31,615.6153731011005,1401.0,-0.5605885987857955,6,0.8176087583763666,ic_weight_fallback_for_uncovered_models
TQM,2024-03-31,,1201.0,,0,,no_usable_valuation_models
WAA,2024-03-31,,4295.0,,0,,no_usable_valuation_models
ZDJ,2024-03-31,,77.0,,2,0.3882558322304569,ic_weight_fallback_for_uncovered_models;headline_review_shared_input_bias;headline_review_required_extreme_upside;headline_review_weak_model_coverage;headline_review_weak_method_class_agreement;headline_review_lone_thin_comp
ADH,2024-06-30,,30.28,,2,0.4175,ic_weight_fallback_for_uncovered_models;headline_review_required_extreme_upside;headline_review_weak_model_coverage;headline_review_weak_method_class_agreement;headline_review_lone_thin_comp
ADI,2024-06-30,109.9303824139476,246.0,-0.5531285267725707,5,0.641,ic_weight_fallback_for_uncovered_models
AFI,2024-06-30,290.3037397659077,317.0,-0.08421533196874531,6,0.905765687682252,ic_weight_fallback_for_uncovered_models
AFM,2024-06-30,511.45483908218785,1248.0,-0.590180417402093,4,0.8797042903472656,ic_weight_fallback_for_uncovered_models
AGM,2024-06-30,3268.4079427495717,6825.0,-0.5211123893407221,3,0.8515232308461644,justified_multiples_excluded_cross_model_outlier;ic_weight_fallback_for_uncovered_models
AKT,2024-06-30,185.01017509072415,691.0,-0.7322573442970707,3,0.48,justified_multiples_excluded_cross_model_outlier;ic_weight_fallback_for_uncovered_models
ALM,2024-06-30,1141.7422689075631,1509.0,-0.24337821808643922,3,0.7706310803779128,ic_weight_fallback_for_uncovered_models;headline_review_shared_input_bias
ARD,2024-06-30,146.40500352449948,500.0,-0.707189992951001,3,0.5841404914024639,fcfe_dcf_severe_fcf_quality_warning;ic_weight_fallback_for_uncovered_models
ATH,2024-06-30,26.75466697567831,73.0,-0.633497712661941,3,0.495,fcff_dcf_terminal_value_dominates_dcf;ic_weight_fallback_for_uncovered_models
ATL,2024-06-30,,132.0,,0,,no_usable_valuation_models
ATW,2024-06-30,443.2920441464539,515.5,-0.1400736292018353,3,0.8110563338970489,ic_weight_fallback_for_uncovered_models
BAL,2024-06-30,38.44985195035644,235.0,-0.8363836087218874,6,0.7746273992524384,ic_weight_fallback_for_uncovered_models
BCI,2024-06-30,407.97855988619256,605.0,-0.3256552729153842,3,0.6282053845523345,ic_weight_fallback_for_uncovered_models
BCP,2024-06-30,345.658722568917,296.0,0.16776595462471966,3,0.814085023629362,ic_weight_fallback_for_uncovered_models
BOA,2024-06-30,206.34328528837509,193.9,0.0641737250560861,3,0.8392902872878714,ic_weight_fallback_for_uncovered_models
CDM,2024-06-30,855.6413972471468,950.0,-0.09932484500300343,3,0.8301723261937741,ic_weight_fallback_for_uncovered_models
CFG,2024-06-30,34.66844780210586,160.0,-0.7833222012368384,3,0.5329151885071622,ic_weight_fallback_for_uncovered_models
CIH,2024-06-30,258.8349853847561,388.0,-0.3328995222042368,3,0.8426509778312594,ic_weight_fallback_for_uncovered_models
CMT,2024-06-30,486.3745019920319,1290.0,-0.6229655023317582,3,0.6779295565503839,fcfe_dcf_severe_fcf_quality_warning;justified_multiples_excluded_cross_model_outlier;ic_weight_fallback_for_uncovered_models;headline_review_shared_input_bias
COL,2024-06-30,31.729932016286828,52.97,-0.4009829711858254,4,0.7527486761733463,fcff_dcf_severe_fcf_quality_warning;fcfe_dcf_severe_fcf_quality_warning;ic_weight_fallback_for_uncovered_models
CRS,2024-06-30,37.68989828295986,31.59,0.1930958620753358,1,0.675,headline_review_shared_input_bias
CSR,2024-06-30,107.77847123504515,195.95,-0.4499695267412853,5,0.873381178974667,justified_multiples_excluded_cross_model_outlier;ic_weight_fallback_for_uncovered_models
CTM,2024-06-30,488.89208926659546,695.0,-0.2965581449401504,5,0.8609738321856915,justified_multiples_excluded_cross_model_outlier;ic_weight_fallback_for_uncovered_models
DHO,2024-06-30,29.31705765775829,49.0,-0.40169270086207565,6,0.9368014014589645,ic_weight_fallback_for_uncovered_models
DWY,2024-06-30,359.0810471845802,697.0,-0.4848191575544043,6,0.8110824750615269,ic_weight_fallback_for_uncovered_models
DYT,2024-06-30,,258.5,,3,0.8077021022140443,justified_multiples_excluded_cross_model_outlier;ic_weight_fallback_for_uncovered_models;headline_review_lone_thin_comp
EQD,2024-06-30,,1058.0,,0,,no_usable_valuation_models
FBR,2024-06-30,171.90080767058822,98.1,0.7523018111171074,2,0.42087130495871317,fcff_dcf_severe_fcf_quality_warning;fcfe_dcf_severe_fcf_quality_warning;ic_weight_fallback_for_uncovered_models
GAZ,2024-06-30,1075.7280653153962,3900.0,-0.7241722909447702,6,0.719739498320416,ic_weight_fallback_for_uncovered_models
HPS,2024-06-30,295.9878999229356,520.0,-0.4307925001482008,6,0.8666620755397301,ic_weight_fallback_for_uncovered_models
IAM,2024-06-30,61.921523008619126,91.125,-0.32047711376000965,6,0.6425,ic_weight_fallback_for_uncovered_models
IBC,2024-06-30,,33.4,,0,,no_usable_valuation_models
IMO,2024-06-30,23.224089273793147,92.6,-0.7491998998510458,4,0.827742406102357,fcff_dcf_severe_fcf_quality_warning;fcfe_dcf_severe_fcf_quality_warning;ic_weight_fallback_for_uncovered_models
INV,2024-06-30,83.62105039428627,84.02,-0.004748269527656834,3,0.7586328193634368,justified_multiples_excluded_cross_model_outlier;ic_weight_fallback_for_uncovered_models
JET,2024-06-30,390.5215617785093,575.0,-0.3208320664721578,3,0.495,fcfe_dcf_severe_fcf_quality_warning;ic_weight_fallback_for_uncovered_models
LBV,2024-06-30,2307.6738717939425,4390.0,-0.4743339699786008,4,0.8292549365609663,fcff_dcf_terminal_value_dominates_dcf;fcfe_dcf_terminal_value_dominates_dcf;ic_weight_fallback_for_uncovered_models
LES,2024-06-30,151.2180260699055,300.0,-0.49593991310031493,3,0.8201282088605448,fcff_dcf_severe_fcf_quality_warning;fcfe_dcf_severe_fcf_quality_warning;justified_multiples_excluded_cross_model_outlier;ic_weight_fallback_for_uncovered_models
LHM,2024-06-30,717.6613618273517,1900.0,-0.6222834937750781,5,0.859483486173827,justified_multiples_excluded_cross_model_outlier;ic_weight_fallback_for_uncovered_models;headline_review_shared_input_bias
M2M,2024-06-30,281.24371940227235,452.1,-0.3779170108332839,1,0.675,headline_review_shared_input_bias
MAB,2024-06-30,,972.0,,0,,no_usable_valuation_models
MDP,2024-06-30,23.968532787888265,18.98,0.2628310214904248,2,0.5160306314998193,ic_weight_fallback_for_uncovered_models
MIC,2024-06-30,206.33543493702174,649.5,-0.6823164974025839,5,0.6499999999999999,fcff_dcf_terminal_value_dominates_dcf;ic_weight_fallback_for_uncovered_models
MLE,2024-06-30,,414.45,,0,,no_usable_valuation_models
MNG,2024-06-30,889.3532710280372,2500.0,-0.6442586915887851,4,0.56875,fcff_dcf_terminal_value_dominates_dcf;fcfe_dcf_terminal_value_dominates_dcf;ic_weight_fallback_for_uncovered_models;headline_review_shared_input_bias
MOX,2024-06-30,376.59322791443856,204.0,0.8460452348746987,3,0.495,fcff_dcf_terminal_value_dominates_dcf;fcfe_dcf_terminal_value_dominates_dcf;ddm_terminal_value_dominates_dcf;ic_weight_fallback_for_uncovered_models
MSA,2024-06-30,228.13754351729355,312.0,-0.26878992462405915,6,0.850035904157848,ic_weight_fallback_for_uncovered_models
MUT,2024-06-30,426.75758800821797,264.75,0.6119266780291519,3,0.49761498934530457,fcfe_dcf_severe_fcf_quality_warning;ic_weight_fallback_for_uncovered_models
NKL,2024-06-30,,35.2,,0,,no_usable_valuation_models
OUL,2024-06-30,794.6484695800061,1336.0,-0.40520324133233077,3,0.51,ic_weight_fallback_for_uncovered_models
RDS,2024-06-30,,79.05,,1,0.675,headline_review_shared_input_bias;headline_review_required_extreme_upside;headline_review_weak_model_coverage
REB,2024-06-30,,70.85,,2,0.4175,ic_weight_fallback_for_uncovered_models;headline_review_shared_input_bias;headline_review_confident_downside_low_information
RIS,2024-06-30,485.44746889411783,240.0,1.0226977870588243,6,0.7826921416887317,ic_weight_fallback_for_uncovered_models
S2M,2024-06-30,,176.95,,5,0.7407524691552992,ic_weight_fallback_for_uncovered_models;headline_review_required_extreme_upside;headline_review_weak_method_class_agreement
SAH,2024-06-30,,1950.0,,0,,no_usable_valuation_models
SBM,2024-06-30,1971.2013710091826,2449.0,-0.19509948100890873,5,0.9102918660499156,justified_multiples_excluded_cross_model_outlier;ic_weight_fallback_for_uncovered_models
SID,2024-06-30,871.990426453846,833.0,0.046807234638470696,4,0.6360198739143812,fcff_dcf_excluded_cross_model_outlier;ic_weight_fallback_for_uncovered_models;headline_review_shared_input_bias
SLF,2024-06-30,,531.0,,0,,no_usable_valuation_models
SMI,2024-06-30,981.5549405330434,2350.0,-0.5823170465816837,4,0.8377046381022752,ic_weight_fallback_for_uncovered_models;headline_review_shared_input_bias
SNA,2024-06-30,,10.99,,2,0.395,residual_income_severe_book_value_quality_warning;ic_weight_fallback_for_uncovered_models;headline_review_required_extreme_upside;headline_review_weak_model_coverage;headline_review_weak_method_class_agreement;headline_review_lone_thin_comp
SNP,2024-06-30,,509.9,,0,,no_usable_valuation_models
SRM,2024-06-30,,107.5,,2,0.35,ic_weight_fallback_for_uncovered_models;headline_review_required_extreme_upside;headline_review_weak_model_coverage;headline_review_weak_method_class_agreement
STR,2024-06-30,43.45495555555556,34.0,0.27808692810457525,1,0.63,headline_review_shared_input_bias
TGC,2024-06-30,129.10055351820898,310.0,-0.5835466015541646,3,0.8507987455531105,fcff_dcf_terminal_value_dominates_dcf;fcfe_dcf_terminal_value_dominates_dcf;residual_income_excluded_cross_model_outlier;ic_weight_fallback_for_uncovered_models
TMA,2024-06-30,615.6238029159946,1379.0,-0.5535722966526508,6,0.817622738635723,ic_weight_fallback_for_uncovered_models
TQM,2024-06-30,,1300.0,,0,,no_usable_valuation_models
WAA,2024-06-30,,3900.0,,0,,no_usable_valuation_models
ZDJ,2024-06-30,,75.36,,2,0.3882558322304569,ic_weight_fallback_for_uncovered_models;headline_review_shared_input_bias;headline_review_required_extreme_upside;headline_review_weak_model_coverage;headline_review_weak_method_class_agreement;headline_review_lone_thin_comp
ADH,2024-09-30,,39.25,,2,0.4175,ic_weight_fallback_for_uncovered_models;headline_review_required_extreme_upside;headline_review_weak_model_coverage;headline_review_weak_method_class_agreement;headline_review_lone_thin_comp
ADI,2024-09-30,,323.0,,3,0.7914984436153936,fcfe_dcf_terminal_value_dominates_dcf;justified_multiples_excluded_cross_model_outlier;ic_weight_fallback_for_uncovered_models;headline_review_required_extreme_upside;headline_review_weak_model_coverage;headline_review_weak_method_class_agreement;headline_review_lone_thin_comp
AFI,2024-09-30,290.3037397659077,310.75,-0.06579649311051416,6,0.905765687682252,ic_weight_fallback_for_uncovered_models
AFM,2024-09-30,511.45483908218785,1160.0,-0.5590906559636312,4,0.8722530296295403,ic_weight_fallback_for_uncovered_models
AGM,2024-09-30,2612.104709501139,6956.0,-0.6244817841430219,3,0.8576454521984256,justified_multiples_excluded_cross_model_outlier;ic_weight_fallback_for_uncovered_models
AKT,2024-09-30,185.01017509072415,1071.0,-0.8272547384773817,3,0.8210639890466812,ic_weight_fallback_for_uncovered_models
ALM,2024-09-30,1141.7422689075631,1385.0,-0.17563735096926847,3,0.6405922914654005,ddm_terminal_value_dominates_dcf;ic_weight_fallback_for_uncovered_models;headline_review_shared_input_bias
ARD,2024-09-30,146.40500352449948,497.0,-0.7054225281197193,3,0.5841404914024639,fcfe_dcf_terminal_value_dominates_dcf;ic_weight_fallback_for_uncovered_models
ATH,2024-09-30,21.825136136444875,72.5,-0.698963639497312,3,0.667619198205843,fcff_dcf_terminal_value_dominates_dcf;ic_weight_fallback_for_uncovered_models
ATL,2024-09-30,,139.95,,0,,no_usable_valuation_models
ATW,2024-09-30,379.1193545802643,543.0,-0.3018059768319258,3,0.8390458303285744,ic_weight_fallback_for_uncovered_models
BAL,2024-09-30,34.469181481546826,230.0,-0.8501339935584921,5,0.7349717318869597,ic_weight_fallback_for_uncovered_models
BCI,2024-09-30,407.97855988619256,610.0,-0.33118268871115975,3,0.6282053845523345,ic_weight_fallback_for_uncovered_models
BCP,2024-09-30,330.17896283669245,287.9,0.14685294489993916,3,0.8387080346320614,ic_weight_fallback_for_uncovered_models
BOA,2024-09-30,176.5135613537903,193.0,-0.08542196189745965,3,0.7639093256995975,ic_weight_fallback_for_uncovered_models
CDM,2024-09-30,794.1120621430966,891.2,-0.10894068430981085,3,0.7287898238606704,ic_weight_fallback_for_uncovered_models
CFG,2024-09-30,29.021905853080202,188.0,-0.8456281603559563,3,0.5731553818608625,ic_weight_fallback_for_uncovered_models
CIH,2024-09-30,258.8349853847561,408.0,-0.3656005260177546,3,0.8426509778312594,ic_weight_fallback_for_uncovered_models
CMT,2024-09-30,486.3745019920319,1621.0,-0.6999540394867169,4,0.8806391789338508,ic_weight_fallback_for_uncovered_models;headline_review_shared_input_bias
COL,2024-09-30,24.543077911611068,53.7,-0.5429594429867586,4,0.6805605657389112,fcff_dcf_severe_fcf_quality_warning;fcfe_dcf_severe_fcf_quality_warning;ic_weight_fallback_for_uncovered_models
CRS,2024-09-30,37.68989828295986,37.0,0.018645899539455613,1,0.675,headline_review_shared_input_bias
CSR,2024-09-30,99.47010160689217,190.8,-0.47866823057184404,5,0.8640865531271715,justified_multiples_excluded_cross_model_outlier;ic_weight_fallback_for_uncovered_models
CTM,2024-09-30,488.89208926659546,660.5,-0.2598151562958434,5,0.8609738321856915,justified_multiples_excluded_cross_model_outlier;ic_weight_fallback_for_uncovered_models
DHO,2024-09-30,15.542060891778593,58.0,-0.732033432900369,4,0.863254092138797,justified_multiples_excluded_cross_model_outlier;ic_weight_fallback_for_uncovered_models
DWY,2024-09-30,880.7895226311819,662.3,0.3298950968310159,5,0.7132444377681146,ic_weight_fallback_for_uncovered_models
DYT,2024-09-30,,245.0,,3,0.8077021022140443,justified_multiples_excluded_cross_model_outlier;ic_weight_fallback_for_uncovered_models;headline_review_lone_thin_comp
EQD,2024-09-30,,1080.0,,0,,no_usable_valuation_models
FBR,2024-09-30,168.67863534705882,107.0,0.5764358443650357,3,0.44999999999999996,fcff_dcf_severe_fcf_quality_warning;fcfe_dcf_severe_fcf_quality_warning;ic_weight_fallback_for_uncovered_models
GAZ,2024-09-30,924.8696046232737,3805.0,-0.7569330868269977,4,0.56875,fcfe_dcf_terminal_value_dominates_dcf;ic_weight_fallback_for_uncovered_models
HPS,2024-09-30,295.9878999229356,546.1,-0.4579968871581477,6,0.8666620755397301,ic_weight_fallback_for_uncovered_models
IAM,2024-09-30,61.921523008619126,94.5,-0.3447457882685807,6,0.6425,ic_weight_fallback_for_uncovered_models
IBC,2024-09-30,,38.5,,0,,no_usable_valuation_models
IMO,2024-09-30,24.763868683270793,91.9,-0.73053461715701,4,0.8443403390203572,fcff_dcf_severe_fcf_quality_warning;fcfe_dcf_severe_fcf_quality_warning;ic_weight_fallback_for_uncovered_models
INV,2024-09-30,83.62105039428627,101.95,-0.1797837136411352,3,0.7586328193634368,justified_multiples_excluded_cross_model_outlier;ic_weight_fallback_for_uncovered_models
JET,2024-09-30,557.0227234847431,980.0,-0.43160946583189475,4,0.8426731545436079,fcff_dcf_terminal_value_dominates_dcf;fcfe_dcf_terminal_value_dominates_dcf;ic_weight_fallback_for_uncovered_models
LBV,2024-09-30,1093.3885978835979,4480.0,-0.7559400451152684,3,0.7833394026897618,fcfe_dcf_terminal_value_dominates_dcf;justified_multiples_excluded_cross_model_outlier;ic_weight_fallback_for_uncovered_models
LES,2024-09-30,151.2180260699055,290.0,-0.47855853079342925,3,0.8201282088605448,fcff_dcf_severe_fcf_quality_warning;fcfe_dcf_severe_fcf_quality_warning;justified_multiples_excluded_cross_model_outlier;ic_weight_fallback_for_uncovered_models
LHM,2024-09-30,821.2507100441709,1880.0,-0.5631645159339517,5,0.9242224430331745,justified_multiples_excluded_cross_model_outlier;ic_weight_fallback_for_uncovered_models;headline_review_shared_input_bias
M2M,2024-09-30,284.24867368323663,549.0,-0.4822428530359989,1,0.675,headline_review_shared_input_bias
MAB,2024-09-30,,925.0,,0,,no_usable_valuation_models
MDP,2024-09-30,26.427562777684184,21.29,0.24131342309460702,2,0.4960704618496279,ic_weight_fallback_for_uncovered_models
MIC,2024-09-30,295.30082562431755,658.0,-0.5512145507229216,5,0.9766971191702252,fcfe_dcf_excluded_cross_model_outlier;ic_weight_fallback_for_uncovered_models
MLE,2024-09-30,,370.0,,0,,no_usable_valuation_models
MNG,2024-09-30,889.3532710280372,2758.0,-0.6775368850514731,3,0.7747017603298574,fcff_dcf_terminal_value_dominates_dcf;fcfe_dcf_terminal_value_dominates_dcf;ddm_terminal_value_dominates_dcf;ic_weight_fallback_for_uncovered_models;headline_review_shared_input_bias
MOX,2024-09-30,376.59322791443856,220.0,0.7117873996110844,3,0.495,fcff_dcf_terminal_value_dominates_dcf;fcfe_dcf_terminal_value_dominates_dcf;ddm_terminal_value_dominates_dcf;ic_weight_fallback_for_uncovered_models
MSA,2024-09-30,140.2389774260484,472.0,-0.7028835224024399,6,0.9221930288464277,ic_weight_fallback_for_uncovered_models
MUT,2024-09-30,439.44943714408646,299.0,0.4697305590103227,3,0.818851477889528,fcff_dcf_terminal_value_dominates_dcf;fcfe_dcf_terminal_value_dominates_dcf;justified_multiples_excluded_cross_model_outlier;ic_weight_fallback_for_uncovered_models
NKL,2024-09-30,,34.0,,0,,no_usable_valuation_models
OUL,2024-09-30,827.6169282593023,1315.0,-0.37063351463170924,3,0.51,ic_weight_fallback_for_uncovered_models
RDS,2024-09-30,,75.78,,1,0.675,headline_review_shared_input_bias;headline_review_required_extreme_upside;headline_review_weak_model_coverage
REB,2024-09-30,,104.45,,1,0.675,ddm_severe_dividend_quality_warning;headline_review_shared_input_bias;headline_review_confident_downside_low_information
RIS,2024-09-30,178.04118542010397,219.8,-0.18998550764283917,5,0.7423495081916098,fcff_dcf_terminal_value_dominates_dcf;ic_weight_fallback_for_uncovered_models
S2M,2024-09-30,,230.35,,5,0.7407524691552992,ic_weight_fallback_for_uncovered_models;headline_review_required_extreme_upside;headline_review_weak_method_class_agreement
SAH,2024-09-30,,1968.0,,0,,no_usable_valuation_models
SBM,2024-09-30,835.0285346589163,2567.0,-0.6747064531909168,5,0.611,justified_multiples_excluded_cross_model_outlier;ic_weight_fallback_for_uncovered_models
SID,2024-09-30,590.0944517293158,850.0,-0.3057712332596285,5,0.641,ic_weight_fallback_for_uncovered_models;headline_review_shared_input_bias
SLF,2024-09-30,,575.0,,0,,no_usable_valuation_models
SMI,2024-09-30,981.5549405330434,2299.0,-0.5730513525302117,4,0.8377046381022752,ic_weight_fallback_for_uncovered_models;headline_review_shared_input_bias
SNA,2024-09-30,,15.84,,2,0.395,residual_income_severe_book_value_quality_warning;ic_weight_fallback_for_uncovered_models;headline_review_required_extreme_upside;headline_review_weak_model_coverage;headline_review_weak_method_class_agreement;headline_review_lone_thin_comp
SNP,2024-09-30,,476.0,,0,,no_usable_valuation_models
SRM,2024-09-30,,462.7,,2,0.35,ic_weight_fallback_for_uncovered_models;headline_review_required_extreme_upside;headline_review_weak_model_coverage;headline_review_weak_method_class_agreement
STR,2024-09-30,60.74014074074074,60.79,-0.0008201885056630109,1,0.63,fcfe_dcf_terminal_value_dominates_dcf;headline_review_shared_input_bias
TGC,2024-09-30,129.10055351820898,424.0,-0.6955175624570542,3,0.8507987455531105,fcff_dcf_terminal_value_dominates_dcf;fcfe_dcf_terminal_value_dominates_dcf;residual_income_excluded_cross_model_outlier;ic_weight_fallback_for_uncovered_models
TMA,2024-09-30,811.9150965140145,1740.0,-0.5333821284402216,4,0.6381984595343692,fcff_dcf_terminal_value_dominates_dcf;fcfe_dcf_terminal_value_dominates_dcf;ic_weight_fallback_for_uncovered_models
TQM,2024-09-30,,1450.0,,0,,no_usable_valuation_models
WAA,2024-09-30,,4500.0,,0,,no_usable_valuation_models
ZDJ,2024-09-30,,147.95,,2,0.3882558322304569,fcfe_dcf_severe_fcf_quality_warning;ic_weight_fallback_for_uncovered_models;headline_review_shared_input_bias;headline_review_required_extreme_upside;headline_review_weak_model_coverage;headline_review_weak_method_class_agreement;headline_review_lone_thin_comp
ADH,2024-12-31,,39.3,,2,0.4175,ic_weight_fallback_for_uncovered_models;headline_review_required_extreme_upside;headline_review_weak_model_coverage;headline_review_weak_method_class_agreement;headline_review_lone_thin_comp
ADI,2024-12-31,,480.0,,4,0.8480979330074105,ic_weight_fallback_for_uncovered_models;headline_review_required_extreme_upside;headline_review_weak_method_class_agreement;headline_review_lone_thin_comp
AFI,2024-12-31,290.3037397659077,303.95,-0.04489639820395552,6,0.905765687682252,ic_weight_fallback_for_uncovered_models
AFM,2024-12-31,511.45483908218785,1101.0,-0.5354633614149066,4,0.8722530296295403,ic_weight_fallback_for_uncovered_models
AGM,2024-12-31,2612.104709501139,6875.0,-0.6200574967998342,3,0.8576454521984256,justified_multiples_excluded_cross_model_outlier;ic_weight_fallback_for_uncovered_models
AKT,2024-12-31,170.74797570238673,1052.0,-0.837692038305716,3,0.7335492992236716,justified_multiples_excluded_cross_model_outlier;ic_weight_fallback_for_uncovered_models
ALM,2024-12-31,1141.7422689075631,1442.0,-0.20822311448851383,3,0.8061028726664583,fcff_dcf_terminal_value_dominates_dcf;fcfe_dcf_terminal_value_dominates_dcf;justified_multiples_excluded_cross_model_outlier;ic_weight_fallback_for_uncovered_models;headline_review_shared_input_bias
ARD,2024-12-31,146.40500352449948,479.95,-0.6949578007615387,3,0.5841404914024639,fcfe_dcf_terminal_value_dominates_dcf;ic_weight_fallback_for_uncovered_models
ATH,2024-12-31,24.027846108864455,66.0,-0.6359417256232658,3,0.7314504166124809,fcff_dcf_terminal_value_dominates_dcf;ic_weight_fallback_for_uncovered_models
ATL,2024-12-31,,127.5,,0,,no_usable_valuation_models
ATW,2024-12-31,379.1193545802643,569.0,-0.3337093944107833,3,0.8390458303285744,ic_weight_fallback_for_uncovered_models
BAL,2024-12-31,34.469181481546826,219.0,-0.8426064772532108,5,0.7349717318869597,ic_weight_fallback_for_uncovered_models
BCI,2024-12-31,407.97855988619256,580.0,-0.2965886898513922,3,0.6282053845523345,ic_weight_fallback_for_uncovered_models
BCP,2024-12-31,330.17896283669245,275.0,0.2006507739516088,3,0.8387080346320614,ic_weight_fallback_for_uncovered_models
BOA,2024-12-31,176.5135613537903,205.0,-0.13895823729858392,3,0.7639093256995975,ic_weight_fallback_for_uncovered_models
CDM,2024-12-31,794.1120621430966,930.0,-0.14611606221172402,3,0.7287898238606704,ic_weight_fallback_for_uncovered_models
CFG,2024-12-31,29.021905853080202,222.0,-0.8692706943554946,3,0.5731553818608625,ic_weight_fallback_for_uncovered_models
CIH,2024-12-31,258.8349853847561,395.0,-0.34472155598795917,3,0.8426509778312594,ic_weight_fallback_for_uncovered_models
CMG,2024-12-31,,290.0,,0,,no_usable_valuation_models
CMT,2024-12-31,478.84846212531215,1616.0,-0.703682882348198,3,0.8383651504234593,justified_multiples_excluded_cross_model_outlier;ic_weight_fallback_for_uncovered_models;headline_review_shared_input_bias
COL,2024-12-31,26.934572576722147,56.0,-0.5190254897013902,4,0.7591697672906738,fcff_dcf_severe_fcf_quality_warning;fcfe_dcf_severe_fcf_quality_warning;ic_weight_fallback_for_uncovered_models
CRS,2024-12-31,28.114282362286133,35.0,-0.19673478964896762,1,0.675,headline_review_shared_input_bias
CSR,2024-12-31,117.32676041062578,190.0,-0.382490734680917,5,0.8884750976917863,justified_multiples_excluded_cross_model_outlier;ic_weight_fallback_for_uncovered_models
CTM,2024-12-31,488.89208926659546,1097.0,-0.554337202127078,5,0.8609738321856915,justified_multiples_excluded_cross_model_outlier;ic_weight_fallback_for_uncovered_models
DHO,2024-12-31,26.113421227574786,57.0,-0.5418698030250038,4,0.8219700708896762,fcff_dcf_terminal_value_dominates_dcf;fcfe_dcf_terminal_value_dominates_dcf;ic_weight_fallback_for_uncovered_models
DWY,2024-12-31,974.0216045676999,638.0,0.5266796309838557,5,0.8921997187436317,ic_weight_fallback_for_uncovered_models
DYT,2024-12-31,,259.5,,3,0.8077021022140443,justified_multiples_excluded_cross_model_outlier;ic_weight_fallback_for_uncovered_models;headline_review_lone_thin_comp
EQD,2024-12-31,,1219.0,,0,,no_usable_valuation_models
FBR,2024-12-31,178.8873882882353,106.45,0.6804827457795706,2,0.48949766615656987,fcff_dcf_severe_fcf_quality_warning;fcfe_dcf_severe_fcf_quality_warning;ic_weight_fallback_for_uncovered_models
GAZ,2024-12-31,1589.6391991305054,3760.0,-0.5772236172525251,6,0.8458506039593561,ic_weight_fallback_for_uncovered_models
HPS,2024-12-31,295.9878999229356,607.0,-0.5123757826640271,6,0.8666620755397301,ic_weight_fallback_for_uncovered_models
IAM,2024-12-31,61.921523008619126,82.775,-0.2519296525687814,6,0.6425,ic_weight_fallback_for_uncovered_models
IBC,2024-12-31,,34.92,,0,,no_usable_valuation_models
IMO,2024-12-31,14.274700016514622,90.0,-0.8413922220387264,3,0.8525551143799799,fcff_dcf_severe_fcf_quality_warning;fcfe_dcf_severe_fcf_quality_warning;ic_weight_fallback_for_uncovered_models
INV,2024-12-31,83.62105039428627,96.23,-0.1310293006932738,3,0.7586328193634368,justified_multiples_excluded_cross_model_outlier;ic_weight_fallback_for_uncovered_models
JET,2024-12-31,557.0227234847431,1890.0,-0.7052789822832047,4,0.8426731545436079,fcff_dcf_terminal_value_dominates_dcf;fcfe_dcf_terminal_value_dominates_dcf;ic_weight_fallback_for_uncovered_models
LBV,2024-12-31,1093.3885978835979,4200.0,-0.7396693814562862,3,0.7833394026897618,fcfe_dcf_terminal_value_dominates_dcf;justified_multiples_excluded_cross_model_outlier;ic_weight_fallback_for_uncovered_models
LES,2024-12-31,151.2180260699055,300.0,-0.49593991310031493,3,0.8201282088605448,fcff_dcf_severe_fcf_quality_warning;fcfe_dcf_severe_fcf_quality_warning;justified_multiples_excluded_cross_model_outlier;ic_weight_fallback_for_uncovered_models
LHM,2024-12-31,773.0422411415228,1935.0,-0.6004949658183345,5,0.8669075053657911,justified_multiples_excluded_cross_model_outlier;ic_weight_fallback_for_uncovered_models;headline_review_shared_input_bias
M2M,2024-12-31,286.6901990365201,529.0,-0.45805255380620025,1,0.675,headline_review_shared_input_bias
MAB,2024-12-31,,900.0,,0,,no_usable_valuation_models
MDP,2024-12-31,28.758662685847447,20.53,0.40081162619812205,2,0.4795307244143982,ic_weight_fallback_for_uncovered_models
MIC,2024-12-31,295.30082562431755,605.0,-0.5118994617779875,5,0.9766971191702252,fcfe_dcf_excluded_cross_model_outlier;ic_weight_fallback_for_uncovered_models
MLE,2024-12-31,,370.0,,0,,no_usable_valuation_models
MNG,2024-12-31,889.3532710280372,2889.0,-0.6921587846908837,3,0.7747017603298574,fcff_dcf_terminal_value_dominates_dcf;fcfe_dcf_terminal_value_dominates_dcf;ddm_terminal_value_dominates_dcf;ic_weight_fallback_for_uncovered_models;headline_review_shared_input_bias
MOX,2024-12-31,376.59322791443856,245.05,0.5368015830011774,3,0.495,fcff_dcf_terminal_value_dominates_dcf;fcfe_dcf_terminal_value_dominates_dcf;ddm_terminal_value_dominates_dcf;ic_weight_fallback_for_uncovered_models
MSA,2024-12-31,109.34003137798953,536.0,-0.7960074041455419,5,0.8584915448914936,justified_multiples_excluded_cross_model_outlier;ic_weight_fallback_for_uncovered_models
MUT,2024-12-31,426.75758800821797,304.0,0.4038078552901907,3,0.495,fcfe_dcf_terminal_value_dominates_dcf;ic_weight_fallback_for_uncovered_models
NKL,2024-12-31,,33.01,,0,,no_usable_valuation_models
OUL,2024-12-31,983.7665879822525,1233.0,-0.20213577617011147,4,0.5833194252079993,fcfe_dcf_terminal_value_dominates_dcf;ic_weight_fallback_for_uncovered_models
RDS,2024-12-31,,75.2,,1,0.675,headline_review_shared_input_bias;headline_review_required_extreme_upside;headline_review_weak_model_coverage
REB,2024-12-31,,100.0,,1,0.675,ddm_severe_dividend_quality_warning;headline_review_shared_input_bias;headline_review_confident_downside_low_information
RIS,2024-12-31,93.33728120889718,224.05,-0.5834086980187585,3,0.6427016553917011,ddm_terminal_value_dominates_dcf;justified_multiples_excluded_cross_model_outlier;ic_weight_fallback_for_uncovered_models
S2M,2024-12-31,,235.0,,5,0.7407524691552992,ic_weight_fallback_for_uncovered_models;headline_review_required_extreme_upside;headline_review_weak_method_class_agreement
SAH,2024-12-31,,1829.0,,0,,no_usable_valuation_models
SBM,2024-12-31,835.0285346589163,2360.0,-0.6461743497207981,5,0.611,justified_multiples_excluded_cross_model_outlier;ic_weight_fallback_for_uncovered_models
SID,2024-12-31,599.036747552439,983.9,-0.3911609436401676,4,0.6413506389340841,ic_weight_fallback_for_uncovered_models;headline_review_shared_input_bias
SLF,2024-12-31,,548.0,,0,,no_usable_valuation_models
SMI,2024-12-31,981.5549405330434,1971.0,-0.5020015522409724,4,0.8377046381022752,ic_weight_fallback_for_uncovered_models;headline_review_shared_input_bias
SNA,2024-12-31,,16.37,,2,0.395,residual_income_severe_book_value_quality_warning;ic_weight_fallback_for_uncovered_models;headline_review_required_extreme_upside;headline_review_weak_model_coverage;headline_review_weak_method_class_agreement;headline_review_lone_thin_comp
SNP,2024-12-31,,595.0,,0,,no_usable_valuation_models
SRM,2024-12-31,,400.0,,2,0.35,ic_weight_fallback_for_uncovered_models;headline_review_required_extreme_upside;headline_review_weak_model_coverage;headline_review_weak_method_class_agreement
STR,2024-12-31,67.13565925925926,42.05,0.5965674021226934,1,0.63,headline_review_shared_input_bias
TGC,2024-12-31,129.10055351820898,476.0,-0.7287803497516618,3,0.8507987455531105,fcff_dcf_terminal_value_dominates_dcf;fcfe_dcf_terminal_value_dominates_dcf;residual_income_excluded_cross_model_outlier;ic_weight_fallback_for_uncovered_models
TMA,2024-12-31,811.9150965140145,1500.0,-0.45872326899065696,3,0.801212907634038,fcff_dcf_terminal_value_dominates_dcf;fcfe_dcf_terminal_value_dominates_dcf;justified_multiples_excluded_cross_model_outlier;ic_weight_fallback_for_uncovered_models
TQM,2024-12-31,,1340.0,,0,,no_usable_valuation_models
WAA,2024-12-31,,4460.0,,0,,no_usable_valuation_models
ZDJ,2024-12-31,,102.0,,2,0.3882558322304569,fcff_dcf_severe_fcf_quality_warning;fcfe_dcf_severe_fcf_quality_warning;ic_weight_fallback_for_uncovered_models;headline_review_shared_input_bias;headline_review_required_extreme_upside;headline_review_weak_model_coverage;headline_review_weak_method_class_agreement;headline_review_lone_thin_comp
ADH,2025-03-31,34.211291884046815,45.58,-0.24942317060011376,4,0.6099445113283765,ic_weight_fallback_for_uncovered_models
ADI,2025-03-31,416.22476545389316,555.0,-0.25004546765064295,3,0.7887251462699709,justified_multiples_excluded_cross_model_outlier;ic_weight_fallback_for_uncovered_models
AFI,2025-03-31,315.04829935816645,334.95,-0.05941692981589353,5,0.9520429875919421,justified_multiples_excluded_cross_model_outlier;ic_weight_fallback_for_uncovered_models
AFM,2025-03-31,477.84263987347526,1334.0,-0.6417971215341265,3,0.827348495951935,justified_multiples_excluded_cross_model_outlier;ic_weight_fallback_for_uncovered_models
AGM,2025-03-31,3081.7271593196406,7000.0,-0.5597532629543371,3,0.8564788140029089,justified_multiples_excluded_cross_model_outlier;ic_weight_fallback_for_uncovered_models
AKT,2025-03-31,489.3446913070151,1270.0,-0.6146892194432951,3,0.842897436900605,fcff_dcf_terminal_value_dominates_dcf;fcfe_dcf_terminal_value_dominates_dcf;ddm_excluded_cross_model_outlier;ic_weight_fallback_for_uncovered_models
ALM,2025-03-31,956.0965465411011,1780.0,-0.46286710868477465,3,0.819911860815975,fcff_dcf_terminal_value_dominates_dcf;fcfe_dcf_terminal_value_dominates_dcf;justified_multiples_excluded_cross_model_outlier;ic_weight_fallback_for_uncovered_models;headline_review_shared_input_bias
ARD,2025-03-31,334.20059628643753,484.0,-0.3095029002346332,3,0.8350439057468821,residual_income_excluded_cross_model_outlier;ic_weight_fallback_for_uncovered_models
ATH,2025-03-31,47.19935515145359,75.0,-0.3706752646472855,3,0.8436999837506118,fcff_dcf_terminal_value_dominates_dcf;ic_weight_fallback_for_uncovered_models
ATL,2025-03-31,,139.0,,0,,no_usable_valuation_models
ATW,2025-03-31,466.394385554976,699.8,-0.3335318868891455,3,0.7435605997352718,ic_weight_fallback_for_uncovered_models
BAL,2025-03-31,107.41293478730248,230.0,-0.5329872400552067,3,0.8100124618533349,fcff_dcf_terminal_value_dominates_dcf;justified_multiples_excluded_cross_model_outlier;ic_weight_fallback_for_uncovered_models
BCI,2025-03-31,455.8486441115405,600.0,-0.24025225981409914,3,0.6514077799977447,ic_weight_fallback_for_uncovered_models
BCP,2025-03-31,300.18436835031673,283.35,0.059411922888006785,3,0.8439102344946003,ic_weight_fallback_for_uncovered_models
BOA,2025-03-31,227.88187970181787,195.9,0.1632561495753846,3,0.7318674749102965,ic_weight_fallback_for_uncovered_models
CDM,2025-03-31,822.3077695963941,1175.0,-0.30016360034349443,3,0.7961913976637431,ic_weight_fallback_for_uncovered_models
CFG,2025-03-31,75.6674405374383,225.0,-0.6637002642780521,3,0.7599542578311833,ic_weight_fallback_for_uncovered_models
CIH,2025-03-31,267.3698541890163,410.0,-0.34787840441703344,3,0.8366476284333502,ic_weight_fallback_for_uncovered_models
CMG,2025-03-31,251.80268901148773,329.9,-0.23673025458779096,4,0.8960716251774863,fcff_dcf_excluded_cross_model_outlier;ddm_excluded_cross_model_outlier;ic_weight_fallback_for_uncovered_models
CMT,2025-03-31,1295.3669687758536,1950.0,-0.3357092467816135,3,0.8123411394529227,fcff_dcf_terminal_value_dominates_dcf;fcfe_dcf_terminal_value_dominates_dcf;ic_weight_fallback_for_uncovered_models;headline_review_shared_input_bias
COL,2025-03-31,42.185867945811864,62.89,-0.32921183104131235,4,0.8076014925675978,fcff_dcf_severe_fcf_quality_warning;fcfe_dcf_severe_fcf_quality_warning;ic_weight_fallback_for_uncovered_models
CRS,2025-03-31,35.36431560988828,33.0,0.0716459275723722,2,0.4175,ic_weight_fallback_for_uncovered_models
CSR,2025-03-31,142.42252257049387,226.0,-0.369811847033213,6,0.9150231290112609,ic_weight_fallback_for_uncovered_models
CTM,2025-03-31,1155.107978323329,1106.0,0.04440142705545114,3,0.8336846794904496,fcff_dcf_terminal_value_dominates_dcf;fcfe_dcf_terminal_value_dominates_dcf;residual_income_excluded_cross_model_outlier;ic_weight_fallback_for_uncovered_models
DHO,2025-03-31,36.98990380327266,82.0,-0.5489036121552114,6,0.8937698929540507,ic_weight_fallback_for_uncovered_models
DWY,2025-03-31,695.4930493323768,799.8,-0.13041629240763086,4,0.882715442033124,ic_weight_fallback_for_uncovered_models
DYT,2025-03-31,377.1276044067847,317.9,0.18630891603266675,4,0.8556526321781239,ic_weight_fallback_for_uncovered_models
EQD,2025-03-31,,1110.0,,0,,no_usable_valuation_models
FBR,2025-03-31,,279.0,,3,0.603238517140472,fcff_dcf_severe_fcf_quality_warning;fcfe_dcf_severe_fcf_quality_warning;ic_weight_fallback_for_uncovered_models;headline_review_required_extreme_upside;headline_review_weak_model_coverage;headline_review_weak_method_class_agreement;headline_review_lone_thin_comp
GAZ,2025-03-31,3280.5483462919797,4305.0,-0.2379678638113868,6,0.8726167605703986,ic_weight_fallback_for_uncovered_models
HPS,2025-03-31,218.897325820226,620.0,-0.6469397970641516,5,0.8428674500798408,fcfe_dcf_severe_fcf_quality_warning;ic_weight_fallback_for_uncovered_models
IAM,2025-03-31,,122.363,,3,0.7983339256970698,fcff_dcf_terminal_value_dominates_dcf;fcfe_dcf_terminal_value_dominates_dcf;justified_multiples_excluded_cross_model_outlier;ic_weight_fallback_for_uncovered_models;headline_review_required_extreme_downside;headline_review_weak_model_coverage;headline_review_weak_method_class_agreement
IBC,2025-03-31,,40.5,,0,,no_usable_valuation_models
IMO,2025-03-31,97.23732369129243,91.9,0.05807751568326913,4,0.8304050497147217,fcff_dcf_severe_fcf_quality_warning;fcfe_dcf_severe_fcf_quality_warning;ic_weight_fallback_for_uncovered_models
INV,2025-03-31,159.86988068935716,98.0,0.6313253131567058,3,0.495,ic_weight_fallback_for_uncovered_models
JET,2025-03-31,2960.4050779202225,2400.0,0.23350211580009272,3,0.7525913516797458,justified_multiples_excluded_cross_model_outlier;ic_weight_fallback_for_uncovered_models
LBV,2025-03-31,1817.4784160332756,4429.0,-0.5896413601189263,4,0.6283778887270942,fcff_dcf_terminal_value_dominates_dcf;fcfe_dcf_terminal_value_dominates_dcf;ic_weight_fallback_for_uncovered_models
LES,2025-03-31,81.19451945880392,290.0,-0.7200188984179174,6,0.7716124835564192,ic_weight_fallback_for_uncovered_models
LHM,2025-03-31,989.3987681596489,1903.0,-0.4800847250868897,6,0.9510047374454491,ic_weight_fallback_for_uncovered_models;headline_review_shared_input_bias
M2M,2025-03-31,459.4704740450123,571.0,-0.1953231627933235,2,0.5510498808270246,ic_weight_fallback_for_uncovered_models
MAB,2025-03-31,,977.0,,0,,no_usable_valuation_models
MDP,2025-03-31,27.06895695080994,23.49,0.15236087487483796,3,0.6243028489019649,justified_multiples_excluded_cross_model_outlier;ic_weight_fallback_for_uncovered_models
MIC,2025-03-31,725.5802168451517,824.0,-0.11944148441122371,6,0.8772519252140174,ic_weight_fallback_for_uncovered_models
MLE,2025-03-31,,372.0,,0,,no_usable_valuation_models
MNG,2025-03-31,1351.9786687341152,5020.0,-0.7306815400928057,4,0.7981920634217758,ic_weight_fallback_for_uncovered_models;headline_review_shared_input_bias
MOX,2025-03-31,565.8855460360707,453.0,0.24919546586329067,3,0.495,ic_weight_fallback_for_uncovered_models
MSA,2025-03-31,340.9472913269052,750.0,-0.5454036115641264,5,0.887716294374262,justified_multiples_excluded_cross_model_outlier;ic_weight_fallback_for_uncovered_models
MUT,2025-03-31,463.15138206178926,310.0,0.49403671632835255,4,0.8454353009477691,fcff_dcf_severe_terminal_value_warning;fcfe_dcf_severe_fcf_quality_warning;ic_weight_fallback_for_uncovered_models
NKL,2025-03-31,,35.1,,0,,no_usable_valuation_models
OUL,2025-03-31,1178.7138259532903,1250.0,-0.05702893923736774,3,0.8377605061391171,fcfe_dcf_terminal_value_dominates_dcf;ddm_excluded_cross_model_outlier;ic_weight_fallback_for_uncovered_models
RDS,2025-03-31,,115.0,,1,0.675,headline_review_shared_input_bias;headline_review_required_extreme_upside;headline_review_weak_model_coverage
REB,2025-03-31,65.91175896445608,90.0,-0.2676471226171546,2,0.4524135447450861,ic_weight_fallback_for_uncovered_models;headline_review_shared_input_bias
RIS,2025-03-31,138.68030548687437,300.0,-0.5377323150437521,6,0.7724071327873833,ic_weight_fallback_for_uncovered_models
S2M,2025-03-31,640.619479894744,428.0,0.4967744857353833,5,0.8735632419315595,ic_weight_fallback_for_uncovered_models
SAH,2025-03-31,,1800.0,,0,,no_usable_valuation_models
SBM,2025-03-31,1444.3647043250164,2100.0,-0.31220728365475403,6,0.8134771285833706,ic_weight_fallback_for_uncovered_models
SID,2025-03-31,552.9034768197251,1900.0,-0.7089981700948815,5,0.8817615851883918,ic_weight_fallback_for_uncovered_models;headline_review_shared_input_bias
SLF,2025-03-31,,675.0,,0,,no_usable_valuation_models
SMI,2025-03-31,2090.2573337357476,2390.0,-0.12541534153316003,3,0.7630693789845135,justified_multiples_excluded_cross_model_outlier;ic_weight_fallback_for_uncovered_models;headline_review_shared_input_bias
SNA,2025-03-31,,51.3,,2,0.5066979844847888,residual_income_severe_book_value_quality_warning;ic_weight_fallback_for_uncovered_models;headline_review_required_extreme_upside;headline_review_weak_model_coverage;headline_review_weak_method_class_agreement;headline_review_lone_thin_comp
SNP,2025-03-31,,616.1,,0,,no_usable_valuation_models
SRM,2025-03-31,,416.0,,2,0.37249999999999994,ic_weight_fallback_for_uncovered_models;headline_review_required_extreme_upside;headline_review_weak_model_coverage;headline_review_weak_method_class_agreement
STR,2025-03-31,,62.0,,3,0.7455117120898818,ic_weight_fallback_for_uncovered_models;headline_review_required_extreme_upside;headline_review_weak_model_coverage;headline_review_weak_method_class_agreement
TGC,2025-03-31,242.27930252422715,700.0,-0.6538867106796755,5,0.9598629380446364,justified_multiples_excluded_cross_model_outlier;ic_weight_fallback_for_uncovered_models
TMA,2025-03-31,535.6537041927496,1849.0,-0.7103008630650354,6,0.7836757528880532,ic_weight_fallback_for_uncovered_models
TQM,2025-03-31,,2310.0,,0,,no_usable_valuation_models
WAA,2025-03-31,,5100.0,,0,,no_usable_valuation_models
ZDJ,2025-03-31,,156.85,,2,0.35,fcfe_dcf_severe_fcf_quality_warning;ic_weight_fallback_for_uncovered_models;headline_review_shared_input_bias;headline_review_required_extreme_upside;headline_review_weak_model_coverage;headline_review_weak_method_class_agreement;headline_review_lone_thin_comp
ADH,2025-06-30,22.52875157779204,36.99,-0.3909502141716129,3,0.51,ic_weight_fallback_for_uncovered_models
ADI,2025-06-30,225.220111073098,475.0,-0.5258523977408462,6,0.6499999999999999,ic_weight_fallback_for_uncovered_models
AFI,2025-06-30,315.04829935816645,334.0,-0.05674161868812444,5,0.9520429875919421,justified_multiples_excluded_cross_model_outlier;ic_weight_fallback_for_uncovered_models
AFM,2025-06-30,483.8632855276461,1300.0,-0.6277974726710415,3,0.8214586401393023,justified_multiples_excluded_cross_model_outlier;ic_weight_fallback_for_uncovered_models
AGM,2025-06-30,3492.342828674216,6974.0,-0.4992338932213628,4,0.8993318602574267,ic_weight_fallback_for_uncovered_models
AKT,2025-06-30,421.44037690262695,1451.0,-0.7095517733269283,3,0.7631854979450075,fcff_dcf_terminal_value_dominates_dcf;fcfe_dcf_terminal_value_dominates_dcf;justified_multiples_excluded_cross_model_outlier;ic_weight_fallback_for_uncovered_models
ALM,2025-06-30,987.5329713407876,1772.0,-0.44270148344199345,3,0.6574509881044122,ic_weight_fallback_for_uncovered_models;headline_review_shared_input_bias
ARD,2025-06-30,346.02476394354966,465.0,-0.25586072270204374,3,0.5455414959831055,fcfe_dcf_terminal_value_dominates_dcf;ic_weight_fallback_for_uncovered_models
ATH,2025-06-30,23.355162733911516,81.0,-0.7116646576060306,3,0.51,fcff_dcf_terminal_value_dominates_dcf;ic_weight_fallback_for_uncovered_models
ATL,2025-06-30,,142.0,,0,,no_usable_valuation_models
ATW,2025-06-30,466.394385554976,680.0,-0.31412590359562353,3,0.7449533767372725,ic_weight_fallback_for_uncovered_models
BAL,2025-06-30,62.12458415739702,228.0,-0.7275237536956272,4,0.5918027840299571,fcff_dcf_terminal_value_dominates_dcf;fcfe_dcf_terminal_value_dominates_dcf;ic_weight_fallback_for_uncovered_models
BCI,2025-06-30,455.8486441115405,615.0,-0.25878269250156016,3,0.6514077799977447,ic_weight_fallback_for_uncovered_models
BCP,2025-06-30,300.18436835031673,290.0,0.03511851155281631,3,0.8439102344946003,ic_weight_fallback_for_uncovered_models
BOA,2025-06-30,227.88187970181787,280.0,-0.186136143922079,3,0.7318674749102965,ic_weight_fallback_for_uncovered_models
CDM,2025-06-30,822.3077695963941,1120.0,-0.26579663428893385,3,0.7674685314620004,ic_weight_fallback_for_uncovered_models
CFG,2025-06-30,75.6674405374383,230.0,-0.6710111280980944,3,0.7539559062856203,ic_weight_fallback_for_uncovered_models
CIH,2025-06-30,267.3698541890163,415.0,-0.35573529111080415,3,0.8366476284333502,ic_weight_fallback_for_uncovered_models
CMG,2025-06-30,124.44060809294919,315.0,-0.604950450498574,5,0.8380728938540991,ic_weight_fallback_for_uncovered_models
CMT,2025-06-30,726.6030591058945,2370.0,-0.6934164307570065,3,0.7317433825327668,fcff_dcf_severe_fcf_quality_warning;fcfe_dcf_severe_fcf_quality_warning;justified_multiples_excluded_cross_model_outlier;ic_weight_fallback_for_uncovered_models;headline_review_shared_input_bias
COL,2025-06-30,44.67319443757637,63.9,-0.300888975937772,4,0.8279062305929479,fcff_dcf_severe_fcf_quality_warning;fcfe_dcf_severe_fcf_quality_warning;ic_weight_fallback_for_uncovered_models
CRS,2025-06-30,,39.31,,2,0.5694993515101521,ic_weight_fallback_for_uncovered_models;headline_review_lone_thin_comp
CSR,2025-06-30,116.19519230947145,235.0,-0.5055523731511853,6,0.8210807932232382,ic_weight_fallback_for_uncovered_models
CTM,2025-06-30,1155.107978323329,933.0,0.23805785458020257,3,0.8336846794904496,fcff_dcf_terminal_value_dominates_dcf;fcfe_dcf_terminal_value_dominates_dcf;residual_income_excluded_cross_model_outlier;ic_weight_fallback_for_uncovered_models
DHO,2025-06-30,19.082729193832368,80.0,-0.7614658850770955,4,0.7622043966730674,justified_multiples_excluded_cross_model_outlier;ic_weight_fallback_for_uncovered_models
DWY,2025-06-30,254.2796338970059,768.0,-0.6689067266966069,5,0.831500611376305,justified_multiples_excluded_cross_model_outlier;ic_weight_fallback_for_uncovered_models
DYT,2025-06-30,377.1276044067847,348.0,0.0837000126631744,4,0.8556718813986741,ic_weight_fallback_for_uncovered_models
EQD,2025-06-30,,1260.0,,0,,no_usable_valuation_models
FBR,2025-06-30,,414.95,,3,0.4973624231654957,fcff_dcf_severe_fcf_quality_warning;fcfe_dcf_severe_fcf_quality_warning;ic_weight_fallback_for_uncovered_models;headline_review_lone_thin_comp
GAZ,2025-06-30,1540.5194030045905,4300.0,-0.6417396737198626,4,0.6365045069351092,justified_multiples_excluded_cross_model_outlier;ic_weight_fallback_for_uncovered_models
HPS,2025-06-30,218.897325820226,580.0,-0.6225908175513345,5,0.8428674500798408,fcfe_dcf_severe_fcf_quality_warning;ic_weight_fallback_for_uncovered_models
IAM,2025-06-30,,111.188,,3,0.7983339256970698,fcff_dcf_terminal_value_dominates_dcf;fcfe_dcf_terminal_value_dominates_dcf;justified_multiples_excluded_cross_model_outlier;ic_weight_fallback_for_uncovered_models;headline_review_required_extreme_downside;headline_review_weak_model_coverage;headline_review_weak_method_class_agreement
IBC,2025-06-30,,79.24,,0,,no_usable_valuation_models
IMO,2025-06-30,89.01681747287343,84.21,0.05708131424858598,3,0.495,fcfe_dcf_severe_fcf_quality_warning;ic_weight_fallback_for_uncovered_models
INV,2025-06-30,159.86988068935716,210.7,-0.2412440403922299,3,0.495,ic_weight_fallback_for_uncovered_models
JET,2025-06-30,2960.4050779202225,1998.0,0.4816842231832945,3,0.51,ic_weight_fallback_for_uncovered_models
LBV,2025-06-30,989.3132230923452,4400.0,-0.7751560856608306,3,0.5688387523334753,fcfe_dcf_terminal_value_dominates_dcf;justified_multiples_excluded_cross_model_outlier;ic_weight_fallback_for_uncovered_models
LES,2025-06-30,81.19451945880392,300.0,-0.729351601803987,6,0.7716124835564192,ic_weight_fallback_for_uncovered_models
LHM,2025-06-30,,1925.0,,5,0.8851290535489602,justified_multiples_excluded_cross_model_outlier;ic_weight_fallback_for_uncovered_models;headline_review_shared_input_bias;headline_review_confident_downside_low_information
M2M,2025-06-30,459.4704740450123,511.1,-0.10101648592249601,1,0.675,headline_review_shared_input_bias
MAB,2025-06-30,,915.6,,0,,no_usable_valuation_models
MDP,2025-06-30,27.06895695080994,27.79,-0.025946133472114385,2,0.395,ic_weight_fallback_for_uncovered_models
MIC,2025-06-30,593.3719608805706,830.0,-0.28509402303545717,4,0.9086767616814442,fcff_dcf_terminal_value_dominates_dcf;justified_multiples_excluded_cross_model_outlier;ic_weight_fallback_for_uncovered_models
MLE,2025-06-30,,358.0,,0,,no_usable_valuation_models
MNG,2025-06-30,,5250.0,,3,0.8073405552458188,ic_weight_fallback_for_uncovered_models;headline_review_shared_input_bias;headline_review_confident_downside_low_information
MOX,2025-06-30,565.8855460360707,447.95,0.263278370434358,3,0.495,ic_weight_fallback_for_uncovered_models
MSA,2025-06-30,231.506527127951,810.0,-0.714189472681542,5,0.8074395197410105,justified_multiples_excluded_cross_model_outlier;ic_weight_fallback_for_uncovered_models
MUT,2025-06-30,181.10538085682504,295.05,-0.38618749074114544,4,0.6895863785477764,fcfe_dcf_severe_fcf_quality_warning;justified_multiples_excluded_cross_model_outlier;ic_weight_fallback_for_uncovered_models
NKL,2025-06-30,,34.4,,0,,no_usable_valuation_models
OUL,2025-06-30,770.2845577867704,1239.0,-0.3783014061446567,3,0.51,ic_weight_fallback_for_uncovered_models
RDS,2025-06-30,,125.0,,1,0.675,headline_review_shared_input_bias;headline_review_required_extreme_upside;headline_review_weak_model_coverage
REB,2025-06-30,,76.0,,3,0.48,ic_weight_fallback_for_uncovered_models;headline_review_shared_input_bias;headline_review_confident_downside_low_information
RIS,2025-06-30,102.73462729067776,340.0,-0.6978393314980066,4,0.7814952599062239,justified_multiples_excluded_cross_model_outlier;ic_weight_fallback_for_uncovered_models
S2M,2025-06-30,640.619479894744,633.0,0.01203709304066991,5,0.8735632419315595,ic_weight_fallback_for_uncovered_models
SAH,2025-06-30,,1788.0,,0,,no_usable_valuation_models
SBM,2025-06-30,922.7390587907603,1935.0,-0.5231322693587802,6,0.7998076126416073,ic_weight_fallback_for_uncovered_models
SID,2025-06-30,545.0087401980576,2550.0,-0.7862710822752715,5,0.6499999999999999,ic_weight_fallback_for_uncovered_models;headline_review_shared_input_bias
SLF,2025-06-30,,620.0,,0,,no_usable_valuation_models
SMI,2025-06-30,2090.2573337357476,2410.0,-0.13267330550383916,3,0.7630693789845135,justified_multiples_excluded_cross_model_outlier;ic_weight_fallback_for_uncovered_models;headline_review_shared_input_bias
SNA,2025-06-30,,60.18,,2,0.5066979844847888,residual_income_severe_book_value_quality_warning;ic_weight_fallback_for_uncovered_models;headline_review_required_extreme_upside;headline_review_weak_model_coverage;headline_review_weak_method_class_agreement;headline_review_lone_thin_comp
SNP,2025-06-30,,690.1,,0,,no_usable_valuation_models
SRM,2025-06-30,,595.8,,2,0.37249999999999994,ic_weight_fallback_for_uncovered_models;headline_review_required_extreme_upside;headline_review_weak_model_coverage;headline_review_weak_method_class_agreement
STR,2025-06-30,,248.75,,3,0.6876746552780285,ic_weight_fallback_for_uncovered_models;headline_review_required_extreme_upside;headline_review_weak_model_coverage
TGC,2025-06-30,242.27930252422715,860.0,-0.7182798807857824,5,0.9598629380446364,justified_multiples_excluded_cross_model_outlier;ic_weight_fallback_for_uncovered_models
TMA,2025-06-30,415.8955818288963,1785.0,-0.7670052762863326,5,0.641,justified_multiples_excluded_cross_model_outlier;ic_weight_fallback_for_uncovered_models
TQM,2025-06-30,,2800.0,,0,,no_usable_valuation_models
WAA,2025-06-30,,5200.0,,0,,no_usable_valuation_models
ZDJ,2025-06-30,,179.1,,3,0.42,ic_weight_fallback_for_uncovered_models;headline_review_shared_input_bias;headline_review_required_extreme_upside;headline_review_weak_model_coverage;headline_review_weak_method_class_agreement;headline_review_lone_thin_comp
ADH,2025-09-30,32.434567033971916,38.7,-0.16189749266222442,3,0.683146199888544,ic_weight_fallback_for_uncovered_models
ADI,2025-09-30,225.4893857147687,525.0,-0.5704964081623454,5,0.9503537665890627,justified_multiples_excluded_cross_model_outlier;ic_weight_fallback_for_uncovered_models
AFI,2025-09-30,315.04829935816645,330.0,-0.04530818376313195,5,0.9520429875919421,justified_multiples_excluded_cross_model_outlier;ic_weight_fallback_for_uncovered_models
AFM,2025-09-30,456.32260368922573,1268.0,-0.6401241295826295,3,0.8402428992828577,justified_multiples_excluded_cross_model_outlier;ic_weight_fallback_for_uncovered_models
AGM,2025-09-30,3256.888420688795,6455.0,-0.49544718502110063,4,0.9115074872011131,ic_weight_fallback_for_uncovered_models
AKT,2025-09-30,464.6258127032358,1387.0,-0.665013833667458,3,0.8383151172648637,fcff_dcf_terminal_value_dominates_dcf;fcfe_dcf_terminal_value_dominates_dcf;residual_income_excluded_cross_model_outlier;ic_weight_fallback_for_uncovered_models
ALM,2025-09-30,729.6495510869781,1850.0,-0.6055948372502821,4,0.6649992321732693,ic_weight_fallback_for_uncovered_models;headline_review_shared_input_bias
ARD,2025-09-30,174.4444535108144,455.0,-0.6166055966795287,3,0.7541292707561625,ic_weight_fallback_for_uncovered_models
ATH,2025-09-30,32.03623868646437,99.0,-0.6764016294296529,3,0.8112634775523992,fcff_dcf_terminal_value_dominates_dcf;ic_weight_fallback_for_uncovered_models
ATL,2025-09-30,,145.0,,0,,no_usable_valuation_models
ATW,2025-09-30,439.3377909029272,745.0,-0.4102848444256011,3,0.7920412337688887,ic_weight_fallback_for_uncovered_models
BAL,2025-09-30,73.29143626868891,295.2,-0.7517227768675849,4,0.6911565511227346,ic_weight_fallback_for_uncovered_models
BCI,2025-09-30,455.8486441115405,591.0,-0.22868249727319712,3,0.6514077799977447,ic_weight_fallback_for_uncovered_models
BCP,2025-09-30,255.73963912575942,295.0,-0.1330859690652223,3,0.6646916055696553,ic_weight_fallback_for_uncovered_models
BOA,2025-09-30,227.88187970181787,255.0,-0.10634556979679266,3,0.7318674749102965,ic_weight_fallback_for_uncovered_models
CDM,2025-09-30,822.3077695963941,1009.0,-0.18502698751596225,3,0.7674685314620004,ic_weight_fallback_for_uncovered_models
CFG,2025-09-30,74.31574438044018,241.1,-0.6917638142661129,3,0.8216943051565715,ic_weight_fallback_for_uncovered_models
CIH,2025-09-30,267.3698541890163,426.5,-0.37310702417581176,3,0.8366476284333502,ic_weight_fallback_for_uncovered_models
CMG,2025-09-30,116.41638973147406,397.0,-0.7067597235983021,5,0.8196287431792639,ic_weight_fallback_for_uncovered_models
CMT,2025-09-30,800.6541055806766,2700.0,-0.7034614423775272,3,0.8589561017192138,fcff_dcf_terminal_value_dominates_dcf;fcfe_dcf_terminal_value_dominates_dcf;ddm_excluded_cross_model_outlier;ic_weight_fallback_for_uncovered_models;headline_review_shared_input_bias
COL,2025-09-30,42.10740522700073,90.98,-0.5371795424598733,4,0.6873965864807002,fcff_dcf_severe_fcf_quality_warning;fcfe_dcf_severe_fcf_quality_warning;ic_weight_fallback_for_uncovered_models
CRS,2025-09-30,37.44650479203931,37.9,-0.011965572769411237,1,0.72,headline_review_shared_input_bias
CSR,2025-09-30,104.41291011502433,214.0,-0.5120892050699797,6,0.8173628880890678,ic_weight_fallback_for_uncovered_models
CTM,2025-09-30,1155.107978323329,954.0,0.21080500872466357,3,0.8336846794904496,fcff_dcf_terminal_value_dominates_dcf;fcfe_dcf_terminal_value_dominates_dcf;residual_income_excluded_cross_model_outlier;ic_weight_fallback_for_uncovered_models
DHO,2025-09-30,21.662324419896358,79.0,-0.7257933617734638,6,0.8836955859054536,ic_weight_fallback_for_uncovered_models
DWY,2025-09-30,550.5793683213489,953.0,-0.4222671895893506,4,0.7314040496515126,ic_weight_fallback_for_uncovered_models
DYT,2025-09-30,377.1276044067847,400.0,-0.05718098898303825,4,0.8074262482496843,ic_weight_fallback_for_uncovered_models
EQD,2025-09-30,,1300.0,,0,,no_usable_valuation_models
FBR,2025-09-30,,433.9,,3,0.7581984553443923,fcff_dcf_terminal_value_dominates_dcf;fcfe_dcf_terminal_value_dominates_dcf;ic_weight_fallback_for_uncovered_models;headline_review_required_extreme_upside;headline_review_weak_model_coverage
GAZ,2025-09-30,1736.2720066853103,4200.0,-0.5866019031701641,6,0.806321564926632,ic_weight_fallback_for_uncovered_models
HPS,2025-09-30,218.897325820226,500.0,-0.5622053483595479,5,0.8428674500798408,fcfe_dcf_severe_fcf_quality_warning;ic_weight_fallback_for_uncovered_models
IAM,2025-09-30,,116.7,,3,0.7983339256970698,fcff_dcf_terminal_value_dominates_dcf;fcfe_dcf_terminal_value_dominates_dcf;justified_multiples_excluded_cross_model_outlier;ic_weight_fallback_for_uncovered_models;headline_review_required_extreme_downside;headline_review_weak_model_coverage;headline_review_weak_method_class_agreement
IBC,2025-09-30,,72.0,,0,,no_usable_valuation_models
IMO,2025-09-30,79.71224223214855,91.45,-0.1283516431695073,4,0.7943340131285023,fcff_dcf_severe_fcf_quality_warning;fcfe_dcf_severe_fcf_quality_warning;ic_weight_fallback_for_uncovered_models
INV,2025-09-30,138.94606166642973,163.9,-0.15225099654405294,3,0.495,ic_weight_fallback_for_uncovered_models
JET,2025-09-30,3386.0035842037605,2390.0,0.4167379013404855,4,0.7281187245328434,fcff_dcf_terminal_value_dominates_dcf;fcfe_dcf_terminal_value_dominates_dcf;ic_weight_fallback_for_uncovered_models
LBV,2025-09-30,1045.2976018427016,4653.0,-0.7753497524516008,4,0.6651859412730123,ic_weight_fallback_for_uncovered_models
LES,2025-09-30,81.19451945880392,330.0,-0.7539560016399881,6,0.7716124835564192,ic_weight_fallback_for_uncovered_models
LHM,2025-09-30,,1900.0,,6,0.8264675258907084,ic_weight_fallback_for_uncovered_models;headline_review_shared_input_bias;headline_review_confident_downside_low_information
M2M,2025-09-30,459.4704740450123,453.2,0.01383599745148345,1,0.675,fcff_dcf_terminal_value_dominates_dcf;headline_review_shared_input_bias
MAB,2025-09-30,,917.0,,0,,no_usable_valuation_models
MDP,2025-09-30,14.443418339355041,29.0,-0.5019510917463779,2,0.395,ic_weight_fallback_for_uncovered_models
MIC,2025-09-30,604.0915176819899,828.0,-0.27042087236474655,4,0.9252216242568951,fcff_dcf_excluded_cross_model_outlier;justified_multiples_excluded_cross_model_outlier;ic_weight_fallback_for_uncovered_models
MLE,2025-09-30,,366.65,,0,,no_usable_valuation_models
MNG,2025-09-30,,5903.0,,4,0.56875,ic_weight_fallback_for_uncovered_models;headline_review_shared_input_bias;headline_review_confident_downside_low_information
MOX,2025-09-30,565.5022053462701,393.3,0.4378393220093315,3,0.495,ic_weight_fallback_for_uncovered_models
MSA,2025-09-30,299.99784362545233,950.0,-0.6842127961837343,5,0.8570431828074925,justified_multiples_excluded_cross_model_outlier;ic_weight_fallback_for_uncovered_models
MUT,2025-09-30,154.65117094198504,277.8,-0.44330032058320723,4,0.7369348663339284,fcfe_dcf_severe_fcf_quality_warning;justified_multiples_excluded_cross_model_outlier;ic_weight_fallback_for_uncovered_models
NKL,2025-09-30,,53.99,,0,,no_usable_valuation_models
OUL,2025-09-30,946.0840612714076,1153.0,-0.17945874998143319,4,0.7421131332249665,ic_weight_fallback_for_uncovered_models
RDS,2025-09-30,,177.0,,1,0.675,headline_review_shared_input_bias;headline_review_required_extreme_upside;headline_review_weak_model_coverage
REB,2025-09-30,,111.95,,1,0.675,ddm_severe_dividend_quality_warning;headline_review_shared_input_bias;headline_review_required_extreme_upside;headline_review_weak_model_coverage
RIS,2025-09-30,91.77582682561447,409.95,-0.7761292186227235,4,0.7552931851196114,ddm_terminal_value_dominates_dcf;ic_weight_fallback_for_uncovered_models
S2M,2025-09-30,640.619479894744,627.3,0.02123303028015955,5,0.872648987130066,ic_weight_fallback_for_uncovered_models
SAH,2025-09-30,,1950.0,,0,,no_usable_valuation_models
SBM,2025-09-30,806.0510007245506,2390.0,-0.6627401670608575,6,0.7082318396301046,ic_weight_fallback_for_uncovered_models
SID,2025-09-30,529.0355992880604,2340.0,-0.773916410560658,3,0.8412127228756188,justified_multiples_excluded_cross_model_outlier;ic_weight_fallback_for_uncovered_models;headline_review_shared_input_bias
SLF,2025-09-30,,680.0,,0,,no_usable_valuation_models
SMI,2025-09-30,2088.1779833042688,2567.0,-0.18652980782848894,3,0.7630693789845135,justified_multiples_excluded_cross_model_outlier;ic_weight_fallback_for_uncovered_models;headline_review_shared_input_bias
SNA,2025-09-30,,124.0,,2,0.5066979844847888,residual_income_severe_book_value_quality_warning;ic_weight_fallback_for_uncovered_models;headline_review_required_extreme_upside;headline_review_weak_model_coverage;headline_review_weak_method_class_agreement;headline_review_lone_thin_comp
SNP,2025-09-30,,550.0,,0,,no_usable_valuation_models
SRM,2025-09-30,,539.7,,2,0.37249999999999994,ic_weight_fallback_for_uncovered_models;headline_review_required_extreme_upside;headline_review_weak_model_coverage;headline_review_weak_method_class_agreement
STR,2025-09-30,,202.8,,3,0.7112529806227509,ic_weight_fallback_for_uncovered_models;headline_review_required_extreme_upside;headline_review_weak_model_coverage
TGC,2025-09-30,242.27930252422715,910.0,-0.7337590082151351,5,0.9598629380446364,justified_multiples_excluded_cross_model_outlier;ic_weight_fallback_for_uncovered_models
TMA,2025-09-30,407.8313945257921,1785.0,-0.7715230282768671,5,0.8842910319447825,justified_multiples_excluded_cross_model_outlier;ic_weight_fallback_for_uncovered_models
TQM,2025-09-30,,2350.0,,0,,no_usable_valuation_models
VCN,2025-09-30,,450.0,,0,,no_usable_valuation_models
WAA,2025-09-30,,5000.0,,0,,no_usable_valuation_models
ZDJ,2025-09-30,,216.55,,2,0.6219485576614932,fcff_dcf_severe_fcf_quality_warning;fcfe_dcf_severe_fcf_quality_warning;ic_weight_fallback_for_uncovered_models;headline_review_shared_input_bias;headline_review_required_extreme_upside;headline_review_weak_model_coverage;headline_review_lone_thin_comp
ADH,2025-12-31,35.27851668944098,35.98,-0.019496478892690905,3,0.683146199888544,ic_weight_fallback_for_uncovered_models
ADI,2025-12-31,225.4893857147687,530.0,-0.574548328840059,5,0.9503537665890627,justified_multiples_excluded_cross_model_outlier;ic_weight_fallback_for_uncovered_models
AFI,2025-12-31,312.96711592980864,337.0,-0.07131419605398026,5,0.9520429875919421,justified_multiples_excluded_cross_model_outlier;ic_weight_fallback_for_uncovered_models
AFM,2025-12-31,456.32260368922573,1225.0,-0.627491752090428,3,0.8402428992828577,justified_multiples_excluded_cross_model_outlier;ic_weight_fallback_for_uncovered_models
AGM,2025-12-31,3256.888420688795,6335.0,-0.4858897520617529,4,0.9115074872011131,ic_weight_fallback_for_uncovered_models
AKT,2025-12-31,533.643947604684,1180.0,-0.5477593664367085,4,0.8711962851462669,fcff_dcf_terminal_value_dominates_dcf;fcfe_dcf_terminal_value_dominates_dcf;ic_weight_fallback_for_uncovered_models
ALM,2025-12-31,744.8357778882291,1798.0,-0.5857420590165578,3,0.8258028104816237,fcff_dcf_terminal_value_dominates_dcf;fcfe_dcf_terminal_value_dominates_dcf;justified_multiples_excluded_cross_model_outlier;ic_weight_fallback_for_uncovered_models;headline_review_shared_input_bias
ARD,2025-12-31,188.21733992099593,420.0,-0.5518634763785811,3,0.7048010528509008,ic_weight_fallback_for_uncovered_models
ATH,2025-12-31,40.45841657121281,93.9,-0.5691329438635484,2,0.43999999999999995,fcff_dcf_terminal_value_dominates_dcf;ddm_terminal_value_dominates_dcf;ic_weight_fallback_for_uncovered_models
ATL,2025-12-31,,150.0,,0,,no_usable_valuation_models
ATW,2025-12-31,439.3377909029272,730.1,-0.39824984125061336,3,0.7920412337688887,ic_weight_fallback_for_uncovered_models
BAL,2025-12-31,79.07463052039402,250.0,-0.6837014779184238,4,0.6570717463541447,ic_weight_fallback_for_uncovered_models
BCI,2025-12-31,455.8486441115405,630.0,-0.27643072363247534,3,0.6514077799977447,ic_weight_fallback_for_uncovered_models
BCP,2025-12-31,255.73963912575942,290.0,-0.11813917542841579,3,0.6646916055696553,ic_weight_fallback_for_uncovered_models
BOA,2025-12-31,227.88187970181787,225.0,0.012808354230301688,3,0.7318674749102965,ic_weight_fallback_for_uncovered_models
CAP,2025-12-31,,307.0,,0,,no_usable_valuation_models
CDM,2025-12-31,881.369230590919,1039.0,-0.15171392628400482,3,0.7665087066678109,ic_weight_fallback_for_uncovered_models
CFG,2025-12-31,74.31574438044018,245.0,-0.6966704311002442,3,0.8216943051565715,ic_weight_fallback_for_uncovered_models
CIH,2025-12-31,267.3698541890163,415.0,-0.35573529111080415,3,0.8366476284333502,ic_weight_fallback_for_uncovered_models
CMG,2025-12-31,130.99241626155143,369.0,-0.6450070020012156,6,0.7859092042915105,ic_weight_fallback_for_uncovered_models
CMT,2025-12-31,800.6541055806766,1791.0,-0.5529569483078299,3,0.8589561017192138,fcff_dcf_terminal_value_dominates_dcf;fcfe_dcf_terminal_value_dominates_dcf;ddm_excluded_cross_model_outlier;ic_weight_fallback_for_uncovered_models;headline_review_shared_input_bias
COL,2025-12-31,42.10740522700073,85.79,-0.5091804962466403,4,0.6873965864807002,fcff_dcf_severe_fcf_quality_warning;fcfe_dcf_severe_fcf_quality_warning;ic_weight_fallback_for_uncovered_models
CRS,2025-12-31,38.03624805746075,34.28,0.10957549759220386,2,0.43999999999999995,ic_weight_fallback_for_uncovered_models
CSR,2025-12-31,104.41291011502433,203.5,-0.486914446609217,6,0.8173628880890678,ic_weight_fallback_for_uncovered_models
CTM,2025-12-31,1155.107978323329,905.0,0.2763624069871038,3,0.8336846794904496,fcff_dcf_terminal_value_dominates_dcf;fcfe_dcf_terminal_value_dominates_dcf;residual_income_excluded_cross_model_outlier;ic_weight_fallback_for_uncovered_models
DHO,2025-12-31,27.075383443694392,77.0,-0.6483716435883845,6,0.888618989538825,ic_weight_fallback_for_uncovered_models
DWY,2025-12-31,646.2063685775936,880.0,-0.2656745811618254,4,0.8024088926030546,ic_weight_fallback_for_uncovered_models
DYT,2025-12-31,377.1276044067847,350.0,0.07750744116224206,4,0.8074262482496843,ic_weight_fallback_for_uncovered_models
EQD,2025-12-31,,1297.0,,0,,no_usable_valuation_models
FBR,2025-12-31,,381.55,,3,0.6056802793184402,fcff_dcf_severe_fcf_quality_warning;fcfe_dcf_severe_fcf_quality_warning;ic_weight_fallback_for_uncovered_models;headline_review_required_extreme_upside;headline_review_weak_model_coverage;headline_review_weak_method_class_agreement;headline_review_lone_thin_comp
GAZ,2025-12-31,2401.7757121224727,4040.0,-0.40550106135582364,5,0.9494950885154918,fcff_dcf_excluded_cross_model_outlier;ic_weight_fallback_for_uncovered_models
GTM,2025-12-31,,915.0,,0,,no_usable_valuation_models
HPS,2025-12-31,218.897325820226,556.0,-0.6062997737046295,5,0.8428674500798408,fcfe_dcf_severe_fcf_quality_warning;ic_weight_fallback_for_uncovered_models
IAM,2025-12-31,,109.075,,3,0.7983339256970698,fcff_dcf_terminal_value_dominates_dcf;fcfe_dcf_terminal_value_dominates_dcf;justified_multiples_excluded_cross_model_outlier;ic_weight_fallback_for_uncovered_models;headline_review_required_extreme_downside;headline_review_weak_model_coverage;headline_review_weak_method_class_agreement
IBC,2025-12-31,,69.5,,0,,no_usable_valuation_models
IMO,2025-12-31,43.42540281750474,91.65,-0.5261821842061676,3,0.7967148527287196,fcfe_dcf_severe_fcf_quality_warning;ic_weight_fallback_for_uncovered_models
INV,2025-12-31,138.94606166642973,182.0,-0.23656010073390255,3,0.495,ic_weight_fallback_for_uncovered_models
JET,2025-12-31,3386.0035842037605,2650.0,0.27773720158632464,3,0.7480241006522224,fcff_dcf_terminal_value_dominates_dcf;fcfe_dcf_terminal_value_dominates_dcf;justified_multiples_excluded_cross_model_outlier;ic_weight_fallback_for_uncovered_models
LBV,2025-12-31,1237.7474759773086,4600.0,-0.7309244617440633,4,0.7949330019111369,ic_weight_fallback_for_uncovered_models
LES,2025-12-31,81.19451945880392,360.0,-0.7744596681699891,6,0.7716124835564192,ic_weight_fallback_for_uncovered_models
LHM,2025-12-31,,1840.0,,6,0.9140073557936428,ic_weight_fallback_for_uncovered_models;headline_review_shared_input_bias;headline_review_confident_downside_low_information
M2M,2025-12-31,459.4704740450123,464.9,-0.011678911497069677,1,0.675,headline_review_shared_input_bias
MAB,2025-12-31,,943.0,,0,,no_usable_valuation_models
MDP,2025-12-31,14.443418339355041,26.53,-0.4555816683243482,3,0.4863492603567552,fcfe_dcf_terminal_value_dominates_dcf;ic_weight_fallback_for_uncovered_models
MIC,2025-12-31,604.0915176819899,799.7,-0.24460232877080168,4,0.9252216242568951,fcff_dcf_excluded_cross_model_outlier;justified_multiples_excluded_cross_model_outlier;ic_weight_fallback_for_uncovered_models
MLE,2025-12-31,,360.0,,0,,no_usable_valuation_models
MNG,2025-12-31,,6400.0,,4,0.9049674921638469,ic_weight_fallback_for_uncovered_models;headline_review_shared_input_bias;headline_review_confident_downside_low_information
MOX,2025-12-31,539.2106012898522,413.9,0.3027557412173285,3,0.495,ic_weight_fallback_for_uncovered_models
MSA,2025-12-31,370.44013539474633,950.0,-0.6100630153739512,5,0.9213844608340633,justified_multiples_excluded_cross_model_outlier;ic_weight_fallback_for_uncovered_models
MUT,2025-12-31,370.6469993442761,250.0,0.48258799737710434,4,0.7383304875112335,fcff_dcf_severe_terminal_value_warning;fcfe_dcf_severe_fcf_quality_warning;ic_weight_fallback_for_uncovered_models
NKL,2025-12-31,,54.0,,0,,no_usable_valuation_models
OUL,2025-12-31,946.0840612714076,1182.0,-0.19959047269762475,4,0.7421131332249665,ic_weight_fallback_for_uncovered_models
RDS,2025-12-31,,161.0,,1,0.675,headline_review_shared_input_bias;headline_review_required_extreme_upside;headline_review_weak_model_coverage
REB,2025-12-31,,106.25,,1,0.675,ddm_severe_dividend_quality_warning;headline_review_shared_input_bias;headline_review_required_extreme_upside;headline_review_weak_model_coverage
RIS,2025-12-31,197.21855197350772,370.0,-0.4669768865580872,3,0.495,ic_weight_fallback_for_uncovered_models
S2M,2025-12-31,640.619479894744,585.0,0.09507603400810938,5,0.8735632419315595,ic_weight_fallback_for_uncovered_models
SAH,2025-12-31,,2140.0,,0,,no_usable_valuation_models
SBM,2025-12-31,992.0820475120515,2290.0,-0.566776398466353,6,0.8440896879459409,ic_weight_fallback_for_uncovered_models
SID,2025-12-31,1078.8141174210255,2227.0,-0.5155751605653232,4,0.6152523279429137,ic_weight_fallback_for_uncovered_models;headline_review_shared_input_bias
SLF,2025-12-31,,530.0,,0,,no_usable_valuation_models
SMI,2025-12-31,1945.5647421494446,4100.0,-0.5254720141098916,3,0.7630693789845135,justified_multiples_excluded_cross_model_outlier;ic_weight_fallback_for_uncovered_models;headline_review_shared_input_bias
SNA,2025-12-31,,94.0,,2,0.5066979844847888,residual_income_severe_book_value_quality_warning;ic_weight_fallback_for_uncovered_models;headline_review_required_extreme_upside;headline_review_weak_model_coverage;headline_review_weak_method_class_agreement;headline_review_lone_thin_comp
SNP,2025-12-31,,480.0,,0,,no_usable_valuation_models
SRM,2025-12-31,,496.95,,2,0.37249999999999994,ic_weight_fallback_for_uncovered_models;headline_review_required_extreme_upside;headline_review_weak_model_coverage;headline_review_weak_method_class_agreement
STR,2025-12-31,,245.0,,3,0.7747004404210457,ic_weight_fallback_for_uncovered_models;headline_review_required_extreme_upside;headline_review_weak_model_coverage;headline_review_weak_method_class_agreement
TGC,2025-12-31,234.61707173759413,906.1,-0.7410693392146628,5,0.9545239941654042,justified_multiples_excluded_cross_model_outlier;ic_weight_fallback_for_uncovered_models
TMA,2025-12-31,407.8313945257921,1745.0,-0.7662857337961076,5,0.8842910319447825,justified_multiples_excluded_cross_model_outlier;ic_weight_fallback_for_uncovered_models
TQM,2025-12-31,,2120.0,,0,,no_usable_valuation_models
VCN,2025-12-31,,449.9,,0,,no_usable_valuation_models
WAA,2025-12-31,,4804.0,,0,,no_usable_valuation_models
ZDJ,2025-12-31,,204.05,,3,0.45352115948453947,fcff_dcf_severe_fcf_quality_warning;fcfe_dcf_severe_fcf_quality_warning;ic_weight_fallback_for_uncovered_models;headline_review_shared_input_bias;headline_review_required_extreme_upside;headline_review_weak_model_coverage;headline_review_weak_method_class_agreement;headline_review_lone_thin_comp
ADH,2026-03-31,18.555145435143356,29.15,-0.36345984785099983,3,0.7558756925647807,ic_weight_fallback_for_uncovered_models
ADI,2026-03-31,381.0507248690242,413.9,-0.0793652455447591,3,0.7750168787018903,fcff_dcf_terminal_value_dominates_dcf;fcfe_dcf_terminal_value_dominates_dcf;residual_income_excluded_cross_model_outlier;ic_weight_fallback_for_uncovered_models
AFI,2026-03-31,441.75835406775155,335.0,0.31868165393358683,5,0.9800019538958855,fcff_dcf_excluded_cross_model_outlier;ic_weight_fallback_for_uncovered_models
AFM,2026-03-31,638.5132276824409,1249.0,-0.4887804422078136,3,0.8263760645768135,justified_multiples_excluded_cross_model_outlier;ic_weight_fallback_for_uncovered_models
AGM,2026-03-31,7221.705553763592,7020.0,0.02873298486660869,4,0.8801312386018865,ic_weight_fallback_for_uncovered_models
AKT,2026-03-31,501.4321288456938,1110.0,-0.5482593433822578,4,0.8256138004182512,fcff_dcf_terminal_value_dominates_dcf;fcfe_dcf_terminal_value_dominates_dcf;ic_weight_fallback_for_uncovered_models
ALM,2026-03-31,2074.3475566389843,1817.0,0.14163321774297422,3,0.8283010614733264,fcff_dcf_terminal_value_dominates_dcf;fcfe_dcf_terminal_value_dominates_dcf;justified_multiples_excluded_cross_model_outlier;ic_weight_fallback_for_uncovered_models;headline_review_shared_input_bias
ARD,2026-03-31,552.2105578377589,404.95,0.36365121086000474,4,0.7142910031834842,fcfe_dcf_terminal_value_dominates_dcf;ic_weight_fallback_for_uncovered_models
ATH,2026-03-31,68.37209457771687,78.05,-0.12399622578197478,4,0.7609977698555671,fcff_dcf_terminal_value_dominates_dcf;fcfe_dcf_terminal_value_dominates_dcf;ic_weight_fallback_for_uncovered_models
ATL,2026-03-31,,132.0,,0,,no_usable_valuation_models
ATW,2026-03-31,498.68167915270976,684.9,-0.27189125543479375,4,0.8960371099530478,ic_weight_fallback_for_uncovered_models
BAL,2026-03-31,158.81220618988266,230.0,-0.3095121470005102,3,0.8595703424413412,fcff_dcf_terminal_value_dominates_dcf;residual_income_excluded_cross_model_outlier;ic_weight_fallback_for_uncovered_models
BCI,2026-03-31,592.2342509604448,621.0,-0.04632165706852687,3,0.7405033636396188,ic_weight_fallback_for_uncovered_models
BCP,2026-03-31,279.242047002268,243.0,0.14914422634678193,3,0.7937151460735831,ic_weight_fallback_for_uncovered_models
BOA,2026-03-31,212.1324039802406,200.0,0.060662019901203124,4,0.897423254176126,ic_weight_fallback_for_uncovered_models
CAP,2026-03-31,74.85901502520386,276.0,-0.7287716846912904,3,0.8347431382043851,justified_multiples_excluded_cross_model_outlier;ic_weight_fallback_for_uncovered_models
CDM,2026-03-31,801.1349409322213,1006.0,-0.20364319986856727,3,0.8383716485698878,residual_income_excluded_cross_model_outlier;ic_weight_fallback_for_uncovered_models
CFG,2026-03-31,77.18774905662214,200.0,-0.6140612547168893,4,0.8395074219506979,ic_weight_fallback_for_uncovered_models
CIH,2026-03-31,318.188844339176,363.6,-0.12489316738400447,4,0.8918254018149661,ic_weight_fallback_for_uncovered_models
CMG,2026-03-31,283.8217364703754,350.5,-0.1902375564325951,4,0.8151954837701666,fcff_dcf_terminal_value_dominates_dcf;fcfe_dcf_terminal_value_dominates_dcf;ic_weight_fallback_for_uncovered_models
CMT,2026-03-31,2874.87795006914,3311.0,-0.13171913317150719,3,0.8435124044035671,fcff_dcf_terminal_value_dominates_dcf;fcfe_dcf_terminal_value_dominates_dcf;justified_multiples_excluded_cross_model_outlier;ic_weight_fallback_for_uncovered_models;headline_review_shared_input_bias
COL,2026-03-31,89.4126724917929,81.0,0.10386015421966555,3,0.854246456259486,fcff_dcf_severe_fcf_quality_warning;fcfe_dcf_severe_fcf_quality_warning;justified_multiples_excluded_cross_model_outlier;ic_weight_fallback_for_uncovered_models
CRS,2026-03-31,38.254649095017584,29.99,0.2755801632216601,3,0.7521539627171043,fcff_dcf_terminal_value_dominates_dcf;fcfe_dcf_terminal_value_dominates_dcf;ic_weight_fallback_for_uncovered_models
CSR,2026-03-31,109.6242304826703,191.9,-0.4287429365155274,5,0.8661165434900253,ic_weight_fallback_for_uncovered_models
CTM,2026-03-31,1276.5976085429875,796.0,0.6037658398781249,3,0.8364025667742017,fcff_dcf_terminal_value_dominates_dcf;fcfe_dcf_terminal_value_dominates_dcf;residual_income_excluded_cross_model_outlier;ic_weight_fallback_for_uncovered_models
DHO,2026-03-31,59.12500333208601,55.8,0.0595878733348747,6,0.8776184257288973,ic_weight_fallback_for_uncovered_models
DWY,2026-03-31,1069.9066735971096,741.0,0.4438686553267337,4,0.8619816362204,ic_weight_fallback_for_uncovered_models
DYT,2026-03-31,553.8712397458904,340.0,0.6290330580761483,3,0.7990040961322327,justified_multiples_excluded_cross_model_outlier;ic_weight_fallback_for_uncovered_models
EQD,2026-03-31,,1400.0,,0,,no_usable_valuation_models
FBR,2026-03-31,398.03634558531473,287.1,0.38640315425048666,3,0.46499999999999997,ic_weight_fallback_for_uncovered_models
GAZ,2026-03-31,3818.8504982771046,3777.0,0.011080354322770658,6,0.8973618475358416,ic_weight_fallback_for_uncovered_models
GTM,2026-03-31,,717.5,,0,,no_usable_valuation_models
HPS,2026-03-31,222.13370317028216,531.0,-0.5816691089071899,6,0.8253248921894742,ic_weight_fallback_for_uncovered_models
IAM,2026-03-31,55.174233606771416,93.88,-0.412289799672226,6,0.6425,ic_weight_fallback_for_uncovered_models
IBC,2026-03-31,,63.0,,0,,no_usable_valuation_models
IMO,2026-03-31,151.40667528222014,91.16,0.6608893734337444,4,0.7772721487103977,fcff_dcf_severe_fcf_quality_warning;fcfe_dcf_severe_fcf_quality_warning;ic_weight_fallback_for_uncovered_models
INV,2026-03-31,121.43904404455996,133.5,-0.09034423936659208,2,0.4175,ddm_terminal_value_dominates_dcf;ic_weight_fallback_for_uncovered_models
JET,2026-03-31,1277.3990584871221,2090.0,-0.38880427823582675,3,0.7596246602995397,ic_weight_fallback_for_uncovered_models
LBV,2026-03-31,2433.324291823159,3900.0,-0.3760706944043182,4,0.8398369662279859,fcff_dcf_terminal_value_dominates_dcf;fcfe_dcf_terminal_value_dominates_dcf;ic_weight_fallback_for_uncovered_models
LES,2026-03-31,96.72628968995552,420.0,-0.7696993102620107,2,0.43999999999999995,ic_weight_fallback_for_uncovered_models
LHM,2026-03-31,1086.9953691679018,1700.0,-0.3605909593129989,6,0.9028718880765405,ic_weight_fallback_for_uncovered_models;headline_review_shared_input_bias
M2M,2026-03-31,246.58471340199154,414.2,-0.4046723481361866,1,0.675,headline_review_shared_input_bias
MAB,2026-03-31,,845.0,,0,,no_usable_valuation_models
MDP,2026-03-31,25.93417131060369,24.7,0.049966449822011816,2,0.395,ic_weight_fallback_for_uncovered_models
MIC,2026-03-31,601.3629735261735,780.0,-0.22902182881259803,4,0.906833382807182,fcff_dcf_terminal_value_dominates_dcf;justified_multiples_excluded_cross_model_outlier;ic_weight_fallback_for_uncovered_models
MLE,2026-03-31,,350.0,,0,,no_usable_valuation_models
MNG,2026-03-31,,8500.0,,3,0.7124200477503038,justified_multiples_excluded_cross_model_outlier;ic_weight_fallback_for_uncovered_models;headline_review_shared_input_bias;headline_review_confident_downside_low_information
MOX,2026-03-31,473.50735050718754,397.95,0.1898664417821021,3,0.7693252134227144,ic_weight_fallback_for_uncovered_models
MSA,2026-03-31,429.28782040049566,764.9,-0.4387660865466131,5,0.8973698526370888,justified_multiples_excluded_cross_model_outlier;ic_weight_fallback_for_uncovered_models
MUT,2026-03-31,212.5052271331179,231.6,-0.08244720581555309,6,0.9449104852209949,ic_weight_fallback_for_uncovered_models
NKL,2026-03-31,,48.98,,0,,no_usable_valuation_models
OUL,2026-03-31,1762.2135724708187,1238.0,0.42343584206043516,3,0.8307784079840106,fcfe_dcf_terminal_value_dominates_dcf;justified_multiples_excluded_cross_model_outlier;ic_weight_fallback_for_uncovered_models
RDS,2026-03-31,142.2933719090616,141.6,0.0048966942730339635,1,0.63,headline_review_shared_input_bias
REB,2026-03-31,,105.0,,2,0.395,ic_weight_fallback_for_uncovered_models;headline_review_shared_input_bias;headline_review_required_extreme_upside;headline_review_weak_model_coverage;headline_review_weak_method_class_agreement;headline_review_lone_thin_comp
RIS,2026-03-31,220.50039333096242,302.0,-0.26986624724846875,6,0.8001401100451048,ic_weight_fallback_for_uncovered_models
S2M,2026-03-31,810.6768154932754,550.0,0.4739578463514098,5,0.9011174407795218,ic_weight_fallback_for_uncovered_models
SAH,2026-03-31,,2780.0,,0,,no_usable_valuation_models
SBM,2026-03-31,2119.141385104615,2250.0,-0.05815938439794888,3,0.8385944620986414,fcff_dcf_terminal_value_dominates_dcf;fcfe_dcf_terminal_value_dominates_dcf;justified_multiples_excluded_cross_model_outlier;ic_weight_fallback_for_uncovered_models
SID,2026-03-31,1275.2148448580274,1800.0,-0.291547308412207,3,0.6566879051112027,justified_multiples_excluded_cross_model_outlier;ic_weight_fallback_for_uncovered_models;headline_review_shared_input_bias
SLF,2026-03-31,,500.0,,0,,no_usable_valuation_models
SMI,2026-03-31,7365.233251788853,6122.0,0.20307632338922788,3,0.7224992585706739,fcff_dcf_terminal_value_dominates_dcf;justified_multiples_excluded_cross_model_outlier;ic_weight_fallback_for_uncovered_models;headline_review_shared_input_bias
SNA,2026-03-31,,69.1,,3,0.48,residual_income_severe_book_value_quality_warning;ic_weight_fallback_for_uncovered_models;headline_review_required_extreme_upside;headline_review_weak_model_coverage;headline_review_weak_method_class_agreement;headline_review_lone_thin_comp
SNP,2026-03-31,,380.0,,0,,no_usable_valuation_models
SRM,2026-03-31,1161.7109243895816,459.4,1.5287569098597773,3,0.44999999999999996,ic_weight_fallback_for_uncovered_models
STR,2026-03-31,,164.35,,3,0.7526220636389915,ic_weight_fallback_for_uncovered_models;headline_review_required_extreme_upside;headline_review_weak_model_coverage;headline_review_weak_method_class_agreement
TGC,2026-03-31,679.355650369709,739.0,-0.08070953941852643,6,0.8915339764284351,ic_weight_fallback_for_uncovered_models
TMA,2026-03-31,473.8553547940594,1499.0,-0.6838856872621352,6,0.7065658516939272,ic_weight_fallback_for_uncovered_models
TQM,2026-03-31,,1750.0,,0,,no_usable_valuation_models
VCN,2026-03-31,237.94850724507376,410.0,-0.4196377872071372,4,0.798354438675694,fcff_dcf_terminal_value_dominates_dcf;fcfe_dcf_terminal_value_dominates_dcf;ic_weight_fallback_for_uncovered_models
WAA,2026-03-31,,4845.0,,0,,no_usable_valuation_models
ZDJ,2026-03-31,457.5348408206033,240.0,0.906395170085847,2,0.7469194184007444,fcfe_dcf_severe_fcf_quality_warning;ic_weight_fallback_for_uncovered_models;headline_review_shared_input_bias
