symbol,statement_year,metric_name,n_distinct_values,min_value,max_value,ratio_max_min,sources_involved,classification,n_raw_rows
ADH,2021,Cash,2,229508525.0,229510000.0,1.0000064267765216,bvc;stockanalysis,B_harmless_equivalent,2
ADH,2021,EBITDA,3,-143701342.0,-123948251.0,0.862540664373197,bvc;stockanalysis;workbook,E_source_disagreement,6
ADH,2021,EnterpriseValue,2,5995761240.26,6939955895.26,1.157477027047037,workbook,E_source_disagreement,4
ADH,2021,NetIncome,2,-96775042.0,-88280000.0,0.9122186689415231,bvc;stockanalysis,E_source_disagreement,2
ADH,2021,Revenue,2,1196552867.0,1197000000.0,1.0003736842828526,bvc;stockanalysis,B_harmless_equivalent,2
ADH,2021,Total_Debt,2,3733477503.0,4678000000.0,1.2529873278306989,bvc;stockanalysis,E_source_disagreement,2
ADH,2021,Total_Equity,2,9605000000.0,9605304598.0,1.0000317124414368,bvc;stockanalysis,B_harmless_equivalent,2
ADH,2022,Cash,2,214596605.0,214600000.0,1.0000158203807559,bvc;stockanalysis,B_harmless_equivalent,2
ADH,2022,EBITDA,3,145200000.0,214755693.0,1.4790336983471075,bvc;stockanalysis;workbook,E_source_disagreement,6
ADH,2022,EnterpriseValue,2,7549606462.5,8543472544.5,1.1316447535294294,workbook,E_source_disagreement,4
ADH,2022,NetIncome,2,11605001.0,37520000.0,3.233088907101344,bvc;stockanalysis,E_source_disagreement,2
ADH,2022,Revenue,2,1377780080.0,1378000000.0,1.0001596190881203,bvc;stockanalysis,B_harmless_equivalent,2
ADH,2022,Total_Debt,2,4845706476.0,4846000000.0,1.0000605740363049,bvc;stockanalysis,B_harmless_equivalent,2
ADH,2022,Total_Equity,2,9643000000.0,9643388563.0,1.0000402948252618,bvc;stockanalysis,B_harmless_equivalent,2
ADH,2023,Cash,2,356615984.0,356620000.0,1.0000112614133414,bvc;stockanalysis,B_harmless_equivalent,2
ADH,2023,EBITDA,3,143840513.0,5984000000.0,41.601631384615544,bvc;stockanalysis;workbook,E_source_disagreement,6
ADH,2023,NetIncome,2,174710000.0,188354593.0,1.0780985232671283,bvc;stockanalysis,E_source_disagreement,2
ADH,2023,Revenue,2,2134000000.0,2134135320.0,1.0000634114339269,bvc;stockanalysis,B_harmless_equivalent,2
ADH,2023,Total_Debt,2,4679565309.0,4680000000.0,1.0000928913203035,bvc;stockanalysis,B_harmless_equivalent,2
ADH,2023,Total_Equity,2,9905741013.0,9906000000.0,1.000026145141455,bvc;stockanalysis,B_harmless_equivalent,2
ADH,2024,Cash,2,205090000.0,205090609.0,1.0000029694280559,bvc;stockanalysis,B_harmless_equivalent,2
ADH,2024,EBITDA,4,493142016.0,2149000000.0,4.357771048249111,bvc;stockanalysis;workbook,E_source_disagreement,6
ADH,2024,EnterpriseValue,2,11299995182.4,13417546444.060001,1.1873939968539222,workbook,E_source_disagreement,4
ADH,2024,NetIncome,2,274180000.0,303644948.0,1.1074657086585455,bvc;stockanalysis,E_source_disagreement,2
ADH,2024,Revenue,2,2594688796.0,2595000000.0,1.0001199388537383,bvc;stockanalysis,B_harmless_equivalent,2
ADH,2024,Total_Debt,2,3212529959.0,4324000000.0,1.3459796656171823,bvc;stockanalysis,E_source_disagreement,2
ADH,2024,Total_Equity,2,10201900882.0,10202000000.0,1.0000097156403642,bvc;stockanalysis,B_harmless_equivalent,2
ADH,2025,Cash,2,167628242.0,167630000.0,1.000010487492913,bvc;stockanalysis,B_harmless_equivalent,2
ADH,2025,EBITDA,4,476353422.0,562648756.0,1.1811582115599875,bvc;stockanalysis;workbook,E_source_disagreement,6
ADH,2025,EnterpriseValue,2,21606030595.32,23921054817.989998,1.1071471324849205,workbook,E_source_disagreement,4
ADH,2025,NetIncome,2,453720000.0,516071666.0,1.1374232257780128,bvc;stockanalysis,E_source_disagreement,2
ADH,2025,Revenue,2,2708923803.0,2709000000.0,1.0000281281444372,bvc;stockanalysis,B_harmless_equivalent,2
ADH,2025,Total_Debt,2,3425372680.0,4553000000.0,1.3291984333803935,bvc;stockanalysis,E_source_disagreement,2
ADH,2025,Total_Equity,2,10410564821.0,10411000000.0,1.0000418016704649,bvc;stockanalysis,B_harmless_equivalent,2
ADH,2026,EnterpriseValue,2,11734369054.099998,11734369054.1,1.0000000000000002,workbook,B_harmless_equivalent,4
ADH,2026,MarketCap_Calc,2,11734369054.099998,11734369054.1,1.0000000000000002,workbook,B_harmless_equivalent,4
ADI,2020,EBITDA,2,-280199000.0,229256000.0,0.8181899293002474,workbook,E_source_disagreement_sign_flip,4
ADI,2021,Cash,2,303360000.0,303361000.0,1.0000032964135022,bvc;stockanalysis,B_harmless_equivalent,2
ADI,2021,EBITDA,3,259578000.0,488498000.0,1.8818929185061908,bvc;stockanalysis;workbook,E_source_disagreement,6
ADI,2021,NetIncome,2,119150000.0,119300000.0,1.0012589173310953,bvc;stockanalysis,E_source_disagreement,2
ADI,2021,Revenue,2,1413801000.0,1428000000.0,1.0100431390273454,bvc;stockanalysis,E_source_disagreement,2
ADI,2021,Total_Debt,2,2262481000.0,2604000000.0,1.1509488919464959,bvc;stockanalysis,E_source_disagreement,2
ADI,2021,Total_Equity,2,3260000000.0,3260105000.0,1.000032208588957,bvc;stockanalysis,B_harmless_equivalent,2
ADI,2022,Cash,2,281348000.0,281350000.0,1.000007108634147,bvc;stockanalysis,B_harmless_equivalent,2
ADI,2022,EBITDA,2,320930000.0,320931000.0,1.0000031159442868,bvc;stockanalysis;workbook,B_harmless_equivalent,5
ADI,2022,EnterpriseValue,2,1412808846.12,3578484846.12,2.532886777958392,workbook,E_source_disagreement,6
ADI,2022,NetIncome,2,174168000.0,178390000.0,1.0242409627486104,bvc;stockanalysis,E_source_disagreement,2
ADI,2022,Revenue,2,1603939000.0,1628000000.0,1.0150011939356796,bvc;stockanalysis,E_source_disagreement,2
ADI,2022,Total_Debt,2,2007466000.0,2447000000.0,1.2189496609158013,bvc;stockanalysis,E_source_disagreement,2
ADI,2022,Total_Equity,2,3401000000.0,3401448000.0,1.000131725962952,bvc;stockanalysis,B_harmless_equivalent,2
ADI,2023,Cash,2,183110000.0,183113000.0,1.0000163835945606,bvc;stockanalysis,B_harmless_equivalent,2
ADI,2023,EBITDA,3,410074000.0,444969000.0,1.0850943975965313,bvc;stockanalysis;workbook,E_source_disagreement,6
ADI,2023,EnterpriseValue,2,1371521886.56,3350659886.56,2.4430232717350213,workbook,E_source_disagreement,6
ADI,2023,NetIncome,2,238870000.0,241877000.0,1.012588437225269,bvc;stockanalysis,E_source_disagreement,2
ADI,2023,Revenue,2,2017287000.0,2044000000.0,1.0132420424064599,bvc;stockanalysis,E_source_disagreement,2
ADI,2023,Total_Debt,2,1945718000.0,2162000000.0,1.1111579375839664,bvc;stockanalysis,E_source_disagreement,2
ADI,2023,Total_Equity,2,3509000000.0,3509132000.0,1.0000376175548589,bvc;stockanalysis,B_harmless_equivalent,2
ADI,2024,Cash,2,711130000.0,711134000.0,1.00000562485059,bvc;stockanalysis,B_harmless_equivalent,2
ADI,2024,EBITDA,3,445676000.0,610691000.0,1.370257765731159,bvc;stockanalysis;workbook,E_source_disagreement,6
ADI,2024,EnterpriseValue,2,4459874776.0,5621417776.0,1.2604429627151488,workbook,E_source_disagreement,6
ADI,2024,NetIncome,2,301920000.0,305444000.0,1.0116719660837308,bvc;stockanalysis,E_source_disagreement,2
ADI,2024,Revenue,2,2363364000.0,2382000000.0,1.0078853701757327,bvc;stockanalysis,E_source_disagreement,2
ADI,2024,Total_Debt,2,1681143000.0,1873000000.0,1.1141229508733046,bvc;stockanalysis,E_source_disagreement,2
ADI,2024,Total_Equity,2,3746000000.0,3746200000.0,1.0000533902829685,bvc;stockanalysis,B_harmless_equivalent,2
ADI,2025,Cash,2,328170000.0,328174000.0,1.000012188804583,bvc;stockanalysis,B_harmless_equivalent,2
ADI,2025,EBITDA,3,586160000.0,614625000.0,1.0485618261225604,bvc;stockanalysis;workbook,E_source_disagreement,6
ADI,2025,EnterpriseValue,2,12253616340.0,14039521340.0,1.1457451376350176,workbook,E_source_disagreement,6
ADI,2025,NetIncome,2,401758000.0,407600000.0,1.0145410919010946,bvc;stockanalysis,E_source_disagreement,2
ADI,2025,Revenue,2,2431512000.0,2445000000.0,1.005547165714173,bvc;stockanalysis,E_source_disagreement,2
ADI,2025,Total_Debt,2,1980718000.0,2114000000.0,1.0672897403870718,bvc;stockanalysis,E_source_disagreement,2
ADI,2025,Total_Equity,2,4084918000.0,4085000000.0,1.0000200738423635,bvc;stockanalysis,B_harmless_equivalent,2
AFI,2021,EBITDA,3,12539610.16,13055470.89,1.04113849820033,stockanalysis;workbook,E_source_disagreement,9
AFI,2022,EBITDA,3,8699587.03,9179414.96,1.0551552537316247,stockanalysis;workbook,E_source_disagreement,9
AFI,2023,EBITDA,2,7186000.0,7580000.0,1.0548288338435847,stockanalysis;workbook,E_source_disagreement,9
AFI,2024,EBITDA,2,9586000.0,10000000.0,1.0431879824744419,stockanalysis;workbook,E_source_disagreement,9
AFI,2024,NetIncome,2,9920000.0,10000000.0,1.0080645161290323,bvc;stockanalysis,E_source_disagreement,6
AFI,2024,Revenue,2,43000000.0,43110000.0,1.0025581395348837,bvc;stockanalysis,E_source_disagreement,6
AFI,2025,EBITDA,2,11151000.0,11560000.0,1.036678324813918,stockanalysis;workbook,E_source_disagreement,9
AFI,2025,NetIncome,2,7530000.0,8000000.0,1.0624169986719787,bvc;stockanalysis,E_source_disagreement,6
AFI,2025,Revenue,2,43950000.0,44000000.0,1.0011376564277588,bvc;stockanalysis,E_source_disagreement,6
AFM,2019,EBITDA,2,78034088.0,91164000.0,1.1682586717743149,bvc;workbook,E_source_disagreement,4
AFM,2020,EBITDA,2,70132814.0,100369000.0,1.4311275175697356,bvc;workbook,E_source_disagreement,4
AFM,2021,Cash,2,27130000.0,27131937.0,1.0000713969775157,bvc;stockanalysis,B_harmless_equivalent,5
AFM,2021,EBITDA,2,92373532.0,97660000.0,1.0572292504740428,bvc;stockanalysis;workbook,E_source_disagreement,8
AFM,2021,EnterpriseValue,2,71958487.0,102930642.0,1.4304169847262076,workbook,E_source_disagreement,4
AFM,2021,NetIncome,2,57850000.0,59930276.0,1.035959827139153,bvc;stockanalysis,E_source_disagreement,5
AFM,2021,Revenue,2,221877454.0,221880000.0,1.000011474802663,bvc;stockanalysis,B_harmless_equivalent,5
AFM,2021,Total_Debt,2,80679526.0,111650000.0,1.3838703018656802,bvc;stockanalysis,E_source_disagreement,5
AFM,2021,Total_Equity,2,43020000.0,43022575.0,1.0000598558809857,bvc;stockanalysis,B_harmless_equivalent,5
AFM,2022,Cash,2,11097276.0,11100000.0,1.0002454656440012,bvc;stockanalysis,B_harmless_equivalent,5
AFM,2022,EBITDA,2,96608288.0,105410000.0,1.0911072143209908,bvc;stockanalysis;workbook,E_source_disagreement,8
AFM,2022,EnterpriseValue,2,120822518.0,163672118.0,1.3546491226080886,workbook,E_source_disagreement,4
AFM,2022,NetIncome,2,59320000.0,61445690.0,1.0358342886041807,bvc;stockanalysis,E_source_disagreement,5
AFM,2022,Revenue,2,243690000.0,243691127.0,1.0000046247281382,bvc;stockanalysis,B_harmless_equivalent,5
AFM,2022,Total_Debt,2,104765555.0,147620000.0,1.4090509041831545,bvc;stockanalysis,E_source_disagreement,5
AFM,2022,Total_Equity,2,49248606.0,49250000.0,1.0000283053696992,bvc;stockanalysis,B_harmless_equivalent,5
AFM,2023,Cash,2,19660000.0,19664000.0,1.0002034587995932,bvc;stockanalysis,B_harmless_equivalent,5
AFM,2023,EBITDA,2,99289000.0,112020000.0,1.128221655973975,bvc;stockanalysis;workbook,E_source_disagreement,8
AFM,2023,NetIncome,2,60000000.0,62474000.0,1.0412333333333332,bvc;stockanalysis,E_source_disagreement,5
AFM,2023,Total_Debt,2,92775000.0,149370000.0,1.6100242522231205,bvc;stockanalysis,E_source_disagreement,5
AFM,2023,Total_Equity,2,54910000.0,54912000.0,1.0000364232380259,bvc;stockanalysis,B_harmless_equivalent,5
AFM,2024,Cash,2,11458000.0,11460000.0,1.0001745505323791,bvc;stockanalysis,B_harmless_equivalent,5
AFM,2024,EBITDA,2,123230000.0,130927000.0,1.062460439827964,bvc;stockanalysis;workbook,E_source_disagreement,8
AFM,2024,EnterpriseValue,3,1183000000.0,1320079000.0,1.115874049027895,workbook,E_source_disagreement,6
AFM,2024,NetIncome,2,72350000.0,74222000.0,1.025874222529371,bvc;stockanalysis,E_source_disagreement,5
AFM,2024,Revenue,2,286220000.0,286224000.0,1.000013975263783,bvc;stockanalysis,B_harmless_equivalent,5
AFM,2024,Total_Debt,2,133660000.0,133664000.0,1.0000299266796349,bvc;stockanalysis,B_harmless_equivalent,5
AFM,2024,Total_Equity,2,70867000.0,70870000.0,1.0000423328206358,bvc;stockanalysis,B_harmless_equivalent,5
AFM,2025,EBITDA,2,130396000.0,147180000.0,1.1287156047731526,stockanalysis;workbook,E_source_disagreement,8
AFM,2025,EnterpriseValue,2,1334000000.0,1508629000.0,1.1309062968515742,workbook,E_source_disagreement,6
AFM,2025,NetIncome,2,72660000.0,73000000.0,1.0046793283787503,bvc;stockanalysis,E_source_disagreement,5
AFM,2025,Revenue,2,316420000.0,317000000.0,1.001833006763163,bvc;stockanalysis,E_source_disagreement,5
AGM,2022,Cash,2,101887000.0,101890000.0,1.000029444384465,bvc;stockanalysis,B_harmless_equivalent,5
AGM,2022,EBITDA,2,88688000.0,88690000.0,1.0000225509651812,bvc;stockanalysis;workbook,B_harmless_equivalent,9
AGM,2022,NetIncome,2,55300000.0,56830000.0,1.0276672694394213,bvc;stockanalysis,E_source_disagreement,5
AGM,2022,Total_Equity,2,131980000.0,131982000.0,1.0000151538111834,bvc;stockanalysis,B_harmless_equivalent,5
AGM,2023,Cash,2,131207000.0,131210000.0,1.0000228646337466,bvc;stockanalysis,B_harmless_equivalent,5
AGM,2023,EBITDA,2,92530000.0,93410000.0,1.0095104290500378,bvc;stockanalysis;workbook,E_source_disagreement,9
AGM,2023,EnterpriseValue,2,-131207000.0,1144790000.0,8.725068022285397,workbook,E_source_disagreement_sign_flip,4
AGM,2023,NetIncome,2,63298000.0,63300000.0,1.0000315965749313,bvc;stockanalysis,B_harmless_equivalent,5
AGM,2023,Revenue,2,160810000.0,160813000.0,1.0000186555562465,bvc;stockanalysis,B_harmless_equivalent,5
AGM,2023,Total_Equity,2,146239000.0,146240000.0,1.0000068381211578,bvc;stockanalysis,B_harmless_equivalent,5
AGM,2024,Cash,2,151188000.0,151190000.0,1.0000132285631134,bvc;stockanalysis,B_harmless_equivalent,5
AGM,2024,EBITDA,3,86573000.0,94780000.0,1.0947986092661683,bvc;stockanalysis;workbook,E_source_disagreement,9
AGM,2024,EnterpriseValue,2,1170812000.0,1289807000.0,1.1016345920608945,workbook,E_source_disagreement,4
AGM,2024,NetIncome,2,66626000.0,66630000.0,1.0000600366223396,bvc;stockanalysis,B_harmless_equivalent,5
AGM,2024,Revenue,2,172249000.0,172250000.0,1.0000058055489436,bvc;stockanalysis,B_harmless_equivalent,5
AGM,2024,Total_Equity,2,157799000.0,157800000.0,1.0000063371757741,bvc;stockanalysis,B_harmless_equivalent,5
AGM,2025,EBITDA,2,95735000.0,100094000.0,1.0455319371180865,workbook,E_source_disagreement,4
AGM,2025,EnterpriseValue,2,1243010000.0,1262251000.0,1.015479360584388,workbook,E_source_disagreement,4
AKT,2021,EBITDA,3,46352719.0,191010000.0,4.120793863246727,bvc;stockanalysis;workbook,E_source_disagreement,4
AKT,2021,NetIncome,2,43500000.0,46395681.0,1.0665673793103447,bvc;stockanalysis,E_source_disagreement,2
AKT,2021,Revenue,2,767620000.0,767620277.0,1.0000003608556316,bvc;stockanalysis,B_harmless_equivalent,2
AKT,2021,Total_Debt,2,554601567.0,762980000.0,1.3757263689808508,bvc;stockanalysis,E_source_disagreement,2
AKT,2021,Total_Equity,2,437388075.0,437390000.0,1.0000044011259337,bvc;stockanalysis,B_harmless_equivalent,2
AKT,2022,EBITDA,2,276250000.0,282876084.0,1.0239858244343891,bvc;stockanalysis;workbook,E_source_disagreement,4
AKT,2022,NetIncome,2,87650000.0,98569695.0,1.1245829435253851,bvc;stockanalysis,E_source_disagreement,2
AKT,2022,Revenue,2,1034777927.0,1035000000.0,1.0002146093323074,bvc;stockanalysis,B_harmless_equivalent,2
AKT,2022,Total_Debt,2,433581211.0,715060000.0,1.649195080088468,bvc;stockanalysis,E_source_disagreement,2
AKT,2022,Total_Equity,2,1277964945.0,1278000000.0,1.000027430329867,bvc;stockanalysis,B_harmless_equivalent,2
AKT,2023,EBITDA,2,145388181.0,538430000.0,3.7033959452316143,bvc;stockanalysis;workbook,E_source_disagreement,4
AKT,2023,EnterpriseValue,2,5042980134.0,5249692409.0,1.0409901029762811,bvc;workbook,E_source_disagreement,2
AKT,2023,NetIncome,2,174686517.0,174690000.0,1.0000199385737367,bvc;stockanalysis,B_harmless_equivalent,2
AKT,2023,Revenue,2,1907000000.0,1907329124.0,1.0001725873099108,bvc;stockanalysis,B_harmless_equivalent,2
AKT,2023,Total_Debt,2,1067190581.0,1186000000.0,1.1113291488092698,bvc;stockanalysis,E_source_disagreement,2
AKT,2023,Total_Equity,2,1387209716.0,1426000000.0,1.0279628116445516,bvc;stockanalysis,E_source_disagreement,2
AKT,2024,EBITDA,2,199695522.0,838730000.0,4.200044105145232,bvc;stockanalysis;workbook,E_source_disagreement,4
AKT,2024,EnterpriseValue,2,10723735052.0,10977260760.0,1.0236415490284532,bvc;workbook,E_source_disagreement,2
AKT,2024,NetIncome,2,314610000.0,347553992.0,1.1047137471790471,bvc;stockanalysis,E_source_disagreement,2
AKT,2024,Revenue,2,2954000000.0,2954038793.0,1.0000131323628978,bvc;stockanalysis,B_harmless_equivalent,2
AKT,2024,Total_Debt,2,1428622648.0,1671000000.0,1.1696580635476528,bvc;stockanalysis,E_source_disagreement,2
AKT,2024,Total_Equity,2,2638508203.0,2639000000.0,1.0001863920678513,bvc;stockanalysis,B_harmless_equivalent,2
AKT,2025,EBITDA,3,807750348.0,1214000000.0,1.5029396186654445,bvc;stockanalysis;workbook,E_source_disagreement,4
AKT,2025,EnterpriseValue,2,17982192890.0,21857192890.0,1.2154909595122245,bvc;workbook,E_source_disagreement,2
AKT,2025,NetIncome,2,443680000.0,494331591.0,1.11416243914533,bvc;stockanalysis,E_source_disagreement,2
AKT,2025,Revenue,2,4413000000.0,4413384274.0,1.0000870777249038,bvc;stockanalysis,B_harmless_equivalent,2
AKT,2025,Total_Debt,2,3727486430.0,4477000000.0,1.201077477832696,bvc;stockanalysis,E_source_disagreement,2
AKT,2025,Total_Equity,2,2925562585.0,2926000000.0,1.0001495148325463,bvc;stockanalysis,B_harmless_equivalent,2
ALM,2021,EBITDA,3,127600000.0,162200000.0,1.2711598746081505,bvc;stockanalysis;workbook,E_source_disagreement,6
ALM,2021,NetIncome,2,18200000.0,20800000.0,1.1428571428571428,bvc;stockanalysis,E_source_disagreement,2
ALM,2021,Revenue,2,1172000000.0,1172100000.0,1.000085324232082,bvc;stockanalysis,B_harmless_equivalent,2
ALM,2021,Total_Debt,2,199700000.0,446800000.0,2.2373560340510767,bvc;stockanalysis,E_source_disagreement,2
ALM,2022,EBITDA,2,122670000.0,151110000.0,1.2318415260454878,bvc;stockanalysis;workbook,E_source_disagreement,6
ALM,2022,NetIncome,2,4480000.0,7500000.0,1.6741071428571428,bvc;stockanalysis,E_source_disagreement,2
ALM,2022,Revenue,2,1418800000.0,1419000000.0,1.0001409641950945,bvc;stockanalysis,B_harmless_equivalent,2
ALM,2022,Total_Debt,2,164700000.0,684750000.0,4.157559198542805,bvc;stockanalysis,E_source_disagreement,2
ALM,2022,Total_Equity,2,293150000.0,293200000.0,1.0001705611461709,bvc;stockanalysis,B_harmless_equivalent,2
ALM,2023,EBITDA,2,84210000.0,124000000.0,1.47250920318252,bvc;stockanalysis;workbook,E_source_disagreement,6
ALM,2023,Revenue,2,1270000000.0,1270020000.0,1.000015748031496,bvc;stockanalysis,B_harmless_equivalent,2
ALM,2023,Total_Debt,2,264690000.0,355790000.0,1.3441762061279232,bvc;stockanalysis,E_source_disagreement,2
ALM,2023,Total_Equity,2,246700000.0,268560000.0,1.0886096473449534,bvc;stockanalysis,E_source_disagreement,2
ALM,2024,Cash,2,25210000.0,25212000.0,1.0000793335977787,bvc;stockanalysis,B_harmless_equivalent,2
ALM,2024,EBITDA,3,109730000.0,147125320000.0,1340.7939487833773,bvc;stockanalysis;workbook,E_source_disagreement,6
ALM,2024,EnterpriseValue,3,698465046.0,548352245046.0,785.0818708628692,workbook,E_source_disagreement,6
ALM,2024,NetIncome,2,36800000.0,36840000.0,1.001086956521739,bvc;stockanalysis,E_source_disagreement,2
ALM,2024,Total_Debt,2,183980240.0,388890000.0,2.1137596080970433,bvc;stockanalysis,E_source_disagreement,2
ALM,2024,Total_Equity,2,247790330.0,270960000.0,1.0935051420287467,bvc;stockanalysis,E_source_disagreement,2
ALM,2025,Cash,2,49579670.0,49580000.0,1.0000066559539424,bvc;stockanalysis,B_harmless_equivalent,2
ALM,2025,EBITDA,3,138500000.0,172989430000.0,1249.021155234657,bvc;stockanalysis;workbook,E_source_disagreement,6
ALM,2025,EnterpriseValue,3,829398120.0,523789698120.0,631.5298835256583,workbook,E_source_disagreement,6
ALM,2025,NetIncome,2,62410000.0,66300000.0,1.0623297548469797,bvc;stockanalysis,E_source_disagreement,2
ALM,2025,Revenue,2,1267700000.0,1305000000.0,1.0294233651494833,bvc;stockanalysis,E_source_disagreement,2
ALM,2025,Total_Debt,2,114400540.0,458140000.0,4.004701376409587,bvc;stockanalysis,E_source_disagreement,2
ALM,2025,Total_Equity,2,262142600.0,286050000.0,1.0911999804686456,bvc;stockanalysis,E_source_disagreement,2
ARD,2020,EBITDA,2,132494000.0,213826000.0,1.6138542122662158,bvc;workbook,E_source_disagreement,4
ARD,2021,Cash,2,495965000.0,495970000.0,1.0000100813565473,bvc;stockanalysis,B_harmless_equivalent,3
ARD,2021,EBITDA,2,295260000.0,487668000.0,1.6516561674456411,bvc;stockanalysis;workbook,E_source_disagreement,6
ARD,2021,NetIncome,2,344069000.0,344070000.0,1.0000029063937756,bvc;stockanalysis,B_harmless_equivalent,3
ARD,2021,Revenue,2,421130000.0,421133000.0,1.0000071236910217,bvc;stockanalysis,B_harmless_equivalent,2
ARD,2021,Total_Debt,2,2369149000.0,2441000000.0,1.030327767481066,bvc;stockanalysis,E_source_disagreement,3
ARD,2021,Total_Equity,2,4215646000.0,4216000000.0,1.0000839728952573,bvc;stockanalysis,B_harmless_equivalent,3
ARD,2022,Cash,2,378459000.0,378460000.0,1.0000026422941455,bvc;stockanalysis,B_harmless_equivalent,3
ARD,2022,EBITDA,2,359160000.0,441975000.0,1.2305796859338456,bvc;stockanalysis;workbook,E_source_disagreement,6
ARD,2022,EnterpriseValue,2,2847910000.0,7052000000.0,2.476201846266209,workbook,E_source_disagreement,4
ARD,2022,NetIncome,2,227050000.0,262132000.0,1.154512221977538,bvc;stockanalysis,E_source_disagreement,3
ARD,2022,Revenue,2,486069000.0,486070000.0,1.00000205732108,bvc;stockanalysis,B_harmless_equivalent,2
ARD,2022,Total_Debt,2,2816359000.0,2889000000.0,1.0257925214789734,bvc;stockanalysis,E_source_disagreement,3
ARD,2022,Total_Equity,2,4519620000.0,4520000000.0,1.0000840778649533,bvc;stockanalysis,B_harmless_equivalent,3
ARD,2023,Cash,2,682328000.0,682330000.0,1.000002931141621,bvc;stockanalysis,B_harmless_equivalent,3
ARD,2023,EBITDA,2,443950000.0,501352000.0,1.1292983444081541,bvc;stockanalysis;workbook,E_source_disagreement,7
ARD,2023,NetIncome,2,271570000.0,271574000.0,1.0000147291674337,bvc;stockanalysis,B_harmless_equivalent,3
ARD,2023,Revenue,2,583180000.0,583181000.0,1.000001714736445,bvc;stockanalysis,B_harmless_equivalent,2
ARD,2023,Total_Debt,2,3352047000.0,3420000000.0,1.0202720904569655,bvc;stockanalysis,E_source_disagreement,3
ARD,2023,Total_Equity,2,4500158000.0,4565000000.0,1.0144088274233927,bvc;stockanalysis,E_source_disagreement,3
ARD,2024,Cash,2,813650000.0,813652000.0,1.000002458059362,bvc;stockanalysis,B_harmless_equivalent,3
ARD,2024,EBITDA,2,435460000.0,537882000.0,1.235204151931291,bvc;stockanalysis;workbook,E_source_disagreement,6
ARD,2024,NetIncome,2,297450000.0,297453000.0,1.000010085728694,bvc;stockanalysis,B_harmless_equivalent,3
ARD,2024,Revenue,2,605747000.0,605750000.0,1.0000049525627035,bvc;stockanalysis,B_harmless_equivalent,2
ARD,2024,Total_Debt,2,3342624000.0,3415000000.0,1.0216524502905502,bvc;stockanalysis,E_source_disagreement,3
ARD,2024,Total_Equity,2,5191827000.0,5192000000.0,1.0000333216033586,bvc;stockanalysis,B_harmless_equivalent,3
ARD,2025,Cash,2,606247000.0,606250000.0,1.0000049484780955,bvc;stockanalysis,B_harmless_equivalent,3
ARD,2025,EBITDA,3,472650000.0,742119000.0,1.5701237702316724,bvc;stockanalysis;workbook,E_source_disagreement,6
ARD,2025,EnterpriseValue,2,8888188920.0,8888189920.0,1.0000001125088598,workbook,B_harmless_equivalent,4
ARD,2025,Net_Debt,2,2805000000.0,2883000000.0,1.027807486631016,bvc;stockanalysis,E_source_disagreement,3
ARD,2025,NetIncome,2,534410000.0,534413000.0,1.000005613667409,bvc;stockanalysis,B_harmless_equivalent,3
ARD,2025,Revenue,2,646897000.0,646900000.0,1.0000046375234388,bvc;stockanalysis,B_harmless_equivalent,2
ARD,2025,Total_Debt,2,3411462000.0,3490000000.0,1.0230218012101557,bvc;stockanalysis,E_source_disagreement,3
ARD,2025,Total_Equity,2,5444531000.0,5445000000.0,1.000086141487669,bvc;stockanalysis,B_harmless_equivalent,3
ATH,2020,EBITDA,2,295264236.06,455000000.0,1.540992590472557,bvc;workbook,E_source_disagreement,4
ATH,2021,Cash,2,107267171.61,107270000.0,1.0000263677130434,bvc;stockanalysis,B_harmless_equivalent,2
ATH,2021,EBITDA,2,459714789.38,624820000.0,1.359147050375889,bvc;stockanalysis;workbook,E_source_disagreement,5
ATH,2021,EnterpriseValue,2,2626695965.3,5072730000.0,1.9312208443662162,workbook,E_source_disagreement,4
ATH,2021,NetIncome,2,264070000.0,264072991.51,1.0000113284735108,bvc;stockanalysis,B_harmless_equivalent,2
ATH,2021,Revenue,2,5084000000.0,5084338394.68,1.0000665607159718,bvc;stockanalysis,B_harmless_equivalent,2
ATH,2021,Total_Equity,2,1776000000.0,1776367880.97,1.0002071401858108,bvc;stockanalysis,B_harmless_equivalent,2
ATH,2022,Cash,2,84190000.0,84190468.07,1.0000055596864235,bvc;stockanalysis,B_harmless_equivalent,2
ATH,2022,EBITDA,2,441690000.0,456279840.14,1.0330318552378364,bvc;stockanalysis;workbook,E_source_disagreement,5
ATH,2022,EnterpriseValue,2,3184810000.0,3999097328.19,1.2556784637670693,workbook,E_source_disagreement,4
ATH,2022,NetIncome,2,100060000.0,100064071.69,1.0000406924845093,bvc;stockanalysis,B_harmless_equivalent,2
ATH,2022,Revenue,2,4831000000.0,4831136612.44,1.0000282782943488,bvc;stockanalysis,B_harmless_equivalent,2
ATH,2022,Total_Equity,2,1693975650.26,1694000000.0,1.0000143743152365,bvc;stockanalysis,B_harmless_equivalent,2
ATH,2023,Cash,2,458720000.0,458722499.22,1.0000054482472969,bvc;stockanalysis,B_harmless_equivalent,2
ATH,2023,EBITDA,2,440570000.0,455410731.11,1.033685296570352,bvc;stockanalysis;workbook,E_source_disagreement,5
ATH,2023,NetIncome,2,27880000.0,170000000.0,6.097560975609756,bvc;stockanalysis,E_source_disagreement,2
ATH,2023,Total_Equity,2,1542989683.63,1543000000.0,1.0000066859617465,bvc;stockanalysis,B_harmless_equivalent,2
ATH,2024,Cash,2,577499912.02,577500000.0,1.0000001523463435,bvc;stockanalysis,B_harmless_equivalent,2
ATH,2024,EBITDA,2,446470000.0,456560475.04,1.022600566757005,bvc;stockanalysis;workbook,E_source_disagreement,6
ATH,2024,NetIncome,2,17000000.0,17090000.0,1.005294117647059,bvc;stockanalysis,E_source_disagreement,2
ATH,2024,Total_Equity,2,1458514079.09,1459000000.0,1.000333161617681,bvc;stockanalysis,B_harmless_equivalent,2
ATH,2025,Cash,2,397798873.12,397800000.0,1.0000028327883164,bvc;stockanalysis,B_harmless_equivalent,2
ATH,2025,EBITDA,2,522280000.0,572200583.91,1.095582032453856,bvc;stockanalysis;workbook,E_source_disagreement,6
ATH,2025,NetIncome,2,99830000.0,100000000.0,1.0017028949213662,bvc;stockanalysis,E_source_disagreement,2
ATH,2025,Revenue,2,5911000000.0,5912000000.0,1.000169176112333,bvc;stockanalysis,B_harmless_equivalent,2
ATH,2025,Total_Equity,2,1445975818.36,1446000000.0,1.0000167234055322,bvc;stockanalysis,B_harmless_equivalent,2
ATL,2021,Cash,2,54016000.0,54020000.0,1.0000740521327014,bvc;stockanalysis,B_harmless_equivalent,4
ATL,2021,NetIncome,2,416510000.0,416797000.0,1.0006890590862165,bvc;stockanalysis,B_harmless_equivalent,4
ATL,2021,Revenue,2,5642000000.0,6216913000.0,1.1018987947536334,bvc;stockanalysis,E_source_disagreement,2
ATL,2021,Total_Debt,2,7569000.0,500910000.0,66.17915180340864,bvc;stockanalysis,E_source_disagreement,4
ATL,2021,Total_Equity,2,2104000000.0,2104294000.0,1.0001397338403042,bvc;stockanalysis,B_harmless_equivalent,4
ATL,2022,Cash,2,180509000.0,180510000.0,1.0000055398899779,bvc;stockanalysis,B_harmless_equivalent,4
ATL,2022,EBITDA,2,893724000.0,908950000.0,1.0170365795256702,bvc;stockanalysis;workbook,E_source_disagreement,7
ATL,2022,NetIncome,2,413590000.0,413821000.0,1.0005585241422665,bvc;stockanalysis,B_harmless_equivalent,4
ATL,2022,Revenue,2,5446000000.0,6073549000.0,1.11523117884686,bvc;stockanalysis,E_source_disagreement,2
ATL,2022,Total_Debt,2,7544000.0,508720000.0,67.43372216330859,bvc;stockanalysis,E_source_disagreement,4
ATL,2022,Total_Equity,2,2180900000.0,2181000000.0,1.0000458526296483,bvc;stockanalysis,B_harmless_equivalent,4
ATL,2023,EBITDA,2,665460000.0,714685000.0,1.073971388212665,bvc;stockanalysis;workbook,E_source_disagreement,8
ATL,2023,EnterpriseValue,2,291163000.0,7820250000.0,26.858666794888087,workbook,E_source_disagreement,4
ATL,2023,NetIncome,2,437549000.0,437550000.0,1.0000022854583144,bvc;stockanalysis,B_harmless_equivalent,4
ATL,2023,Revenue,2,4990000000.0,5111893000.0,1.0244274549098196,bvc;stockanalysis,E_source_disagreement,2
ATL,2023,Total_Debt,2,7536000.0,506180000.0,67.16825902335457,bvc;stockanalysis,E_source_disagreement,4
ATL,2023,Total_Equity,2,2257837000.0,2258000000.0,1.000072192988245,bvc;stockanalysis,B_harmless_equivalent,4
ATL,2024,Cash,2,380011000.0,380080000.0,1.0001815736912878,bvc;stockanalysis,B_harmless_equivalent,4
ATL,2024,EBITDA,3,535186000.0,671980000.0,1.2556008565246475,bvc;stockanalysis;workbook,E_source_disagreement,8
ATL,2024,EnterpriseValue,2,7784334780.0,7816856780.0,1.0041778778687112,workbook,E_source_disagreement,4
ATL,2024,NetIncome,2,453360000.0,453361000.0,1.0000022057526028,bvc;stockanalysis,B_harmless_equivalent,4
ATL,2024,Revenue,2,5259970000.0,5310000000.0,1.0095114610919833,bvc;stockanalysis,E_source_disagreement,2
ATL,2024,Total_Debt,2,23036000.0,489180000.0,21.235457544712624,bvc;stockanalysis,E_source_disagreement,4
ATL,2024,Total_Equity,2,2367775000.0,2368000000.0,1.0000950259209596,bvc;stockanalysis,B_harmless_equivalent,4
ATL,2025,EBITDA,2,500250000.0,579950000.0,1.1593203398300849,bvc;stockanalysis,E_source_disagreement,5
ATL,2025,EnterpriseValue,2,8379419705.0,8379481049.0,1.0000073207933438,workbook,B_harmless_equivalent,4
ATL,2025,NetIncome,2,466000000.0,467640000.0,1.003519313304721,bvc;stockanalysis,E_source_disagreement,4
ATL,2025,Revenue,2,6050000000.0,6336000000.0,1.0472727272727274,bvc;stockanalysis,E_source_disagreement,2
ATW,2016,EnterpriseValue,2,72749874707.84999,100616886707.84999,1.3830523710440568,workbook,E_source_disagreement,6
ATW,2017,EnterpriseValue,2,86056335600.0,120226055600.0,1.3970622239694808,workbook,E_source_disagreement,6
ATW,2020,EnterpriseValue,2,80010878024.09999,143124573024.09998,1.7888139282884707,workbook,E_source_disagreement,6
ATW,2021,Cash,2,25737654000.0,25738000000.0,1.0000134433386973,bvc;stockanalysis,B_harmless_equivalent,6
ATW,2021,EnterpriseValue,4,53505592512.65001,128847395512.65001,2.408110806028125,bvc;workbook,E_source_disagreement,8
ATW,2021,NetIncome,2,5144000000.0,6156766000.0,1.1968829704510109,bvc;stockanalysis,E_source_disagreement,6
ATW,2021,Revenue,2,20731000000.0,24379629000.0,1.175998697602624,bvc;stockanalysis,E_source_disagreement,6
ATW,2021,Total_Debt,2,42430419000.0,63136000000.0,1.48798907689316,bvc;stockanalysis,E_source_disagreement,6
ATW,2021,Total_Equity,2,59792000000.0,59792421000.0,1.0000070410757291,bvc;stockanalysis,B_harmless_equivalent,6
ATW,2022,Cash,2,23888000000.0,23888146000.0,1.000006111855325,bvc;stockanalysis,B_harmless_equivalent,6
ATW,2022,EnterpriseValue,4,24784861000.0,143075061940.0,5.772679618417065,bvc;workbook,E_source_disagreement,8
ATW,2022,NetIncome,2,6103000000.0,7458609000.0,1.2221217434048828,bvc;stockanalysis,E_source_disagreement,6
ATW,2022,Revenue,2,22671000000.0,26313495000.0,1.1606675929601693,bvc;stockanalysis,E_source_disagreement,6
ATW,2022,Total_Debt,2,39689007000.0,61730000000.0,1.5553425158759955,bvc;stockanalysis,E_source_disagreement,6
ATW,2022,Total_Equity,2,62125436000.0,62865000000.0,1.0119043671580832,bvc;stockanalysis,E_source_disagreement,6
ATW,2023,Cash,2,24645000000.0,24645493000.0,1.0000200040576182,bvc;stockanalysis,B_harmless_equivalent,6
ATW,2023,EBITDA,2,13770913000.0,15160091000.0,1.1008776977967982,bvc;workbook,E_source_disagreement,4
ATW,2023,EnterpriseValue,4,47260043369.84999,144916627369.85,3.0663667876001357,bvc;workbook,E_source_disagreement,8
ATW,2023,NetIncome,2,7508000000.0,9063420000.0,1.2071683537559936,bvc;stockanalysis,E_source_disagreement,6
ATW,2023,Revenue,2,25962000000.0,29942723000.0,1.1533288267467838,bvc;stockanalysis,E_source_disagreement,6
ATW,2023,Total_Debt,2,35860062000.0,59973000000.0,1.6724176327414046,bvc;stockanalysis,E_source_disagreement,6
ATW,2023,Total_Equity,2,66705958000.0,66706000000.0,1.0000006296289157,bvc;stockanalysis,B_harmless_equivalent,6
ATW,2024,Cash,2,27722943000.0,27723000000.0,1.000002056058767,bvc;stockanalysis,B_harmless_equivalent,6
ATW,2024,EnterpriseValue,4,9169294000.0,175701052128.1,19.161895357276144,bvc;workbook,E_source_disagreement,8
ATW,2024,MarketCap_Calc,2,109270032128.09999,109270032128.1,1.0000000000000002,workbook,B_harmless_equivalent,6
ATW,2024,NetIncome,2,9504000000.0,9504486000.0,1.0000511363636364,bvc;stockanalysis,B_harmless_equivalent,6
ATW,2024,Revenue,2,30420000000.0,34507117000.0,1.1343562458908614,bvc;stockanalysis,E_source_disagreement,6
ATW,2024,Total_Debt,2,35175968000.0,62187000000.0,1.767883118383551,bvc;stockanalysis,E_source_disagreement,6
ATW,2024,Total_Equity,2,62456132000.0,72503000000.0,1.1608627956659243,bvc;stockanalysis,E_source_disagreement,6
ATW,2025,EnterpriseValue,4,3398933000.0,153954492132.2,45.2949476003793,bvc;workbook,E_source_disagreement,7
ATW,2025,MarketCap_Calc,2,150555559132.19998,150555559132.2,1.0000000000000002,workbook,B_harmless_equivalent,6
ATW,2025,NetIncome,2,10645000000.0,12368271000.0,1.1618854861437296,bvc;stockanalysis,E_source_disagreement,6
ATW,2025,Total_Equity,2,80490000000.0,80490370000.0,1.0000045968443285,bvc;stockanalysis,B_harmless_equivalent,6
BAL,2021,Cash,2,4665894.0,4670000.0,1.0008800028461855,bvc;stockanalysis,B_harmless_equivalent,3
BAL,2021,EBITDA,2,11903207.0,15961900.0,1.3409747473937066,workbook,E_source_disagreement,4
BAL,2021,NetIncome,2,9887658.0,9890000.0,1.0002368609432082,bvc;stockanalysis,B_harmless_equivalent,3
BAL,2021,Revenue,2,48149016.0,48150000.0,1.0000204365547158,bvc;stockanalysis,B_harmless_equivalent,3
BAL,2021,Total_Debt,2,7130000.0,7131911.0,1.0002680224403928,bvc;stockanalysis,B_harmless_equivalent,3
BAL,2021,Total_Equity,2,117266055.0,117270000.0,1.0000336414489257,bvc;stockanalysis,B_harmless_equivalent,3
BAL,2022,Cash,2,4285480.0,4290000.0,1.0010547243249297,bvc;stockanalysis,E_source_disagreement,3
BAL,2022,EBITDA,3,9459384.0,14311042.0,1.512893651425928,bvc;stockanalysis;workbook,E_source_disagreement,7
BAL,2022,EnterpriseValue,2,-1232566.0,229400000.0,186.11579420493507,workbook,E_source_disagreement_sign_flip,4
BAL,2022,NetIncome,2,18485725.0,18490000.0,1.0002312595259315,bvc;stockanalysis,B_harmless_equivalent,3
BAL,2022,Revenue,2,49940000.0,49944409.0,1.0000882859431317,bvc;stockanalysis,B_harmless_equivalent,3
BAL,2022,Total_Debt,2,6960000.0,10152660.0,1.4587155172413793,bvc;stockanalysis,E_source_disagreement,3
BAL,2022,Total_Equity,2,124910000.0,131862636.0,1.0556611640381075,bvc;stockanalysis,E_source_disagreement,3
BAL,2023,EBITDA,2,9916000.0,13670000.0,1.3785800726099233,bvc;stockanalysis;workbook,E_source_disagreement,7
BAL,2023,NetIncome,2,8890000.0,8891000.0,1.0001124859392576,bvc;stockanalysis,B_harmless_equivalent,3
BAL,2023,Revenue,2,51615000.0,58280000.0,1.1291291291291292,bvc;stockanalysis,E_source_disagreement,3
BAL,2024,Cash,2,12337020.0,12340000.0,1.0002415494179306,bvc;stockanalysis,B_harmless_equivalent,3
BAL,2024,EBITDA,2,18490000.0,20490366.0,1.1081863710113575,bvc;stockanalysis;workbook,E_source_disagreement,7
BAL,2024,NetIncome,2,14280000.0,14280669.0,1.0000468487394958,bvc;stockanalysis,B_harmless_equivalent,3
BAL,2024,Revenue,2,61709018.0,61710000.0,1.0000159133953486,bvc;stockanalysis,B_harmless_equivalent,3
BAL,2024,Total_Debt,2,6777760.0,6780000.0,1.0003304926701446,bvc;stockanalysis,B_harmless_equivalent,3
BAL,2024,Total_Equity,2,128890000.0,128892669.0,1.000020707580107,bvc;stockanalysis,B_harmless_equivalent,3
BAL,2025,EBITDA,2,21320000.0,24687407.0,1.1579459193245778,stockanalysis;workbook,E_source_disagreement,6
BAL,2025,NetIncome,2,10855773.6,13650000.0,1.2573954195212766,bvc;stockanalysis,E_source_disagreement,3
BAL,2025,Revenue,2,50984600.14,63220000.0,1.2399822657508832,bvc;stockanalysis,E_source_disagreement,3
BAL,2025,Total_Equity,2,132950000.0,138245139.83,1.0398280543813465,bvc;stockanalysis,E_source_disagreement,3
BCI,2020,Capitaux_propres,2,7621615000.0,7651634000.0,1.0039386665424586,workbook,E_source_disagreement,4
BCI,2020,Clean_Capitaux_propres,2,7621615000.0,7651634000.0,1.0039386665424586,workbook,E_source_disagreement,4
BCI,2020,EBITDA,2,426982000.0,637726000.0,1.4935664735281582,workbook,E_source_disagreement,4
BCI,2020,EnterpriseValue,2,5119473000.0,9466147001.0,1.849047157978956,workbook,E_source_disagreement,4
BCI,2021,EBITDA,2,338481000.0,913815000.0,2.6997527187641257,workbook,E_source_disagreement,4
BCI,2021,EnterpriseValue,2,6651182000.0,11803833000.0,1.7746970388120487,workbook,E_source_disagreement,4
BCI,2022,EBITDA,2,655304000.0,981908000.0,1.4984007422509247,workbook,E_source_disagreement,4
BCI,2022,EnterpriseValue,2,7731242000.0,13693865000.0,1.7712374027355502,workbook,E_source_disagreement,4
BCI,2023,EBITDA,2,613822000.0,865666000.0,1.4102883246283124,workbook,E_source_disagreement,4
BCI,2023,EnterpriseValue,2,7242711000.0,13278000000.0,1.8332914291347535,workbook,E_source_disagreement,4
BCI,2024,EnterpriseValue,2,8100364460.0,25058092460.0,3.0934524716434795,workbook,E_source_disagreement,6
BCI,2025,EnterpriseValue,2,7967571600.0,23183622600.0,2.9097476325157845,workbook,E_source_disagreement,6
BCI,2025,NetIncome,2,420182000.0,434830000.0,1.0348610840064543,stockanalysis,E_source_disagreement,4
BCI,2025,Total_Equity,2,7583624000.0,7584000000.0,1.0000495805171776,stockanalysis,B_harmless_equivalent,4
BCP,2020,EBITDA,2,2127561000.0,8256678000.0,3.880818458319174,bvc;workbook,E_source_disagreement,5
BCP,2020,EnterpriseValue,3,37897176168.0,70076294168.0,1.849116510880611,bvc;workbook,E_source_disagreement,7
BCP,2021,Cash,2,21755000000.0,21757204000.0,1.0001013100436682,bvc;stockanalysis,B_harmless_equivalent,3
BCP,2021,EnterpriseValue,4,-3059944331.0,76524972669.0,25.008615971778607,bvc;workbook,E_source_disagreement_sign_flip,8
BCP,2021,NetIncome,2,1765000000.0,2725363000.0,1.5441150141643059,bvc;stockanalysis,E_source_disagreement,3
BCP,2021,Revenue,2,14550000000.0,20087299000.0,1.3805703780068728,bvc;stockanalysis,E_source_disagreement,3
BCP,2021,Total_Debt,2,46332995000.0,48278000000.0,1.0419788317159295,bvc;stockanalysis,E_source_disagreement,3
BCP,2021,Total_Equity,2,47596722000.0,47597000000.0,1.00000584073836,bvc;stockanalysis,B_harmless_equivalent,3
BCP,2022,Cash,2,18854000000.0,18854284000.0,1.00001506311658,bvc;stockanalysis,B_harmless_equivalent,3
BCP,2022,EnterpriseValue,4,16711430291.0,88609848291.0,5.302349753911916,bvc;workbook,E_source_disagreement,8
BCP,2022,NetIncome,2,2749000000.0,3511947000.0,1.2775361949799928,bvc;stockanalysis,E_source_disagreement,3
BCP,2022,Revenue,2,16315000000.0,20609051000.0,1.263196506282562,bvc;stockanalysis,E_source_disagreement,3
BCP,2022,Total_Debt,2,52562785000.0,52826000000.0,1.0050076303985795,bvc;stockanalysis,E_source_disagreement,3
BCP,2022,Total_Equity,2,52294658000.0,52300000000.0,1.000102151925346,bvc;stockanalysis,B_harmless_equivalent,3
BCP,2023,Cash,2,15482000000.0,15498734000.0,1.001080868104896,bvc;stockanalysis,E_source_disagreement,3
BCP,2023,EnterpriseValue,4,18893931371.0,95597877371.0,5.059713380653625,bvc;workbook,E_source_disagreement,8
BCP,2023,NetIncome,2,3475000000.0,3500000000.0,1.0071942446043165,bvc;stockanalysis,E_source_disagreement,3
BCP,2023,Revenue,2,17437000000.0,22800000000.0,1.3075643746057235,bvc;stockanalysis,E_source_disagreement,3
BCP,2023,Total_Debt,2,63616000000.0,64927804000.0,1.020620661468813,bvc;stockanalysis,E_source_disagreement,3
BCP,2023,Total_Equity,2,38676326000.0,54559000000.0,1.4106562241718617,bvc;stockanalysis,E_source_disagreement,3
BCP,2024,EBITDA,2,7848637000.0,9253199000.0,1.1789561678034033,workbook,E_source_disagreement,4
BCP,2024,EnterpriseValue,3,60160160760.7,101412053760.7,1.6857011762998488,workbook,E_source_disagreement,6
BCP,2025,Cash,2,26389000000.0,26391000000.0,1.000075789154572,stockanalysis,B_harmless_equivalent,2
BCP,2025,EBITDA,2,9576755000.0,11044070000.0,1.153216303434723,workbook,E_source_disagreement,4
BCP,2025,EnterpriseValue,3,57608589224.55,93871243224.55,1.6294661002485824,workbook,E_source_disagreement,6
BCP,2025,Net_Debt,2,-54578000000.0,-54575000000.0,0.9999450327970977,stockanalysis,B_harmless_equivalent,2
BCP,2025,NetIncome,2,4503000000.0,5621085000.0,1.2482978014656896,bvc;stockanalysis,E_source_disagreement,3
BCP,2025,Total_Equity,2,57956000000.0,62433073000.0,1.0772495168748706,bvc;stockanalysis,E_source_disagreement,3
BOA,2021,Cash,2,4059000000.0,19737051000.0,4.862540280857354,bvc;stockanalysis,E_source_disagreement,3
BOA,2021,EnterpriseValue,2,52715000000.0,252090180000.0,4.78213373802523,bvc;workbook,E_source_disagreement,6
BOA,2021,NetIncome,2,2007000000.0,2849376000.0,1.4197189835575486,bvc;stockanalysis,E_source_disagreement,3
BOA,2021,Revenue,2,11703000000.0,14607082000.0,1.2481485089293343,bvc;stockanalysis,E_source_disagreement,3
BOA,2021,Total_Debt,2,10597210000.0,78340000000.0,7.392511802634845,bvc;stockanalysis,E_source_disagreement,3
BOA,2021,Total_Equity,2,29499000000.0,29499117000.0,1.0000039662361435,bvc;stockanalysis,B_harmless_equivalent,3
BOA,2022,Cash,2,4958000000.0,18425856000.0,3.7163888664784186,bvc;stockanalysis,E_source_disagreement,3
BOA,2022,EBITDA,2,5659300000.0,7343482000.0,1.2975954623363313,bvc;workbook,E_source_disagreement,4
BOA,2022,EnterpriseValue,3,48847000000.0,283245233000.0,5.7986208569615325,bvc;workbook,E_source_disagreement,6
BOA,2022,NetIncome,2,2305000000.0,3540174000.0,1.5358672451193058,bvc;stockanalysis,E_source_disagreement,3
BOA,2022,Revenue,2,13009000000.0,15624409000.0,1.2010461219155968,bvc;stockanalysis,E_source_disagreement,3
BOA,2022,Total_Debt,2,12100668000.0,85894000000.0,7.0982858136426845,bvc;stockanalysis,E_source_disagreement,3
BOA,2022,Total_Equity,2,31841759000.0,31842000000.0,1.000007568677346,bvc;stockanalysis,B_harmless_equivalent,3
BOA,2024,EBITDA,2,3671336000.0,6848936000.0,1.865515986550945,workbook,E_source_disagreement,4
BOA,2024,EnterpriseValue,3,42954966795.0,125881382795.0,2.9305431289415576,workbook,E_source_disagreement,6
BOA,2025,EBITDA,2,7745617000.0,8817506000.0,1.1383865223390208,workbook,E_source_disagreement,4
BOA,2025,EnterpriseValue,3,43153220487.9,114484200487.9,2.6529700261884495,workbook,E_source_disagreement,6
BOA,2025,NetIncome,2,3814000000.0,5514079000.0,1.4457469847928683,bvc;stockanalysis,E_source_disagreement,3
BOA,2025,Total_Equity,2,40426000000.0,40426437000.0,1.000010809874833,bvc;stockanalysis,B_harmless_equivalent,3
CAP,2021,EBITDA,2,197350000.0,209090000.0,1.0594882189004307,bvc;stockanalysis,E_source_disagreement,3
CAP,2022,EBITDA,2,245052000.0,248350000.0,1.0134583680198488,bvc;stockanalysis;workbook,E_source_disagreement,3
CAP,2023,EBITDA,2,322740000.0,322998000.0,1.0007994050938835,bvc;stockanalysis;workbook,B_harmless_equivalent,3
CAP,2024,Cash,2,209399.0,209400000.0,1000.0047755719942,bvc;stockanalysis,G_scale_mismatch,3
CAP,2024,EBITDA,2,432210000.0,434286000.0,1.0048032206566253,bvc;stockanalysis;workbook,E_source_disagreement,6
CAP,2024,NetIncome,2,196468000.0,196470000.0,1.0000101797748233,bvc;stockanalysis,B_harmless_equivalent,2
CAP,2024,Revenue,2,759840000.0,1595000000.0,2.0991261318172247,bvc;stockanalysis,E_source_disagreement,2
CAP,2024,Total_Debt,2,30577.0,574970000.0,18804.003008797463,bvc;stockanalysis,E_source_disagreement,3
CAP,2024,Total_Equity,2,382730000.0,391029000.0,1.0216836934653672,bvc;stockanalysis,E_source_disagreement,2
CAP,2025,Cash,2,204250.0,204250000.0,1000.0,bvc;stockanalysis,G_scale_mismatch,3
CAP,2025,EBITDA,2,485900000.0,519138000.0,1.0684050216093846,bvc;stockanalysis;workbook,E_source_disagreement,6
CAP,2025,NetIncome,2,242296000.0,242300000.0,1.0000165087331199,bvc;stockanalysis,B_harmless_equivalent,2
CAP,2025,Revenue,2,863267000.0,1792000000.0,2.0758351703470654,bvc;stockanalysis,E_source_disagreement,2
CAP,2025,Total_Debt,2,27632.0,635030000.0,22981.68789808917,bvc;stockanalysis,E_source_disagreement,3
CAP,2025,Total_Equity,2,781390000.0,790351000.0,1.0114680249299326,bvc;stockanalysis,E_source_disagreement,2
CDM,2021,Cash,2,1924697000.0,1925000000.0,1.0001574273768805,bvc;stockanalysis,B_harmless_equivalent,3
CDM,2021,NetIncome,2,627390000.0,631363000.0,1.0063325841980268,bvc;stockanalysis,E_source_disagreement,3
CDM,2021,Revenue,2,2393000000.0,2459947000.0,1.0279761805265357,bvc;stockanalysis,E_source_disagreement,3
CDM,2021,Total_Debt,2,1854165000.0,5069000000.0,2.733845154018116,bvc;stockanalysis,E_source_disagreement,3
CDM,2021,Total_Equity,2,6303988000.0,6304000000.0,1.000001903556923,bvc;stockanalysis,B_harmless_equivalent,3
CDM,2022,Cash,2,1867000000.0,1867309000.0,1.0001655061596144,bvc;stockanalysis,B_harmless_equivalent,3
CDM,2022,NetIncome,2,398099000.0,404290000.0,1.0155514080668377,bvc;stockanalysis,E_source_disagreement,3
CDM,2022,Revenue,2,2243000000.0,2568680000.0,1.1451983950066875,bvc;stockanalysis,E_source_disagreement,3
CDM,2022,Total_Debt,2,2863481000.0,5849000000.0,2.0426187566811165,bvc;stockanalysis,E_source_disagreement,3
CDM,2022,Total_Equity,2,6359000000.0,6359463000.0,1.0000728101902814,bvc;stockanalysis,B_harmless_equivalent,3
CDM,2023,Cash,2,2265791000.0,2266000000.0,1.0000922415174216,bvc;stockanalysis,B_harmless_equivalent,3
CDM,2023,NetIncome,2,503089000.0,503090000.0,1.0000019877198667,bvc;stockanalysis,B_harmless_equivalent,3
CDM,2023,Revenue,2,2477000000.0,2926916000.0,1.18163746467501,bvc;stockanalysis,E_source_disagreement,3
CDM,2023,Total_Debt,2,5812643000.0,5892000000.0,1.0136524813239003,bvc;stockanalysis,E_source_disagreement,3
CDM,2023,Total_Equity,2,7034195000.0,7080000000.0,1.006511761473772,bvc;stockanalysis,E_source_disagreement,3
CDM,2024,Cash,2,2235000000.0,2235047000.0,1.000021029082774,bvc;stockanalysis,B_harmless_equivalent,3
CDM,2024,NetIncome,2,740949000.0,740950000.0,1.0000013496205542,bvc;stockanalysis,B_harmless_equivalent,3
CDM,2024,Revenue,3,2899000000.0,36704000000.0,12.660917557778545,bvc;stockanalysis,E_source_disagreement,4
CDM,2024,Total_Debt,2,6156411000.0,6259000000.0,1.0166637672501073,bvc;stockanalysis,E_source_disagreement,3
CDM,2024,Total_Equity,2,7878853000.0,7879000000.0,1.000018657538096,bvc;stockanalysis,B_harmless_equivalent,3
CDM,2025,NetIncome,2,863550000.0,863551000.0,1.000001158010538,bvc;stockanalysis,B_harmless_equivalent,3
CDM,2025,Revenue,2,3196000000.0,36681000000.0,11.477158948685858,bvc;stockanalysis,E_source_disagreement,3
CDM,2025,Total_Equity,2,8203000000.0,8203010000.0,1.0000012190661953,bvc;stockanalysis,B_harmless_equivalent,3
CFG,2022,Cash,2,593633000.0,773430000.0,1.302875682450268,bvc;stockanalysis,E_source_disagreement,3
CFG,2022,NetIncome,2,43886000.0,43890000.0,1.00009114523994,bvc;stockanalysis,B_harmless_equivalent,3
CFG,2022,Revenue,2,466470000.0,500394000.0,1.072724934079362,bvc;stockanalysis,E_source_disagreement,3
CFG,2022,Total_Debt,2,5264312000.0,5666000000.0,1.076303988061498,bvc;stockanalysis,E_source_disagreement,3
CFG,2022,Total_Equity,2,873280000.0,873283000.0,1.0000034353242946,bvc;stockanalysis,B_harmless_equivalent,3
CFG,2023,Cash,2,405210000.0,837900000.0,2.067816687643444,bvc;stockanalysis,E_source_disagreement,3
CFG,2023,NetIncome,2,166026000.0,166030000.0,1.0000240926120005,bvc;stockanalysis,B_harmless_equivalent,3
CFG,2023,Revenue,2,627960000.0,657394000.0,1.0468724122555577,bvc;stockanalysis,E_source_disagreement,3
CFG,2023,Total_Debt,2,10138082000.0,10533000000.0,1.0389539165297736,bvc;stockanalysis,E_source_disagreement,3
CFG,2023,Total_Equity,2,1688000000.0,1688165000.0,1.0000977488151659,bvc;stockanalysis,B_harmless_equivalent,3
CFG,2024,Cash,2,741328000.0,1460000000.0,1.9694386290548853,bvc;stockanalysis,E_source_disagreement,3
CFG,2024,Revenue,3,79000000.0,941408000.0,11.916556962025316,bvc;stockanalysis,E_source_disagreement,4
CFG,2024,Total_Debt,2,11309000000.0,11309263000.0,1.0000232558139535,bvc;stockanalysis,B_harmless_equivalent,3
CFG,2024,Total_Equity,2,1812920000.0,1840000000.0,1.0149372283388125,bvc;stockanalysis,E_source_disagreement,3
CFG,2025,NetIncome,2,370450000.0,381362000.0,1.0294560669456068,bvc;stockanalysis,E_source_disagreement,3
CFG,2025,Revenue,2,85000000.0,1175000000.0,13.823529411764707,bvc;stockanalysis,E_source_disagreement,3
CFG,2025,Total_Equity,2,2087000000.0,2087129000.0,1.0000618112122663,bvc;stockanalysis,B_harmless_equivalent,3
CIH,2025,NetIncome,2,1089000000.0,1220478000.0,1.120732782369146,stockanalysis,E_source_disagreement,4
CIH,2025,Total_Equity,2,10731000000.0,10731487000.0,1.0000453825365763,stockanalysis,B_harmless_equivalent,4
CMA,2021,Cash,2,96435000.0,96440000.0,1.0000518483952923,bvc;stockanalysis,B_harmless_equivalent,3
CMA,2021,NetIncome,2,1197000000.0,1216000000.0,1.0158730158730158,bvc;stockanalysis,E_source_disagreement,3
CMA,2021,Revenue,2,4128000000.0,4146000000.0,1.004360465116279,bvc;stockanalysis,E_source_disagreement,3
CMA,2021,Total_Debt,2,2233000.0,3280000.0,1.4688759516345724,bvc;stockanalysis,E_source_disagreement,3
CMA,2021,Total_Equity,2,3830644000.0,3831000000.0,1.000092934765016,bvc;stockanalysis,B_harmless_equivalent,3
CMA,2022,Cash,2,96059000.0,96060000.0,1.000010410268689,bvc;stockanalysis,B_harmless_equivalent,3
CMA,2022,Revenue,2,4067756000.0,4068000000.0,1.0000599839321729,bvc;stockanalysis,B_harmless_equivalent,3
CMA,2022,Total_Debt,2,407000.0,140370000.0,344.8894348894349,bvc;stockanalysis,E_source_disagreement,4
CMA,2022,Total_Equity,2,3321526000.0,3360000000.0,1.011583230117723,bvc;stockanalysis,E_source_disagreement,3
CMA,2023,NetIncome,2,970200000.0,994000000.0,1.0245310245310246,bvc;stockanalysis,E_source_disagreement,3
CMA,2023,Revenue,2,4305000000.0,4333000000.0,1.0065040650406505,bvc;stockanalysis,E_source_disagreement,3
CMA,2023,Total_Debt,2,0.0,187660000.0,,bvc;stockanalysis,E_source_disagreement,3
CMA,2023,Total_Equity,2,3428715000.0,3476000000.0,1.013790880840198,bvc;stockanalysis,E_source_disagreement,3
CMA,2024,Cash,2,93630000.0,93633000.0,1.000032041012496,bvc;stockanalysis,B_harmless_equivalent,3
CMA,2024,EBITDA,2,1770000000.0,1852705000.0,1.0467259887005649,bvc;stockanalysis;workbook,E_source_disagreement,4
CMA,2024,NetIncome,2,914160000.0,935000000.0,1.0227968845716287,bvc;stockanalysis,E_source_disagreement,3
CMA,2024,Revenue,2,4364000000.0,4387000000.0,1.0052703941338221,bvc;stockanalysis,E_source_disagreement,3
CMA,2024,Total_Debt,2,133000000.0,186550000.0,1.4026315789473685,bvc;stockanalysis,E_source_disagreement,3
CMA,2024,Total_Equity,2,3329472000.0,3373000000.0,1.013073544393826,bvc;stockanalysis,E_source_disagreement,3
CMA,2025,EBITDA,2,2032000000.0,4184000000.0,2.059055118110236,bvc;stockanalysis;workbook,E_source_disagreement,4
CMA,2025,NetIncome,2,1377000000.0,1402000000.0,1.018155410312273,bvc;stockanalysis,E_source_disagreement,3
CMA,2025,Revenue,2,5349000000.0,5459000000.0,1.0205645915124322,bvc;stockanalysis,E_source_disagreement,3
CMG,2021,EBITDA,2,293920000.0,324710000.0,1.1047563962983125,bvc;stockanalysis,E_source_disagreement,3
CMG,2022,EBITDA,2,289740000.0,330830000.0,1.1418168012701042,bvc;stockanalysis,E_source_disagreement,3
CMG,2023,Cash,2,90420000.0,90424449.0,1.000049203715992,bvc;stockanalysis,B_harmless_equivalent,2
CMG,2023,EBITDA,2,305064851.0,321540000.0,1.05400539900285,bvc;stockanalysis;workbook,E_source_disagreement,3
CMG,2023,NetIncome,2,122560000.0,122564612.0,1.000037630548303,bvc;stockanalysis,B_harmless_equivalent,2
CMG,2023,Revenue,2,2074209407.0,2075000000.0,1.0003811538976402,bvc;stockanalysis,B_harmless_equivalent,2
CMG,2023,Total_Debt,2,451802391.0,691650000.0,1.5308683924162765,bvc;stockanalysis,E_source_disagreement,2
CMG,2023,Total_Equity,2,2180000000.0,2180200658.0,1.0000920449541284,bvc;stockanalysis,B_harmless_equivalent,2
CMG,2024,Cash,2,399660000.0,399663415.0,1.0000085447630487,bvc;stockanalysis,B_harmless_equivalent,2
CMG,2024,EBITDA,2,375525945.0,377220000.0,1.0045111530176696,bvc;stockanalysis;workbook,E_source_disagreement,3
CMG,2024,NetIncome,2,182530000.0,182532410.0,1.0000132033090452,bvc;stockanalysis,B_harmless_equivalent,2
CMG,2024,Revenue,2,2327559142.0,2328000000.0,1.0001894078616713,bvc;stockanalysis,B_harmless_equivalent,2
CMG,2024,Total_Debt,2,424105966.0,553870000.0,1.3059707818399329,bvc;stockanalysis,E_source_disagreement,2
CMG,2024,Total_Equity,2,2634000000.0,2634396857.0,1.0001506670463174,bvc;stockanalysis,B_harmless_equivalent,2
CMG,2025,EBITDA,2,450960000.0,469984019.0,1.042185601827213,bvc;stockanalysis;workbook,E_source_disagreement,3
CMG,2025,NetIncome,2,244000000.0,244010000.0,1.0000409836065574,bvc;stockanalysis,B_harmless_equivalent,2
CMG,2025,Revenue,2,2925000000.0,2926000000.0,1.0003418803418804,bvc;stockanalysis,B_harmless_equivalent,2
CMT,2021,Cash,2,22749896.0,22750000.0,1.0000045714494694,bvc;stockanalysis,B_harmless_equivalent,3
CMT,2021,EBITDA,2,189923625.0,225340000.0,1.1864769325037894,bvc;stockanalysis;workbook,E_source_disagreement,6
CMT,2021,NetIncome,2,152222430.0,152230000.0,1.0000497298591278,bvc;stockanalysis,B_harmless_equivalent,3
CMT,2021,Revenue,2,462060000.0,462060434.0,1.000000939271956,bvc;stockanalysis,B_harmless_equivalent,3
CMT,2021,Total_Debt,2,400850000.0,400853763.0,1.000009387551453,bvc;stockanalysis,B_harmless_equivalent,3
CMT,2021,Total_Equity,2,603620000.0,603623656.0,1.000006056790696,bvc;stockanalysis,B_harmless_equivalent,3
CMT,2022,Cash,2,202630000.0,202631160.0,1.000005724719933,bvc;stockanalysis,B_harmless_equivalent,3
CMT,2022,EBITDA,2,327598929.0,334310000.0,1.0204856316853221,bvc;stockanalysis;workbook,E_source_disagreement,6
CMT,2022,EnterpriseValue,2,497999269.0,3122000000.0,6.2690855074327425,workbook,E_source_disagreement,4
CMT,2022,NetIncome,2,240684381.0,240690000.0,1.0000233459270462,bvc;stockanalysis,B_harmless_equivalent,3
CMT,2022,Revenue,2,591850000.0,591852691.0,1.0000045467601588,bvc;stockanalysis,B_harmless_equivalent,3
CMT,2022,Total_Debt,2,502050000.0,502054182.0,1.0000083298476248,bvc;stockanalysis,B_harmless_equivalent,3
CMT,2022,Total_Equity,2,695497939.0,695500000.0,1.000002963344511,bvc;stockanalysis,B_harmless_equivalent,3
CMT,2023,Cash,2,166410000.0,166413278.0,1.0000196983354366,bvc;stockanalysis,B_harmless_equivalent,3
CMT,2023,EBITDA,2,337400833.0,377280000.0,1.1181952238985728,bvc;stockanalysis;workbook,E_source_disagreement,7
CMT,2023,NetIncome,2,158630000.0,158633067.0,1.0000193342999433,bvc;stockanalysis,B_harmless_equivalent,3
CMT,2023,Revenue,2,591910000.0,591913932.0,1.0000066429017924,bvc;stockanalysis,B_harmless_equivalent,3
CMT,2023,Total_Debt,2,441928544.0,441930000.0,1.0000032946502773,bvc;stockanalysis,B_harmless_equivalent,3
CMT,2023,Total_Equity,2,731180000.0,731281209.0,1.0001384187204245,bvc;stockanalysis,B_harmless_equivalent,3
CMT,2024,Cash,2,32358332.0,32360000.0,1.000051547774465,bvc;stockanalysis,B_harmless_equivalent,3
CMT,2024,EBITDA,2,-141319019.0,530410000.0,3.7532810781824066,bvc;stockanalysis;workbook,E_source_disagreement_sign_flip,7
CMT,2024,NetIncome,2,-12130000.0,-12125978.0,0.9996684253915911,bvc;stockanalysis,B_harmless_equivalent,3
CMT,2024,Revenue,2,586360000.0,586364041.0,1.000006891670646,bvc;stockanalysis,B_harmless_equivalent,3
CMT,2024,Total_Debt,2,337850000.0,337854921.0,1.0000145656356372,bvc;stockanalysis,B_harmless_equivalent,3
CMT,2024,Total_Equity,2,721920000.0,722030805.0,1.0001534865359043,bvc;stockanalysis,B_harmless_equivalent,3
CMT,2025,EBITDA,2,426260237.0,472880000.0,1.1093692513477396,bvc;stockanalysis;workbook,E_source_disagreement,7
CMT,2025,NetIncome,2,196458983.0,196470000.0,1.000056077863337,bvc;stockanalysis,B_harmless_equivalent,3
CMT,2025,Revenue,2,690450000.0,690451532.0,1.0000022188427837,bvc;stockanalysis,B_harmless_equivalent,3
CMT,2025,Total_Equity,2,901026895.0,901030000.0,1.0000034460680556,bvc;stockanalysis,B_harmless_equivalent,3
COL,2021,EBITDA,3,55148000.0,84884000.0,1.5392035975919345,bvc;stockanalysis;workbook,E_source_disagreement,7
COL,2021,NetIncome,2,33160000.0,33200000.0,1.0012062726176116,bvc;stockanalysis,E_source_disagreement,3
COL,2021,Revenue,2,574060000.0,574064000.0,1.0000069679127617,bvc;stockanalysis,B_harmless_equivalent,3
COL,2021,Total_Debt,2,25637000.0,28970000.0,1.1300074111635527,bvc;stockanalysis,E_source_disagreement,3
COL,2022,EBITDA,3,59791000.0,77244000.0,1.2919001187469685,bvc;stockanalysis;workbook,E_source_disagreement,7
COL,2022,EnterpriseValue,2,20462000.0,750430000.0,36.67432313556837,workbook,E_source_disagreement,4
COL,2022,NetIncome,2,35350000.0,35351868.48,1.000052856577086,bvc;stockanalysis,B_harmless_equivalent,3
COL,2022,Revenue,2,609919000.0,609920000.0,1.0000016395619746,bvc;stockanalysis,B_harmless_equivalent,3
COL,2022,Total_Debt,2,20462000.0,24510000.0,1.1978301241325384,bvc;stockanalysis,E_source_disagreement,3
COL,2022,Total_Equity,2,320069868.48,320070000.0,1.0000004109102822,bvc;stockanalysis,B_harmless_equivalent,3
COL,2023,Cash,2,8010000.0,8010359.97,1.0000449400749063,bvc;stockanalysis,B_harmless_equivalent,3
COL,2023,EBITDA,2,64965732.2,85188828.26,1.3112886651957107,workbook,E_source_disagreement,4
COL,2023,NetIncome,2,38639257.93,38640000.0,1.000019205078973,bvc;stockanalysis,B_harmless_equivalent,3
COL,2023,Revenue,2,611400000.0,611402321.0,1.0000037962054302,bvc;stockanalysis,B_harmless_equivalent,3
COL,2023,Total_Debt,2,8707782.57,12750000.0,1.4642074371409115,bvc;stockanalysis,E_source_disagreement,3
COL,2023,Total_Equity,2,326470000.0,326473812.15,1.0000116768768952,bvc;stockanalysis,B_harmless_equivalent,3
COL,2024,Cash,2,11760000.0,11760980.49,1.000083375,bvc;stockanalysis,B_harmless_equivalent,3
COL,2024,EBITDA,2,121169693.09,1126517000.0,9.297019504400891,bvc;workbook,E_source_disagreement,4
COL,2024,EnterpriseValue,2,793561688.42,797603638.85,1.0050934293943143,workbook,E_source_disagreement,4
COL,2024,NetIncome,2,45340000.0,242646000.0,5.351698279664755,bvc;stockanalysis,E_source_disagreement,3
COL,2024,Revenue,2,605020000.0,4800677000.0,7.934741000297511,bvc;stockanalysis,E_source_disagreement,3
COL,2024,Total_Debt,2,7500000.0,8931678000.0,1190.8904,bvc;stockanalysis,E_source_disagreement,4
COL,2024,Total_Equity,2,335550000.0,18401241000.0,54.83904336164506,bvc;stockanalysis,E_source_disagreement,3
COL,2025,EBITDA,2,136156394.16,1645103000.0,12.082451288088665,bvc;workbook,E_source_disagreement,4
COL,2025,NetIncome,2,65479341.98,65480000.0,1.0000100492763078,bvc;stockanalysis,B_harmless_equivalent,3
COL,2025,Revenue,2,611402242.34,643550000.0,1.052580372517055,bvc;stockanalysis,E_source_disagreement,3
COL,2025,Total_Equity,2,359119876.03,359120000.0,1.0000003452050648,bvc;stockanalysis,B_harmless_equivalent,3
CRS,2021,EBITDA,2,-2520000.0,-1813145.52,0.7195021904761905,bvc;stockanalysis;workbook,E_source_disagreement,3
CRS,2022,NetIncome,2,-25524131.92,-25520000.0,0.9998381171194008,bvc;stockanalysis,B_harmless_equivalent,2
CRS,2022,Revenue,2,235325483.51,235330000.0,1.0000191925240423,bvc;stockanalysis,B_harmless_equivalent,2
CRS,2023,NetIncome,2,2310000.0,2312008.8,1.0008696103896102,bvc;stockanalysis,B_harmless_equivalent,2
CRS,2023,Revenue,2,244896304.62,244900000.0,1.0000150895702804,bvc;stockanalysis,B_harmless_equivalent,2
CRS,2024,NetIncome,2,7930000.0,7930531.61,1.0000670378310215,bvc;stockanalysis,B_harmless_equivalent,2
CRS,2024,Revenue,2,253435619.93,253440000.0,1.0000172827718583,bvc;stockanalysis,B_harmless_equivalent,2
CRS,2025,NetIncome,2,5736516.66,5740000.0,1.000607222153522,bvc;stockanalysis,B_harmless_equivalent,2
CRS,2025,Revenue,2,296690000.0,296694031.26,1.0000135874481781,bvc;stockanalysis,B_harmless_equivalent,2
CSR,2021,EBITDA,2,1408100000.0,1849000000.0,1.313116966124565,bvc;stockanalysis;workbook,E_source_disagreement,5
CSR,2021,NetIncome,2,763000000.0,764000000.0,1.001310615989515,bvc;stockanalysis,E_source_disagreement,2
CSR,2021,Revenue,2,9112500000.0,11785000000.0,1.293278463648834,bvc;stockanalysis,E_source_disagreement,2
CSR,2021,Total_Debt,2,1124000000.0,1124400000.0,1.000355871886121,bvc;stockanalysis,B_harmless_equivalent,2
CSR,2021,Total_Equity,2,5419000000.0,5419400000.0,1.0000738143568924,bvc;stockanalysis,B_harmless_equivalent,2
CSR,2022,EBITDA,2,1721000000.0,1721300000.0,1.0001743172574085,bvc;stockanalysis;workbook,B_harmless_equivalent,5
CSR,2022,NetIncome,2,825900000.0,826600000.0,1.0008475602373168,bvc;stockanalysis,B_harmless_equivalent,2
CSR,2022,Revenue,2,10432900000.0,10433000000.0,1.0000095850626385,bvc;stockanalysis,B_harmless_equivalent,2
CSR,2022,Total_Debt,2,1353700000.0,1354000000.0,1.0002216148334195,bvc;stockanalysis,B_harmless_equivalent,2
CSR,2022,Total_Equity,2,5623900000.0,5624000000.0,1.000017781255001,bvc;stockanalysis,B_harmless_equivalent,2
CSR,2023,EBITDA,2,1825600000.0,1826000000.0,1.000219106047327,bvc;stockanalysis;workbook,B_harmless_equivalent,6
CSR,2023,NetIncome,2,1009000000.0,1009200000.0,1.0001982160555005,bvc;stockanalysis,B_harmless_equivalent,2
CSR,2023,Revenue,2,10233000000.0,10233100000.0,1.0000097723052868,bvc;stockanalysis,B_harmless_equivalent,2
CSR,2023,Total_Debt,2,2329000000.0,2329400000.0,1.0001717475311291,bvc;stockanalysis,B_harmless_equivalent,2
CSR,2023,Total_Equity,2,5985100000.0,5992000000.0,1.0011528629429751,bvc;stockanalysis,E_source_disagreement,2
CSR,2024,EBITDA,2,1693000000.0,1757000000.0,1.0378027170702895,bvc;stockanalysis;workbook,E_source_disagreement,6
CSR,2024,EnterpriseValue,2,19569472171.5,20115172171.5,1.027885269220226,workbook,E_source_disagreement,4
CSR,2024,Revenue,2,10238600000.0,10239000000.0,1.0000390678413065,bvc;stockanalysis,B_harmless_equivalent,2
CSR,2024,Total_Equity,2,5878500000.0,5886000000.0,1.0012758356723654,bvc;stockanalysis,E_source_disagreement,2
CSR,2025,EBITDA,4,1298000000.0,1678000000.0,1.2927580893682589,bvc;stockanalysis;workbook,E_source_disagreement,6
CSR,2025,EnterpriseValue,2,21354094318.0,22064994318.0,1.0332910396204797,workbook,E_source_disagreement,4
CSR,2025,NetIncome,2,703700000.0,704000000.0,1.0004263180332529,bvc;stockanalysis,B_harmless_equivalent,2
CTM,2020,EBITDA,2,-76000000.0,33555000.0,0.44151315789473683,workbook,E_source_disagreement_sign_flip,4
CTM,2021,EBITDA,3,25438000.0,125570000.0,4.936315748093404,stockanalysis;workbook,E_source_disagreement,6
CTM,2022,EBITDA,3,5803000.0,105770000.0,18.226779252110976,stockanalysis;workbook,E_source_disagreement,6
CTM,2023,EBITDA,3,53000000.0,145142000.0,2.7385283018867925,stockanalysis;workbook,E_source_disagreement,6
CTM,2024,EBITDA,2,124560000.0,133742000.0,1.0737154784842646,stockanalysis;workbook,E_source_disagreement,3
CTM,2024,EnterpriseValue,2,667809438.0,700033438.0,1.0482532862915304,workbook,E_source_disagreement,4
DHO,2021,Cash,2,379550000.0,379552156.49,1.0000056817020155,bvc;stockanalysis,B_harmless_equivalent,3
DHO,2021,EBITDA,2,378410000.0,405333408.27,1.0711487758515894,bvc;stockanalysis;workbook,E_source_disagreement,4
DHO,2021,NetIncome,2,172040000.0,182009286.08,1.057947489421065,bvc;stockanalysis,E_source_disagreement,3
DHO,2021,Revenue,2,2538364899.13,2542000000.0,1.0014320639523677,bvc;stockanalysis,E_source_disagreement,3
DHO,2021,Total_Debt,2,260263128.7,463870000.0,1.782311625611377,bvc;stockanalysis,E_source_disagreement,3
DHO,2021,Total_Equity,2,2366552863.55,2367000000.0,1.0001889399797008,bvc;stockanalysis,B_harmless_equivalent,3
DHO,2022,Cash,2,156600000.0,156603184.84,1.0000203374201788,bvc;stockanalysis,B_harmless_equivalent,3
DHO,2022,EBITDA,2,453450176.75,456170000.0,1.0059980641522597,bvc;stockanalysis;workbook,E_source_disagreement,4
DHO,2022,NetIncome,2,166250000.0,197345256.96,1.1870391396090225,bvc;stockanalysis,E_source_disagreement,3
DHO,2022,Revenue,2,2791937620.35,2797000000.0,1.0018132137384093,bvc;stockanalysis,E_source_disagreement,3
DHO,2022,Total_Debt,2,221615645.77,520680000.0,2.34947310778039,bvc;stockanalysis,E_source_disagreement,3
DHO,2022,Total_Equity,2,2463532532.75,2464000000.0,1.0001897548515335,bvc;stockanalysis,B_harmless_equivalent,3
DHO,2023,Cash,2,224550000.0,224552200.56,1.0000097998663995,bvc;stockanalysis,B_harmless_equivalent,3
DHO,2023,EBITDA,2,389670000.0,485597330.46,1.246175816614058,bvc;stockanalysis;workbook,E_source_disagreement,4
DHO,2023,NetIncome,2,188930000.0,188930907.1,1.0000048012491398,bvc;stockanalysis,B_harmless_equivalent,3
DHO,2023,Revenue,2,3132613640.58,3140000000.0,1.0023578903329529,bvc;stockanalysis,E_source_disagreement,3
DHO,2023,Total_Debt,2,1113133.67,280680000.0,252.15300512830595,bvc;stockanalysis,E_source_disagreement,4
DHO,2023,Total_Equity,2,2353397500.58,2536000000.0,1.0775910144270133,bvc;stockanalysis,E_source_disagreement,3
DHO,2024,Cash,2,361645915.47,361650000.0,1.0000112942793635,bvc;stockanalysis,B_harmless_equivalent,3
DHO,2024,EBITDA,2,489760000.0,547278102.57,1.117441405116792,bvc;stockanalysis;workbook,E_source_disagreement,4
DHO,2024,NetIncome,2,295380000.0,295382791.69,1.000009451181529,bvc;stockanalysis,B_harmless_equivalent,3
DHO,2024,Revenue,3,3137670704.52,3144000000.0,1.0020171955810666,bvc;stockanalysis,E_source_disagreement,4
DHO,2024,Total_Debt,2,87397739.34,163990000.0,1.8763643229035494,bvc;stockanalysis,E_source_disagreement,3
DHO,2024,Total_Equity,2,2515870473.6,2690000000.0,1.0692124368989613,bvc;stockanalysis,E_source_disagreement,3
DHO,2025,EBITDA,2,561620000.0,617428447.55,1.0993704774580677,bvc;stockanalysis;workbook,E_source_disagreement,4
DHO,2025,NetIncome,2,307190000.0,307191429.85,1.0000046546111527,bvc;stockanalysis,B_harmless_equivalent,3
DHO,2025,Revenue,3,3049817757.71,3101000000.0,1.0167820658006894,bvc;stockanalysis,E_source_disagreement,4
DHO,2025,Total_Equity,2,2618746244.31,2753000000.0,1.0512664241454115,bvc;stockanalysis,E_source_disagreement,3
DWY,2020,EBITDA,2,117332161.58,140692410.01,1.1990950146611967,workbook,E_source_disagreement,4
DWY,2021,Cash,2,63387450.63,63390000.0,1.0000402188441821,bvc;stockanalysis,B_harmless_equivalent,2
DWY,2021,EBITDA,3,168661418.18,198275415.51,1.1755825229596677,bvc;stockanalysis;workbook,E_source_disagreement,6
DWY,2021,EnterpriseValue,2,160495308.09,1299980000.0,8.099800645081897,workbook,E_source_disagreement,4
DWY,2021,NetIncome,2,107580000.0,113627546.51,1.0562144126231643,bvc;stockanalysis,E_source_disagreement,2
DWY,2021,Revenue,2,1824000000.0,1824062848.96,1.0000344566666668,bvc;stockanalysis,B_harmless_equivalent,2
DWY,2021,Total_Debt,2,16920619.22,50900000.0,3.0081641421158345,bvc;stockanalysis,E_source_disagreement,2
DWY,2021,Total_Equity,2,744706059.58,744710000.0,1.0000052912420268,bvc;stockanalysis,B_harmless_equivalent,2
DWY,2022,Cash,2,36796341.26,36800000.0,1.0000994321683818,bvc;stockanalysis,B_harmless_equivalent,2
DWY,2022,EBITDA,3,131110000.0,176849353.05,1.348862428876516,bvc;stockanalysis;workbook,E_source_disagreement,6
DWY,2022,EnterpriseValue,2,521523874.93,1616600000.0,3.0997622116858663,workbook,E_source_disagreement,4
DWY,2022,NetIncome,2,84640000.0,84640476.19,1.000005626063327,bvc;stockanalysis,B_harmless_equivalent,2
DWY,2022,Revenue,2,1950000000.0,1950400911.41,1.0002055955948719,bvc;stockanalysis,B_harmless_equivalent,2
DWY,2022,Total_Debt,2,99358340.71,390780000.0,3.9330366953347244,bvc;stockanalysis,E_source_disagreement,2
DWY,2022,Total_Equity,2,669080000.0,669082796.86,1.0000041801578288,bvc;stockanalysis,B_harmless_equivalent,2
DWY,2023,Cash,2,40420000.0,40423685.47,1.00009117936665,bvc;stockanalysis,B_harmless_equivalent,2
DWY,2023,EBITDA,2,134600000.0,158282906.24,1.1759502692421993,bvc;stockanalysis;workbook,E_source_disagreement,6
DWY,2023,NetIncome,2,65518530.74,65520000.0,1.0000224251060488,bvc;stockanalysis,B_harmless_equivalent,2
DWY,2023,Revenue,2,1869587153.14,1870000000.0,1.0002208224737246,bvc;stockanalysis,B_harmless_equivalent,2
DWY,2023,Total_Debt,2,83711348.18,316360000.0,3.7791769799209076,bvc;stockanalysis,E_source_disagreement,2
DWY,2023,Total_Equity,2,668495031.74,668500000.0,1.000007432007366,bvc;stockanalysis,B_harmless_equivalent,2
DWY,2024,Cash,2,58106908.5,58110000.0,1.0000532036564982,bvc;stockanalysis,B_harmless_equivalent,2
DWY,2024,EBITDA,2,110770000.0,133477805.79,1.2049996008847161,bvc;stockanalysis;workbook,E_source_disagreement,6
DWY,2024,NetIncome,2,78847540.18,78850000.0,1.0000311971685405,bvc;stockanalysis,B_harmless_equivalent,2
DWY,2024,Revenue,2,1904636547.34,1905000000.0,1.0001908252052119,bvc;stockanalysis,B_harmless_equivalent,2
DWY,2024,Total_Debt,2,69280305.2,313600000.0,4.526538950639611,bvc;stockanalysis,E_source_disagreement,2
DWY,2024,Total_Equity,2,675926208.81,675930000.0,1.0000056088814884,bvc;stockanalysis,B_harmless_equivalent,2
DWY,2025,Cash,2,100078076.7,100080000.0,1.0000192179952234,bvc;stockanalysis,B_harmless_equivalent,2
DWY,2025,EBITDA,2,121330000.0,140623894.22,1.1590199803840764,bvc;stockanalysis;workbook,E_source_disagreement,6
DWY,2025,NetIncome,2,85457931.76,85460000.0,1.0000242018494645,bvc;stockanalysis,B_harmless_equivalent,2
DWY,2025,Revenue,2,2076000000.0,2076183751.05,1.000088512066474,bvc;stockanalysis,B_harmless_equivalent,2
DWY,2025,Total_Debt,2,61523985.94,337420000.0,5.484365078833838,bvc;stockanalysis,E_source_disagreement,2
DWY,2025,Total_Equity,2,685850000.0,685851758.64,1.00000256417584,bvc;stockanalysis,B_harmless_equivalent,2
DYT,2021,Cash,2,15667463.68,15670000.0,1.0001618845303748,bvc;stockanalysis,B_harmless_equivalent,2
DYT,2021,NetIncome,2,18270000.0,18270592.97,1.0000324559386973,bvc;stockanalysis,B_harmless_equivalent,2
DYT,2021,Revenue,2,453910000.0,456071359.39,1.0047616474411227,bvc;stockanalysis,E_source_disagreement,2
DYT,2021,Total_Debt,2,7968964.28,72120000.0,9.050109583374867,bvc;stockanalysis,E_source_disagreement,2
DYT,2021,Total_Equity,2,104570000.0,104573207.61,1.000030674285168,bvc;stockanalysis,B_harmless_equivalent,2
DYT,2022,Cash,2,17050000.0,17052068.81,1.0001213378299119,bvc;stockanalysis,B_harmless_equivalent,2
DYT,2022,NetIncome,2,4130000.0,4134452.49,1.0010780847457628,bvc;stockanalysis,E_source_disagreement,2
DYT,2022,Revenue,2,496585926.06,496590000.0,1.0000082038974247,bvc;stockanalysis,B_harmless_equivalent,2
DYT,2022,Total_Debt,2,6092742.27,157920000.0,25.919363236088437,bvc;stockanalysis,E_source_disagreement,2
DYT,2022,Total_Equity,2,162429915.14,162430000.0,1.000000522440709,bvc;stockanalysis,B_harmless_equivalent,2
DYT,2023,Cash,2,10446121.29,10450000.0,1.000371306238203,bvc;stockanalysis,B_harmless_equivalent,2
DYT,2023,NetIncome,2,18780000.0,18784423.86,1.0002355623003194,bvc;stockanalysis,B_harmless_equivalent,2
DYT,2023,Revenue,2,540829892.43,540830000.0,1.0000001988980298,bvc;stockanalysis,B_harmless_equivalent,2
DYT,2023,Total_Debt,2,4164942.77,149950000.0,36.00289566523864,bvc;stockanalysis,E_source_disagreement,2
DYT,2023,Total_Equity,2,171230000.0,171233239.0,1.0000189160777901,bvc;stockanalysis,B_harmless_equivalent,2
DYT,2024,Cash,2,11270000.0,11274557.87,1.0004044250221826,bvc;stockanalysis,B_harmless_equivalent,2
DYT,2024,EBITDA,2,30300000.0,31704106.16,1.0463401372937293,bvc;stockanalysis;workbook,E_source_disagreement,3
DYT,2024,NetIncome,2,19360000.0,19364056.78,1.0002095444214876,bvc;stockanalysis,B_harmless_equivalent,2
DYT,2024,Revenue,2,547830000.0,547834555.13,1.0000083148604495,bvc;stockanalysis,B_harmless_equivalent,2
DYT,2024,Total_Debt,2,2138400.48,106680000.0,49.88775535628387,bvc;stockanalysis,E_source_disagreement,2
DYT,2024,Total_Equity,2,175625645.78,175630000.0,1.0000247926205803,bvc;stockanalysis,B_harmless_equivalent,2
DYT,2025,Cash,2,41060000.0,41060614.04,1.0000149547004384,bvc;stockanalysis,B_harmless_equivalent,2
DYT,2025,EBITDA,2,36590000.0,38604845.52,1.0550654692538946,bvc;stockanalysis;workbook,E_source_disagreement,3
DYT,2025,NetIncome,2,25878107.91,25880000.0,1.0000731154691287,bvc;stockanalysis,B_harmless_equivalent,2
DYT,2025,Revenue,2,637380000.0,637384403.73,1.0000069091123036,bvc;stockanalysis,B_harmless_equivalent,2
DYT,2025,Total_Debt,2,2138400.48,127470000.0,59.60997539618958,bvc;stockanalysis,E_source_disagreement,2
DYT,2025,Total_Equity,2,185030000.0,185034938.69,1.0000266912933038,bvc;stockanalysis,B_harmless_equivalent,2
EQD,2021,Cash,2,175000.0,180000.0,1.0285714285714285,bvc;stockanalysis,E_source_disagreement,2
EQD,2021,EBITDA,2,110731000.0,673899000.0,6.085910901192981,workbook,E_source_disagreement,4
EQD,2021,NetIncome,2,32600000.0,33291000.0,1.021196319018405,bvc;stockanalysis,E_source_disagreement,2
EQD,2021,Revenue,2,589895000.0,1730000000.0,2.932725315522254,bvc;stockanalysis,E_source_disagreement,2
EQD,2021,Total_Debt,2,5833950000.0,6016000000.0,1.0312052725854695,bvc;stockanalysis,E_source_disagreement,2
EQD,2021,Total_Equity,2,1467000000.0,1944287000.0,1.3253490115882753,bvc;stockanalysis,E_source_disagreement,2
EQD,2022,Cash,2,2780000.0,2784000.0,1.0014388489208632,bvc;stockanalysis,E_source_disagreement,2
EQD,2022,EBITDA,2,631033000.0,743503000.0,1.1782315663364673,workbook,E_source_disagreement,4
EQD,2022,NetIncome,2,88320000.0,88911000.0,1.0066915760869566,bvc;stockanalysis,E_source_disagreement,2
EQD,2022,Revenue,2,1184364000.0,1647000000.0,1.3906197756770722,bvc;stockanalysis,E_source_disagreement,2
EQD,2022,Total_Debt,2,5311088000.0,5491000000.0,1.033874791756416,bvc;stockanalysis,E_source_disagreement,2
EQD,2022,Total_Equity,2,1488000000.0,2000018000.0,1.34409811827957,bvc;stockanalysis,E_source_disagreement,2
EQD,2023,Cash,2,6825000.0,6830000.0,1.0007326007326007,bvc;stockanalysis,B_harmless_equivalent,2
EQD,2023,EnterpriseValue,2,3280142000.0,7143000000.0,2.177649626144234,workbook,E_source_disagreement,4
EQD,2023,NetIncome,2,88570000.0,89125000.0,1.0062662301004854,bvc;stockanalysis,E_source_disagreement,2
EQD,2023,Revenue,2,553344000.0,1576000000.0,2.8481378672218365,bvc;stockanalysis,E_source_disagreement,2
EQD,2023,Total_Debt,2,3160673000.0,5586000000.0,1.7673451192198624,bvc;stockanalysis,E_source_disagreement,2
EQD,2023,Total_Equity,2,1484898000.0,1485000000.0,1.0000686915868968,bvc;stockanalysis,B_harmless_equivalent,2
EQD,2024,Cash,2,80000.0,567000.0,7.0875,bvc;stockanalysis,E_source_disagreement,2
EQD,2024,EnterpriseValue,3,1920787500.0,6407201500.0,3.3357159498382827,workbook,E_source_disagreement,6
EQD,2024,NetIncome,2,-6963000.0,-5320000.0,0.7640384891569726,bvc;stockanalysis,E_source_disagreement,2
EQD,2024,Revenue,2,539602000.0,1610000000.0,2.983680564564253,bvc;stockanalysis,E_source_disagreement,2
EQD,2024,Total_Debt,2,1289739000.0,5785000000.0,4.48540363592944,bvc;stockanalysis,E_source_disagreement,2
EQD,2024,Total_Equity,2,1387784000.0,1388000000.0,1.00015564381777,bvc;stockanalysis,B_harmless_equivalent,2
EQD,2025,Cash,2,647000.0,670000.0,1.035548686244204,bvc;stockanalysis,E_source_disagreement,2
EQD,2025,EnterpriseValue,3,1853977500.0,2875318500.0,1.5508917988486914,workbook,E_source_disagreement,6
EQD,2025,NetIncome,2,95498000.0,98560000.0,1.032063498712015,bvc;stockanalysis,E_source_disagreement,2
EQD,2025,Revenue,2,509895000.0,1884000000.0,3.6948783573088577,bvc;stockanalysis,E_source_disagreement,2
EQD,2025,Total_Debt,2,687176000.0,6546000000.0,9.525943862998707,bvc;stockanalysis,E_source_disagreement,2
EQD,2025,Total_Equity,2,1486000000.0,1486440000.0,1.0002960969044414,bvc;stockanalysis,B_harmless_equivalent,2
FBR,2021,Cash,2,2823000.0,11580000.0,4.10201912858661,bvc;stockanalysis,E_source_disagreement,2
FBR,2021,NetIncome,2,3329000.0,3810000.0,1.1444878341844398,bvc;stockanalysis,E_source_disagreement,2
FBR,2021,Revenue,2,531698000.0,539820000.0,1.0152755887740785,bvc;stockanalysis,E_source_disagreement,2
FBR,2021,Total_Equity,2,108326000.0,109140000.0,1.0075143548178647,bvc;stockanalysis,E_source_disagreement,2
FBR,2022,Cash,2,2530000.0,2533000.0,1.0011857707509881,bvc;stockanalysis,E_source_disagreement,2
FBR,2022,NetIncome,2,20510000.0,24524000.0,1.195709410043881,bvc;stockanalysis,E_source_disagreement,2
FBR,2022,Revenue,2,569080000.0,569082000.0,1.0000035144443664,bvc;stockanalysis,B_harmless_equivalent,2
FBR,2022,Total_Debt,2,13314000.0,49000000.0,3.680336487907466,bvc;stockanalysis,E_source_disagreement,2
FBR,2022,Total_Equity,2,124610000.0,132850000.0,1.066126314099992,bvc;stockanalysis,E_source_disagreement,2
FBR,2023,Cash,2,2790000.0,2793000.0,1.0010752688172042,bvc;stockanalysis,E_source_disagreement,2
FBR,2023,EBITDA,2,25890000.0,34031000.0,1.314445731942835,bvc;stockanalysis;workbook,E_source_disagreement,3
FBR,2023,NetIncome,2,7220000.0,7222000.0,1.0002770083102492,bvc;stockanalysis,B_harmless_equivalent,2
FBR,2023,Revenue,2,602967000.0,602970000.0,1.0000049753966636,bvc;stockanalysis,B_harmless_equivalent,2
FBR,2023,Total_Debt,2,7625000.0,57320000.0,7.517377049180328,bvc;stockanalysis,E_source_disagreement,2
FBR,2023,Total_Equity,2,131830000.0,131831000.0,1.000007585526815,bvc;stockanalysis,B_harmless_equivalent,2
FBR,2024,Cash,2,1448000.0,1450000.0,1.0013812154696133,bvc;stockanalysis,E_source_disagreement,2
FBR,2024,EBITDA,2,34090000.0,50145000.0,1.4709592255793489,bvc;stockanalysis;workbook,E_source_disagreement,3
FBR,2024,NetIncome,2,16600000.0,16603000.0,1.0001807228915662,bvc;stockanalysis,B_harmless_equivalent,2
FBR,2024,Revenue,2,698170000.0,2954000000.0,4.2310612028589025,bvc;stockanalysis,E_source_disagreement,3
FBR,2024,Total_Debt,2,2562000.0,69190000.0,27.006245120999218,bvc;stockanalysis,E_source_disagreement,2
FBR,2024,Total_Equity,2,148527000.0,148530000.0,1.0000201983477752,bvc;stockanalysis,B_harmless_equivalent,2
FBR,2025,EBITDA,2,41510000.0,55158000.0,1.3287882437966756,bvc;stockanalysis;workbook,E_source_disagreement,3
FBR,2025,NetIncome,2,14856000.0,14860000.0,1.000269251480883,bvc;stockanalysis,B_harmless_equivalent,2
FBR,2025,Revenue,3,756514000.0,4413000000.0,5.833335536421004,bvc;stockanalysis,E_source_disagreement,3
FBR,2025,Total_Debt,2,31256000.0,61130000.0,1.9557844893780394,bvc;stockanalysis,E_source_disagreement,2
FBR,2025,Total_Equity,2,163336000.0,163340000.0,1.0000244893960915,bvc;stockanalysis,B_harmless_equivalent,2
GAZ,2021,Cash,2,815769000.0,815770000.0,1.0000012258372162,bvc;stockanalysis,B_harmless_equivalent,2
GAZ,2021,EBITDA,3,681437000.0,1136937323.11,1.6684408435556037,bvc;stockanalysis;workbook,E_source_disagreement,6
GAZ,2021,EnterpriseValue,2,152479000.0,315310454.36,2.0678942960014166,workbook,E_source_disagreement,4
GAZ,2021,NetIncome,2,503860000.0,503864000.0,1.0000079387131346,bvc;stockanalysis,B_harmless_equivalent,2
GAZ,2021,Revenue,2,7132280000.0,7160000000.0,1.0038865552109564,bvc;stockanalysis,E_source_disagreement,2
GAZ,2021,Total_Debt,2,958559000.0,1237000000.0,1.290478729008856,bvc;stockanalysis,E_source_disagreement,2
GAZ,2021,Total_Equity,2,2948000000.0,2948441000.0,1.0001495929443691,bvc;stockanalysis,B_harmless_equivalent,2
GAZ,2022,Cash,2,579079000.0,579080000.0,1.0000017268800976,bvc;stockanalysis,B_harmless_equivalent,2
GAZ,2022,EBITDA,2,1204000000.0,1252771000.0,1.0405074750830565,bvc;stockanalysis;workbook,E_source_disagreement,6
GAZ,2022,NetIncome,2,516887000.0,516890000.0,1.0000058039764979,bvc;stockanalysis,B_harmless_equivalent,2
GAZ,2022,Revenue,2,9510065000.0,9542000000.0,1.003358021212263,bvc;stockanalysis,E_source_disagreement,2
GAZ,2022,Total_Debt,2,867555000.0,1580000000.0,1.8212101826397173,bvc;stockanalysis,E_source_disagreement,2
GAZ,2022,Total_Equity,2,2971711000.0,2972000000.0,1.0000972503719239,bvc;stockanalysis,B_harmless_equivalent,2
GAZ,2023,Cash,2,693330000.0,693331000.0,1.0000014423146266,bvc;stockanalysis,B_harmless_equivalent,2
GAZ,2023,EBITDA,2,1138000000.0,1190032000.0,1.0457223198594026,bvc;stockanalysis;workbook,E_source_disagreement,6
GAZ,2023,NetIncome,2,481467000.0,481470000.0,1.0000062309566389,bvc;stockanalysis,B_harmless_equivalent,2
GAZ,2023,Revenue,2,8257014000.0,8288000000.0,1.0037526883204995,bvc;stockanalysis,E_source_disagreement,2
GAZ,2023,Total_Debt,2,1007532000.0,1310000000.0,1.3002068420655621,bvc;stockanalysis,E_source_disagreement,2
GAZ,2023,Total_Equity,2,2971924000.0,2972000000.0,1.0000255726593277,bvc;stockanalysis,B_harmless_equivalent,2
GAZ,2024,Cash,2,1309000000.0,1309278000.0,1.0002123758594348,bvc;stockanalysis,B_harmless_equivalent,2
GAZ,2024,EBITDA,2,1530000000.0,1593737000.0,1.0416581699346406,bvc;stockanalysis;workbook,E_source_disagreement,5
GAZ,2024,NetIncome,2,747390000.0,747392000.0,1.0000026759790739,bvc;stockanalysis,B_harmless_equivalent,2
GAZ,2024,Revenue,2,8773051000.0,8799000000.0,1.0029578079507346,bvc;stockanalysis,E_source_disagreement,2
GAZ,2024,Total_Debt,2,1172400000.0,1794000000.0,1.5301944728761514,bvc;stockanalysis,E_source_disagreement,2
GAZ,2024,Total_Equity,2,3238000000.0,3238073000.0,1.000022544780729,bvc;stockanalysis,B_harmless_equivalent,2
GAZ,2025,Cash,2,1039000000.0,1039041000.0,1.0000394610202117,bvc;stockanalysis,B_harmless_equivalent,2
GAZ,2025,EBITDA,2,1502000000.0,1576721000.0,1.0497476697736352,bvc;stockanalysis;workbook,E_source_disagreement,5
GAZ,2025,Revenue,2,8989425000.0,9022000000.0,1.0036237022946406,bvc;stockanalysis,E_source_disagreement,2
GAZ,2025,Total_Debt,2,1194543000.0,1782000000.0,1.4917838872271656,bvc;stockanalysis,E_source_disagreement,2
GAZ,2025,Total_Equity,2,3387000000.0,3387010000.0,1.0000029524653085,bvc;stockanalysis,B_harmless_equivalent,2
GTM,2021,EBITDA,2,446490000.0,670300000.0,1.5012654258773992,bvc;stockanalysis,E_source_disagreement,3
GTM,2022,EBITDA,2,1236000000.0,1507000000.0,1.2192556634304208,bvc;stockanalysis,E_source_disagreement,3
GTM,2023,EBITDA,2,1134000000.0,1488000000.0,1.312169312169312,bvc;stockanalysis,E_source_disagreement,3
GTM,2024,Cash,2,809577000.0,809580000.0,1.0000037056388706,bvc;stockanalysis,B_harmless_equivalent,2
GTM,2024,EBITDA,2,1411000000.0,1845000000.0,1.307583274273565,bvc;stockanalysis;workbook,E_source_disagreement,3
GTM,2024,NetIncome,2,589658000.0,589760000.0,1.0001729816266378,bvc;stockanalysis,B_harmless_equivalent,2
GTM,2024,Revenue,2,11098839000.0,11099000000.0,1.000014506021756,bvc;stockanalysis,B_harmless_equivalent,2
GTM,2024,Total_Debt,2,1125409000.0,1913000000.0,1.6998264630903077,bvc;stockanalysis,E_source_disagreement,2
GTM,2024,Total_Equity,2,2617864000.0,2618000000.0,1.0000519507506884,bvc;stockanalysis,B_harmless_equivalent,2
GTM,2025,Cash,2,1898533000.0,1899000000.0,1.0002459793956702,bvc;stockanalysis,B_harmless_equivalent,2
GTM,2025,EBITDA,2,1952000000.0,2464000000.0,1.2622950819672132,stockanalysis;workbook,E_source_disagreement,2
GTM,2025,NetIncome,2,1341942000.0,1342000000.0,1.0000432209439751,bvc;stockanalysis,B_harmless_equivalent,2
GTM,2025,Operating_Cash_Flow,2,1614000000.0,1614497000.0,1.0003079306071871,bvc;stockanalysis,B_harmless_equivalent,2
GTM,2025,Revenue,2,15165000000.0,15165454000.0,1.0000299373557533,bvc;stockanalysis,B_harmless_equivalent,2
GTM,2025,Total_Debt,2,1119645000.0,2172000000.0,1.939900593491687,bvc;stockanalysis,E_source_disagreement,2
GTM,2025,Total_Equity,2,3550000000.0,3550399000.0,1.0001123943661971,bvc;stockanalysis,B_harmless_equivalent,2
HPS,2019,EBITDA,2,126919423.0,168331964.0,1.3262900194558873,workbook,E_source_disagreement,4
HPS,2020,EBITDA,2,120527180.0,160220540.0,1.3293311931798288,workbook,E_source_disagreement,4
HPS,2020,EnterpriseValue,2,-111593113.0,-106535675.0,0.9546796584122534,workbook,E_source_disagreement,4
HPS,2021,EBITDA,3,144431501.0,188679727.0,1.3063613248746893,stockanalysis;workbook,E_source_disagreement,7
HPS,2022,EBITDA,3,119266869.0,207649947.0,1.7410530580793564,stockanalysis;workbook,E_source_disagreement,7
HPS,2023,EBITDA,2,223380000.0,246596793.0,1.1039340719849584,stockanalysis;workbook,E_source_disagreement,7
HPS,2024,EBITDA,2,184640000.0,219824149.0,1.190555399696707,stockanalysis;workbook,E_source_disagreement,7
HPS,2024,Revenue,2,1245000000.0,4364000000.0,3.5052208835341365,bvc;stockanalysis,E_source_disagreement,4
HPS,2025,EBITDA,2,254520000.0,285771394.0,1.1227856121326418,stockanalysis;workbook,E_source_disagreement,7
HPS,2025,Revenue,2,1521000000.0,5349000000.0,3.516765285996055,bvc;stockanalysis,E_source_disagreement,4
IAM,2018,Capitaux_propres,2,15668000000.0,19490000000.0,1.243936686239469,workbook,E_source_disagreement,4
IAM,2018,Clean_Capitaux_propres,2,15668000000.0,19490000000.0,1.243936686239469,workbook,E_source_disagreement,4
IAM,2018,EBITDA,2,11052000000.0,13626000000.0,1.232899022801303,workbook,E_source_disagreement,4
IAM,2018,EnterpriseValue,3,130732026202080.0,130758747202080.0,1.0002043952103878,workbook,B_harmless_equivalent,6
IAM,2019,Capitaux_propres,2,12069000000.0,16003000000.0,1.325959068688375,workbook,E_source_disagreement,4
IAM,2019,Clean_Capitaux_propres,2,12069000000.0,16003000000.0,1.325959068688375,workbook,E_source_disagreement,4
IAM,2019,EBITDA,2,8231000000.0,21229000000.0,2.5791519863929047,workbook,E_source_disagreement,4
IAM,2019,EnterpriseValue,3,127732552902.0,156955552902.0,1.2287827130678324,workbook,E_source_disagreement,6
IAM,2019,MarketCap_Calc,2,127732552902.0,127732552902.00002,1.0000000000000002,workbook,B_harmless_equivalent,6
IAM,2020,EnterpriseValue,3,111754995097500.0,111785481097500.0,1.0002727931755837,workbook,B_harmless_equivalent,6
IAM,2021,EBITDA,3,11573000000.0,19050000000.0,1.6460727555517152,stockanalysis;workbook,E_source_disagreement,6
IAM,2021,EnterpriseValue,2,122534462156580.0,122548882156580.0,1.0001176811792063,stockanalysis;workbook,B_harmless_equivalent,6
IAM,2022,EBITDA,2,15047000000.0,16132000000.0,1.072107396823287,stockanalysis;workbook,E_source_disagreement,6
IAM,2022,EnterpriseValue,2,113710982229.0,141531982229.0,1.2446641428527274,workbook,E_source_disagreement,6
IAM,2023,EBITDA,2,16996000000.0,19296000000.0,1.135325959049188,stockanalysis;workbook,E_source_disagreement,6
IAM,2023,EnterpriseValue,2,74305533613500.0,74332029613500.0,1.0003565817875397,workbook,B_harmless_equivalent,6
IAM,2024,EBITDA,3,-811000000.0,12935000000.0,15.94944512946979,stockanalysis;workbook,E_source_disagreement_sign_flip,6
IAM,2024,EnterpriseValue,2,88294577758920.0,88332393758920.0,1.000428293570906,workbook,B_harmless_equivalent,6
IAM,2025,EBITDA,3,5836000000.0,21258000000.0,3.6425633995887594,stockanalysis;workbook,E_source_disagreement,6
IAM,2025,EnterpriseValue,2,107568743088420.0,107591387088420.0,1.0002105072472716,workbook,B_harmless_equivalent,6
IMO,2020,EBITDA,2,35650000.0,37100000.0,1.040673211781206,stockanalysis;workbook,E_source_disagreement,3
IMO,2021,Cash,2,12440000.0,12443000.0,1.0002411575562702,bvc;stockanalysis,B_harmless_equivalent,3
IMO,2021,EBITDA,3,23401000.0,49570000.0,2.1182855433528482,bvc;stockanalysis;workbook,E_source_disagreement,7
IMO,2021,EnterpriseValue,2,-57848000.0,988510000.0,17.08805835983958,workbook,E_source_disagreement_sign_flip,4
IMO,2021,NetIncome,2,3806000.0,3810000.0,1.001050972149238,bvc;stockanalysis,E_source_disagreement,3
IMO,2021,Revenue,2,70100000.0,70104000.0,1.0000570613409414,bvc;stockanalysis,B_harmless_equivalent,2
IMO,2021,Total_Debt,2,9200000.0,59960000.0,6.517391304347826,bvc;stockanalysis,E_source_disagreement,3
IMO,2021,Total_Equity,2,765090000.0,765093000.0,1.0000039211073206,bvc;stockanalysis,B_harmless_equivalent,3
IMO,2022,Cash,2,18140000.0,18141000.0,1.0000551267916207,bvc;stockanalysis,B_harmless_equivalent,3
IMO,2022,EBITDA,3,23501000.0,48523000.0,2.0647206501850985,bvc;stockanalysis;workbook,E_source_disagreement,7
IMO,2022,EnterpriseValue,2,-18141000.0,857240000.0,47.25428587178215,workbook,E_source_disagreement_sign_flip,4
IMO,2022,NetIncome,2,8410000.0,8411000.0,1.0001189060642093,bvc;stockanalysis,B_harmless_equivalent,3
IMO,2022,Revenue,2,67055000.0,67060000.0,1.0000745656550594,bvc;stockanalysis,B_harmless_equivalent,2
IMO,2022,Total_Debt,2,8380000.0,8383000.0,1.0003579952267303,bvc;stockanalysis,B_harmless_equivalent,3
IMO,2022,Total_Equity,2,724159000.0,724160000.0,1.000001380912203,bvc;stockanalysis,B_harmless_equivalent,3
IMO,2023,Cash,2,28096000.0,28100000.0,1.0001423690205011,bvc;stockanalysis,B_harmless_equivalent,3
IMO,2023,EBITDA,2,49680000.0,84180000.0,1.6944444444444444,bvc;stockanalysis;workbook,E_source_disagreement,7
IMO,2023,NetIncome,2,42780000.0,42783000.0,1.000070126227209,bvc;stockanalysis,B_harmless_equivalent,3
IMO,2023,Revenue,2,72215000.0,72220000.0,1.000069237693,bvc;stockanalysis,B_harmless_equivalent,2
IMO,2023,Total_Debt,2,120000000.0,120150000.0,1.00125,bvc;stockanalysis,E_source_disagreement,3
IMO,2023,Total_Equity,2,827016000.0,827020000.0,1.000004836665796,bvc;stockanalysis,B_harmless_equivalent,3
IMO,2024,Cash,2,36040000.0,36044000.0,1.000110987791343,bvc;stockanalysis,B_harmless_equivalent,3
IMO,2024,EBITDA,3,44889000.0,79640000.0,1.7741540243712268,bvc;stockanalysis;workbook,E_source_disagreement,7
IMO,2024,EnterpriseValue,3,840353100.0,1142260100.0,1.3592620768579302,workbook,E_source_disagreement,6
IMO,2024,NetIncome,2,47110000.0,47112000.0,1.0000424538314583,bvc;stockanalysis,B_harmless_equivalent,3
IMO,2024,Revenue,2,78675000.0,78680000.0,1.000063552589768,bvc;stockanalysis,B_harmless_equivalent,2
IMO,2024,Total_Debt,2,336958000.0,337950000.0,1.0029439870844437,bvc;stockanalysis,E_source_disagreement,3
IMO,2024,Total_Equity,2,827116000.0,827120000.0,1.0000048360810334,bvc;stockanalysis,B_harmless_equivalent,3
IMO,2025,EBITDA,2,56541000.0,63915000.0,1.1304186342654003,workbook,E_source_disagreement,4
IMO,2025,EnterpriseValue,3,827743300.0,1189580300.0,1.437136730674836,workbook,E_source_disagreement,6
INV,2020,EBITDA,3,2800000.0,12277296.26,4.3847486642857145,stockanalysis;workbook,E_source_disagreement,7
INV,2020,NetIncome,2,400000.0,410000.0,1.025,bvc;stockanalysis,E_source_disagreement,4
INV,2020,Revenue,2,33400000.0,43330000.0,1.297305389221557,bvc;stockanalysis,E_source_disagreement,4
INV,2021,Cash,2,995610.04,1000000.0,1.0044093167240458,bvc;stockanalysis,E_source_disagreement,4
INV,2021,EBITDA,2,2963949.95,18487979.95,6.237615432743727,workbook,E_source_disagreement,4
INV,2021,NetIncome,2,5422.3,10000.0,1.8442358408793316,bvc;stockanalysis,E_source_disagreement,4
INV,2021,Revenue,2,36401830.27,51830000.0,1.4238295057024888,bvc;stockanalysis,E_source_disagreement,4
INV,2021,Total_Debt,2,18706440.46,22670000.0,1.211882081386637,bvc;stockanalysis,E_source_disagreement,4
INV,2021,Total_Equity,2,91690000.0,91692584.66,1.0000281891154978,bvc;stockanalysis,B_harmless_equivalent,4
INV,2022,Cash,2,580000.0,588913.0,1.0153672413793104,bvc;stockanalysis,E_source_disagreement,4
INV,2022,EBITDA,3,5120000.0,16769886.18,3.2753683945312497,bvc;stockanalysis;workbook,E_source_disagreement,8
INV,2022,NetIncome,2,-91250.89,-90000.0,0.9862917501407383,bvc;stockanalysis,E_source_disagreement,4
INV,2022,Revenue,2,40113355.73,50300000.0,1.253946449620559,bvc;stockanalysis,E_source_disagreement,4
INV,2022,Total_Debt,2,15363010.29,26290000.0,1.711253166126728,bvc;stockanalysis,E_source_disagreement,4
INV,2022,Total_Equity,2,89687753.75,89690000.0,1.0000250452253077,bvc;stockanalysis,B_harmless_equivalent,4
INV,2023,EBITDA,2,1800000.0,2310000.0,1.2833333333333334,bvc;stockanalysis;workbook,E_source_disagreement,8
INV,2023,NetIncome,2,690000.0,700000.0,1.0144927536231885,bvc;stockanalysis,E_source_disagreement,4
INV,2023,Revenue,2,37100000.0,46200000.0,1.2452830188679245,bvc;stockanalysis,E_source_disagreement,4
INV,2024,EBITDA,2,1700000.0,2260000.0,1.3294117647058823,bvc;stockanalysis;workbook,E_source_disagreement,8
INV,2024,NetIncome,2,-120000.0,-100000.0,0.8333333333333334,bvc;stockanalysis,E_source_disagreement,4
INV,2024,Revenue,2,37500000.0,46890000.0,1.2504,bvc;stockanalysis,E_source_disagreement,4
JET,2020,EnterpriseValue,2,567126518.4,1394709952.94,2.459257163418864,workbook,E_source_disagreement,6
JET,2021,Cash,2,119020000.0,119021124.19,1.0000094453873298,bvc;stockanalysis,B_harmless_equivalent,2
JET,2021,EBITDA,2,105949456.89,128070000.0,1.2087839216860379,bvc;stockanalysis;workbook,E_source_disagreement,5
JET,2021,EnterpriseValue,2,608933922.0,1375284634.17,2.25851210530853,workbook,E_source_disagreement,6
JET,2021,NetIncome,2,10810000.0,12769083.32,1.1812287992599446,bvc;stockanalysis,E_source_disagreement,2
JET,2021,Revenue,2,1679844797.23,1680000000.0,1.000092391136524,bvc;stockanalysis,B_harmless_equivalent,2
JET,2021,Total_Debt,2,430553246.32,885370000.0,2.056354254827675,bvc;stockanalysis,E_source_disagreement,2
JET,2021,Total_Equity,2,974907654.64,974910000.0,1.0000024057252899,bvc;stockanalysis,B_harmless_equivalent,2
JET,2022,Cash,2,227237109.8,227240000.0,1.0000127188732622,bvc;stockanalysis,B_harmless_equivalent,2
JET,2022,EBITDA,2,144210000.0,249430277.73,1.7296323259829414,bvc;stockanalysis;workbook,E_source_disagreement,5
JET,2022,EnterpriseValue,2,605904400.0,1271401078.41,2.0983526087778865,workbook,E_source_disagreement,6
JET,2022,NetIncome,2,24830000.0,26714877.75,1.0759113068868305,bvc;stockanalysis,E_source_disagreement,2
JET,2022,Revenue,2,1799583981.0,1809000000.0,1.0052323309717215,bvc;stockanalysis,E_source_disagreement,2
JET,2022,Total_Debt,2,358357016.93,892730000.0,2.4911748837734695,bvc;stockanalysis,E_source_disagreement,2
JET,2022,Total_Equity,2,996706755.41,996710000.0,1.0000032553105338,bvc;stockanalysis,B_harmless_equivalent,2
JET,2023,Cash,2,113240000.0,113240841.48,1.0000074309431297,bvc;stockanalysis,B_harmless_equivalent,2
JET,2023,EBITDA,2,160470000.0,269858255.22,1.6816741772293888,bvc;stockanalysis;workbook,E_source_disagreement,5
JET,2023,EnterpriseValue,2,618022488.0,1368383095.64,2.2141315602742275,workbook,E_source_disagreement,6
JET,2023,NetIncome,2,68920000.0,73000000.0,1.0591990713871156,bvc;stockanalysis,E_source_disagreement,2
JET,2023,Revenue,2,2217000000.0,2225000000.0,1.0036084799278304,bvc;stockanalysis,E_source_disagreement,2
JET,2023,Total_Debt,2,284704061.32,863600000.0,3.0333251868484448,bvc;stockanalysis,E_source_disagreement,2
JET,2023,Total_Equity,2,1069554629.62,1070000000.0,1.0004164073228856,bvc;stockanalysis,B_harmless_equivalent,2
JET,2024,Cash,2,109540000.0,109541619.63,1.0000147857403687,bvc;stockanalysis,B_harmless_equivalent,2
JET,2024,EBITDA,2,301290000.0,423813376.17,1.406662604699791,bvc;stockanalysis;workbook,E_source_disagreement,5
JET,2024,EnterpriseValue,2,1287546850.0,2004113268.0,1.5565361897316592,workbook,E_source_disagreement,6
JET,2024,NetIncome,2,129740000.0,133057746.77,1.0255722735470942,bvc;stockanalysis,E_source_disagreement,2
JET,2024,Revenue,2,3117729584.6,3131000000.0,1.0042564356657322,bvc;stockanalysis,E_source_disagreement,2
JET,2024,Total_Debt,2,268554107.43,826110000.0,3.0761398807327116,bvc;stockanalysis,E_source_disagreement,2
JET,2024,Total_Equity,2,1178918998.23,1179000000.0,1.0000687085118838,bvc;stockanalysis,B_harmless_equivalent,2
JET,2025,Cash,2,567085386.59,567090000.0,1.0000081353004486,bvc;stockanalysis,B_harmless_equivalent,2
JET,2025,EBITDA,3,435275252.15,538000000.0,1.2359995137389528,bvc;stockanalysis;workbook,E_source_disagreement,6
JET,2025,EnterpriseValue,2,7270852800.0,8612133191.29,1.1844736000280462,workbook,E_source_disagreement,6
JET,2025,NetIncome,2,222350000.0,224734728.04,1.0107251092421856,bvc;stockanalysis,E_source_disagreement,2
JET,2025,Revenue,2,3648773527.48,3738000000.0,1.0244538258809457,bvc;stockanalysis,E_source_disagreement,2
JET,2025,Total_Debt,2,1191397028.94,1908000000.0,1.6014812473534286,bvc;stockanalysis,E_source_disagreement,2
JET,2025,Total_Equity,2,1355000000.0,1357617241.89,1.0019315438302583,bvc;stockanalysis,E_source_disagreement,2
LBV,2020,EBITDA,2,540576414.19,910000000.0,1.6833882798300486,bvc;workbook,E_source_disagreement,4
LBV,2021,Cash,2,618387000.0,718390000.0,1.1617158834192827,bvc;stockanalysis,E_source_disagreement,2
LBV,2021,EBITDA,2,630759000.0,1038000000.0,1.6456364475179903,bvc;stockanalysis;workbook,E_source_disagreement,5
LBV,2021,NetIncome,2,407240000.0,417184000.0,1.024418033591985,bvc;stockanalysis,E_source_disagreement,2
LBV,2021,Revenue,2,11758000000.0,11758242000.0,1.000020581731587,bvc;stockanalysis,B_harmless_equivalent,2
LBV,2021,Total_Debt,2,3527685000.0,3628000000.0,1.028436495888947,bvc;stockanalysis,E_source_disagreement,2
LBV,2021,Total_Equity,2,2430000000.0,2442466000.0,1.0051300411522635,bvc;stockanalysis,E_source_disagreement,2
LBV,2022,Cash,2,565311000.0,765310000.0,1.3537857922453305,bvc;stockanalysis,E_source_disagreement,2
LBV,2022,EBITDA,2,1213000000.0,1215920284.25,1.0024074890766694,bvc;stockanalysis;workbook,E_source_disagreement,5
LBV,2022,NetIncome,2,748350000.0,762372000.0,1.0187372218881539,bvc;stockanalysis,E_source_disagreement,2
LBV,2022,Revenue,2,13946822000.0,13947000000.0,1.0000127627641624,bvc;stockanalysis,B_harmless_equivalent,2
LBV,2022,Total_Debt,2,3832629000.0,4033000000.0,1.0522803015893267,bvc;stockanalysis,E_source_disagreement,2
LBV,2022,Total_Equity,2,2940000000.0,2953855000.0,1.0047125850340135,bvc;stockanalysis,E_source_disagreement,2
LBV,2023,Cash,2,1265709603.94,1266000000.0,1.0002294334017028,bvc;stockanalysis,B_harmless_equivalent,2
LBV,2023,EBITDA,2,1326707937.63,1327000000.0,1.0002201406667708,bvc;stockanalysis;workbook,B_harmless_equivalent,6
LBV,2023,EnterpriseValue,2,4067646322.61,15805000000.0,3.885539387273656,workbook,E_source_disagreement,4
LBV,2023,NetIncome,2,507670000.0,523796906.52,1.031766514704434,bvc;stockanalysis,E_source_disagreement,2
LBV,2023,Revenue,2,15799874000.68,15800000000.0,1.0000079747041017,bvc;stockanalysis,B_harmless_equivalent,2
LBV,2023,Total_Debt,2,4853355926.0,5093000000.0,1.0493769831955242,bvc;stockanalysis,E_source_disagreement,2
LBV,2023,Total_Equity,2,3147874373.0,3220000000.0,1.0229124858408065,bvc;stockanalysis,E_source_disagreement,2
LBV,2024,Cash,2,1575248767.69,2075000000.0,1.3172522604431887,bvc;stockanalysis,E_source_disagreement,2
LBV,2024,EBITDA,2,1411987123.87,1412000000.0,1.0000091191553964,bvc;stockanalysis;workbook,B_harmless_equivalent,6
LBV,2024,EnterpriseValue,3,13309308243.0,17457671090.73,1.311688840020053,workbook,E_source_disagreement,6
LBV,2024,NetIncome,2,541699404.32,541810000.0,1.000204164300566,bvc;stockanalysis,B_harmless_equivalent,2
LBV,2024,Revenue,2,16417976508.23,16418000000.0,1.0000014308565972,bvc;stockanalysis,B_harmless_equivalent,3
LBV,2024,Total_Debt,2,5723611615.42,6224000000.0,1.0874252863754594,bvc;stockanalysis,E_source_disagreement,2
LBV,2024,Total_Equity,2,3409641126.11,3501000000.0,1.0267942784917747,bvc;stockanalysis,E_source_disagreement,2
LBV,2025,Cash,2,1594000000.0,1594314031.27,1.0001970083249687,bvc;stockanalysis,B_harmless_equivalent,2
LBV,2025,EBITDA,2,1557121410.5,1591000000.0,1.0217571920028519,bvc;stockanalysis;workbook,E_source_disagreement,6
LBV,2025,EnterpriseValue,3,12817335553.0,18264386784.02,1.4249753163203311,workbook,E_source_disagreement,6
LBV,2025,NetIncome,2,578790000.0,593657993.13,1.0256880615249053,bvc;stockanalysis,E_source_disagreement,2
LBV,2025,Revenue,2,18534000000.0,18534397910.76,1.0000214692327614,bvc;stockanalysis,B_harmless_equivalent,3
LBV,2025,Total_Debt,2,6391365262.29,7041000000.0,1.1016425616515677,bvc;stockanalysis,E_source_disagreement,2
LBV,2025,Total_Equity,2,3670153999.9,3774000000.0,1.0282947255354487,bvc;stockanalysis,E_source_disagreement,2
LES,2021,EBITDA,2,309000000.0,464000000.0,1.5016181229773462,stockanalysis;workbook,E_source_disagreement,6
LES,2021,EnterpriseValue,2,-400000000.0,6000000.0,0.015,workbook,E_source_disagreement_sign_flip,4
LES,2022,EBITDA,2,463000000.0,733000000.0,1.5831533477321815,stockanalysis;workbook,E_source_disagreement,6
LES,2022,EnterpriseValue,2,-113000000.0,5438000000.0,48.123893805309734,workbook,E_source_disagreement_sign_flip,4
LES,2023,EBITDA,3,74000000.0,180000000.0,2.4324324324324325,stockanalysis;workbook,E_source_disagreement,6
LES,2023,EnterpriseValue,2,1029000000.0,1438000000.0,1.3974732750242955,workbook,E_source_disagreement,4
LES,2024,EBITDA,2,334000000.0,473000000.0,1.4161676646706587,stockanalysis;workbook,E_source_disagreement,6
LES,2024,EnterpriseValue,3,7245876190.0,8526876190.0,1.1767902136898092,workbook,E_source_disagreement,6
LES,2025,EBITDA,2,99000000.0,288000000.0,2.909090909090909,stockanalysis;workbook,E_source_disagreement,6
LES,2025,EnterpriseValue,2,7842137900.0,8013137900.0,1.0218052783795093,workbook,E_source_disagreement,6
LES,2025,Revenue,2,5378000000.0,5521000000.0,1.0265898103384157,stockanalysis,E_source_disagreement,3
LHM,2020,EBITDA,2,2440449000.0,3227545000.0,1.3225209787215386,workbook,E_source_disagreement,4
LHM,2020,EnterpriseValue,2,36442786400.0,36597251400.0,1.004238561736322,workbook,E_source_disagreement,4
LHM,2021,Cash,2,532168000.0,532170000.0,1.0000037582116925,bvc;stockanalysis,B_harmless_equivalent,3
LHM,2021,EBITDA,3,3203705000.0,4301000000.0,1.3425081273088502,bvc;stockanalysis;workbook,E_source_disagreement,7
LHM,2021,EnterpriseValue,2,42617423400.0,42950871400.0,1.0078242177353218,workbook,E_source_disagreement,4
LHM,2021,NetIncome,2,2010000000.0,2010486000.0,1.000241791044776,bvc;stockanalysis,B_harmless_equivalent,3
LHM,2021,Revenue,2,8194570000.0,8195000000.0,1.0000524737722662,bvc;stockanalysis,B_harmless_equivalent,3
LHM,2021,Total_Debt,2,5425295000.0,5592000000.0,1.0307273613692896,bvc;stockanalysis,E_source_disagreement,3
LHM,2021,Total_Equity,2,11431699000.0,11432000000.0,1.000026330294386,bvc;stockanalysis,B_harmless_equivalent,3
LHM,2022,Cash,2,139957000.0,139960000.0,1.0000214351550833,bvc;stockanalysis,B_harmless_equivalent,3
LHM,2022,EBITDA,2,3085223000.0,3439000000.0,1.1146682103692342,bvc;stockanalysis;workbook,E_source_disagreement,7
LHM,2022,EnterpriseValue,2,49682755200.0,50642827200.0,1.0193240490817224,workbook,E_source_disagreement,4
LHM,2022,NetIncome,2,1391685000.0,1392000000.0,1.0002263443236077,bvc;stockanalysis,B_harmless_equivalent,3
LHM,2022,Revenue,2,7985000000.0,7985055000.0,1.0000068879148403,bvc;stockanalysis,B_harmless_equivalent,3
LHM,2022,Total_Debt,2,5186200000.0,5666000000.0,1.092514750684509,bvc;stockanalysis,E_source_disagreement,3
LHM,2022,Total_Equity,2,11340575000.0,11341000000.0,1.0000374760539037,bvc;stockanalysis,B_harmless_equivalent,3
LHM,2023,Cash,2,153686000.0,153690000.0,1.000026027094205,bvc;stockanalysis,B_harmless_equivalent,3
LHM,2023,EBITDA,2,3300484000.0,3665000000.0,1.1104431956040386,bvc;stockanalysis;workbook,E_source_disagreement,7
LHM,2023,EnterpriseValue,2,37053016680.0,37372733680.0,1.0086286361718173,workbook,E_source_disagreement,4
LHM,2023,NetIncome,2,1547820000.0,1548000000.0,1.0001162925921618,bvc;stockanalysis,B_harmless_equivalent,3
LHM,2023,Revenue,2,8212000000.0,8212021000.0,1.000002557233317,bvc;stockanalysis,B_harmless_equivalent,3
LHM,2023,Total_Debt,2,4824729000.0,5144000000.0,1.0661738721490885,bvc;stockanalysis,E_source_disagreement,3
LHM,2023,Total_Equity,2,11417000000.0,11417059000.0,1.000005167732329,bvc;stockanalysis,B_harmless_equivalent,3
LHM,2024,Cash,2,163075000.0,163080000.0,1.0000306607389238,bvc;stockanalysis,B_harmless_equivalent,3
LHM,2024,EBITDA,2,3803924000.0,4006000000.0,1.0531230382100167,bvc;stockanalysis;workbook,E_source_disagreement,7
LHM,2024,EnterpriseValue,2,49862916000.0,50056872000.0,1.0038897845444898,workbook,E_source_disagreement,4
LHM,2024,NetIncome,2,1825688000.0,1826000000.0,1.000170894479232,bvc;stockanalysis,B_harmless_equivalent,3
LHM,2024,Revenue,2,8154838000.0,8155000000.0,1.0000198655080579,bvc;stockanalysis,B_harmless_equivalent,3
LHM,2024,Total_Debt,2,4335073000.0,4529000000.0,1.0447344254641155,bvc;stockanalysis,E_source_disagreement,3
LHM,2024,Total_Equity,2,11665000000.0,11665123000.0,1.0000105443634806,bvc;stockanalysis,B_harmless_equivalent,3
LHM,2025,EBITDA,3,3596538000.0,4509000000.0,1.2537056469304648,bvc;stockanalysis;workbook,E_source_disagreement,7
LHM,2025,EnterpriseValue,2,44982408720.0,45159452720.0,1.0039358497029813,workbook,E_source_disagreement,4
LHM,2025,NetIncome,2,2165873000.0,2166000000.0,1.0000586368637496,bvc;stockanalysis,B_harmless_equivalent,3
LHM,2025,Revenue,2,8936000000.0,8936255000.0,1.0000285362578334,bvc;stockanalysis,B_harmless_equivalent,3
LHM,2025,Total_Equity,2,12156000000.0,12156299000.0,1.0000245969068773,bvc;stockanalysis,B_harmless_equivalent,3
M2M,2020,EBITDA,2,-26916324.68,14058066.13,0.5222877304807426,bvc;workbook,E_source_disagreement_sign_flip,4
M2M,2021,Cash,2,133870000.0,133874895.0,1.0000365653245686,bvc;stockanalysis,B_harmless_equivalent,2
M2M,2021,EBITDA,2,-28726143.28,-5068800.3,0.1764525175062066,bvc;workbook,E_source_disagreement,4
M2M,2021,NetIncome,2,-28144801.19,-19870000.0,0.7059918407616934,bvc;stockanalysis,E_source_disagreement,2
M2M,2021,Revenue,2,53905390.97,53910000.0,1.0000855022089084,bvc;stockanalysis,B_harmless_equivalent,2
M2M,2021,Total_Debt,2,580787.61,910000.0,1.5668378325081693,bvc;stockanalysis,E_source_disagreement,2
M2M,2021,Total_Equity,2,216950000.0,216952580.79,1.0000118957824382,bvc;stockanalysis,B_harmless_equivalent,2
M2M,2022,Cash,2,38620000.0,38624076.0,1.000105541170378,bvc;stockanalysis,B_harmless_equivalent,2
M2M,2022,EBITDA,2,-45334315.84,14058066.13,0.31009767919771036,bvc;workbook,E_source_disagreement_sign_flip,4
M2M,2022,EnterpriseValue,2,-36665797.58,381960000.0,10.417337824620152,workbook,E_source_disagreement_sign_flip,4
M2M,2022,NetIncome,2,-44995968.07,-33610000.0,0.7469558149679787,bvc;stockanalysis,E_source_disagreement,2
M2M,2022,Revenue,2,61898665.79,61900000.0,1.0000215547456957,bvc;stockanalysis,B_harmless_equivalent,2
M2M,2022,Total_Debt,2,580000.0,580788.0,1.0013586206896552,bvc;stockanalysis,E_source_disagreement,2
M2M,2022,Total_Equity,2,171980000.0,171982612.71,1.0000151919409235,bvc;stockanalysis,B_harmless_equivalent,2
M2M,2023,Cash,2,25026920.0,25030000.0,1.0001230674809365,bvc;stockanalysis,B_harmless_equivalent,2
M2M,2023,EBITDA,2,2962883.89,17657132.06,5.959441110599848,workbook,E_source_disagreement,4
M2M,2023,EnterpriseValue,2,-16579815.52,285050000.0,17.192591778608644,workbook,E_source_disagreement_sign_flip,4
M2M,2023,NetIncome,2,-21602353.0,-14780000.0,0.6841847274692715,bvc;stockanalysis,E_source_disagreement,2
M2M,2023,Revenue,2,78580000.0,78581596.0,1.0000203105115806,bvc;stockanalysis,B_harmless_equivalent,2
M2M,2023,Total_Debt,2,570000.0,1958278.42,3.4355761754385963,bvc;stockanalysis,E_source_disagreement,2
M2M,2023,Total_Equity,2,181500000.0,181503271.0,1.0000180220385675,bvc;stockanalysis,B_harmless_equivalent,2
M2M,2024,Cash,2,29529115.0,29530000.0,1.0000299704207187,bvc;stockanalysis,B_harmless_equivalent,2
M2M,2024,EBITDA,2,16505532.0,18275740.57,1.107249410076573,workbook,E_source_disagreement,4
M2M,2024,EnterpriseValue,3,286352075.0,314819622.0,1.0994144952502964,workbook,E_source_disagreement,6
M2M,2024,NetIncome,2,14650000.0,14651275.0,1.0000870307167236,bvc;stockanalysis,B_harmless_equivalent,2
M2M,2024,Revenue,2,102625951.0,102630000.0,1.0000394539583852,bvc;stockanalysis,B_harmless_equivalent,2
M2M,2024,Total_Debt,2,1060000.0,1061568.0,1.0014792452830188,bvc;stockanalysis,E_source_disagreement,2
M2M,2024,Total_Equity,2,144832311.0,212000000.0,1.4637617706728439,bvc;stockanalysis,E_source_disagreement,2
M2M,2025,Cash,2,32920000.0,32920562.0,1.000017071688943,bvc;stockanalysis,B_harmless_equivalent,2
M2M,2025,EnterpriseValue,2,337457863.0,369880667.0,1.09607956297643,workbook,E_source_disagreement,6
M2M,2025,NetIncome,2,5310000.0,6545000.0,1.2325800376647835,bvc;stockanalysis,E_source_disagreement,2
M2M,2025,Revenue,2,126680000.0,126682451.0,1.0000193479633723,bvc;stockanalysis,B_harmless_equivalent,2
M2M,2025,Total_Debt,2,497758.0,500000.0,1.0045041968185342,bvc;stockanalysis,E_source_disagreement,2
M2M,2025,Total_Equity,2,232359000.0,232360000.0,1.0000043036852457,bvc;stockanalysis,B_harmless_equivalent,2
MAB,2021,EBITDA,2,278005000.0,511567000.0,1.84013596877754,workbook,E_source_disagreement,4
MAB,2021,EnterpriseValue,2,7254268000.0,14505770000.0,1.9996187072217348,workbook,E_source_disagreement,4
MAB,2022,EnterpriseValue,2,8269628000.0,16542189000.0,2.000354671334672,workbook,E_source_disagreement,4
MAB,2024,EnterpriseValue,3,1273447440.0,12710698440.0,9.981329453220308,workbook,G_scale_mismatch,6
MAB,2024,NetIncome,2,135630000.0,136000000.0,1.0027280100272802,bvc;stockanalysis,E_source_disagreement,3
MAB,2025,EnterpriseValue,3,1352345814.0,3125083814.0,2.310861453962396,workbook,E_source_disagreement,6
MAB,2025,NetIncome,2,148000000.0,148200000.0,1.0013513513513514,bvc;stockanalysis,E_source_disagreement,3
MDP,2020,EBITDA,2,-4076561.49,602772.02,0.1478628548787081,workbook,E_source_disagreement_sign_flip,4
MDP,2020,EnterpriseValue,2,197973916.19,197973916.39,1.0000000010102341,workbook,B_harmless_equivalent,4
MDP,2021,Cash,2,790000.0,792308.11,1.0029216582278482,bvc;stockanalysis,E_source_disagreement,2
MDP,2021,EBITDA,2,-2535708.62,1660000.0,0.6546493500503224,bvc;stockanalysis;workbook,E_source_disagreement_sign_flip,5
MDP,2021,NetIncome,2,9480000.0,9483951.17,1.000416790084388,bvc;stockanalysis,B_harmless_equivalent,2
MDP,2021,Revenue,2,78990000.0,78993575.43,1.000045264337258,bvc;stockanalysis,B_harmless_equivalent,2
MDP,2021,Total_Debt,2,128916843.2,174290000.0,1.3519567782900845,bvc;stockanalysis,E_source_disagreement,2
MDP,2021,Total_Equity,2,-37361523.92,-37360000.0,0.9999592115138755,bvc;stockanalysis,B_harmless_equivalent,2
MDP,2022,Cash,2,437898.72,440000.0,1.0047985525054743,bvc;stockanalysis,E_source_disagreement,2
MDP,2022,EBITDA,2,13785376.2,18700000.0,1.356509951465815,bvc;stockanalysis;workbook,E_source_disagreement,5
MDP,2022,NetIncome,2,7429125.3,7430000.0,1.0001177392983263,bvc;stockanalysis,B_harmless_equivalent,2
MDP,2022,Revenue,2,134730000.0,134730962.47,1.000007143694797,bvc;stockanalysis,B_harmless_equivalent,2
MDP,2022,Total_Debt,2,128916843.2,191870000.0,1.4883237538041112,bvc;stockanalysis,E_source_disagreement,2
MDP,2022,Total_Equity,2,20696765.84,20700000.0,1.000156264028158,bvc;stockanalysis,B_harmless_equivalent,2
MDP,2023,Cash,2,235549.39,240000.0,1.018894593613679,bvc;stockanalysis,E_source_disagreement,2
MDP,2023,EBITDA,3,10873215.67,16675781.68,1.5336568487287257,bvc;stockanalysis;workbook,E_source_disagreement,6
MDP,2023,NetIncome,2,5750000.0,5750865.13,1.0001504573913043,bvc;stockanalysis,B_harmless_equivalent,2
MDP,2023,Revenue,2,107860000.0,107883382.95,1.0002167898201373,bvc;stockanalysis,B_harmless_equivalent,2
MDP,2023,Total_Debt,2,122513152.27,208300000.0,1.700225617743792,bvc;stockanalysis,E_source_disagreement,2
MDP,2023,Total_Equity,2,24647930.67,26450000.0,1.0731123985265574,bvc;stockanalysis,E_source_disagreement,2
MDP,2024,Cash,2,760000.0,762389.68,1.0031443157894737,bvc;stockanalysis,E_source_disagreement,2
MDP,2024,EBITDA,3,6199680.89,11738194.57,1.8933546384513995,bvc;stockanalysis;workbook,E_source_disagreement,6
MDP,2024,EnterpriseValue,2,91945078.06,285549587.86,3.1056538738665354,workbook,E_source_disagreement,6
MDP,2024,NetIncome,2,7985231.64,7990000.0,1.0005971473608999,bvc;stockanalysis,B_harmless_equivalent,2
MDP,2024,Revenue,2,105560000.0,105563865.54,1.0000366193633954,bvc;stockanalysis,B_harmless_equivalent,2
MDP,2024,Total_Debt,2,125943411.37,194370000.0,1.5433121739808562,bvc;stockanalysis,E_source_disagreement,2
MDP,2024,Total_Equity,2,34430000.0,34432862.61,1.000083142898635,bvc;stockanalysis,B_harmless_equivalent,2
MDP,2025,Cash,2,630000.0,631924.66,1.0030550158730158,bvc;stockanalysis,E_source_disagreement,2
MDP,2025,EBITDA,2,-4840000.0,10355525.86,2.1395714586776857,bvc;stockanalysis;workbook,E_source_disagreement_sign_flip,5
MDP,2025,EnterpriseValue,2,112372002.27,279722547.93,2.4892548168528776,workbook,E_source_disagreement,6
MDP,2025,NetIncome,2,6710000.0,6713105.5,1.0004628166915053,bvc;stockanalysis,B_harmless_equivalent,2
MDP,2025,Revenue,2,88408885.33,88410000.0,1.0000126081218628,bvc;stockanalysis,B_harmless_equivalent,2
MDP,2025,Total_Debt,2,97830543.27,167980000.0,1.7170506713470488,bvc;stockanalysis,E_source_disagreement,2
MDP,2025,Total_Equity,2,41145968.11,41150000.0,1.0000979899170004,bvc;stockanalysis,B_harmless_equivalent,2
MIC,2020,EBITDA,2,100900000.0,103421698.82,1.0249920596630326,stockanalysis;workbook,E_source_disagreement,2
MIC,2021,Cash,2,52635056.05,52640000.0,1.0000939288445956,bvc;stockanalysis,B_harmless_equivalent,2
MIC,2021,EBITDA,2,76733002.86,77740000.0,1.013123390229329,bvc;stockanalysis;workbook,E_source_disagreement,5
MIC,2021,NetIncome,2,45560000.0,45561229.33,1.0000269826602282,bvc;stockanalysis,B_harmless_equivalent,2
MIC,2021,Revenue,2,563626820.5,563630000.0,1.0000056411438993,bvc;stockanalysis,B_harmless_equivalent,2
MIC,2021,Total_Debt,2,908516.0,95550000.0,105.17151046321693,bvc;stockanalysis,E_source_disagreement,3
MIC,2021,Total_Equity,2,169940000.0,169940248.64,1.000001463104625,bvc;stockanalysis,B_harmless_equivalent,2
MIC,2022,Cash,2,30710000.0,30711847.99,1.0000601755128622,bvc;stockanalysis,B_harmless_equivalent,2
MIC,2022,EBITDA,2,104130227.08,105130000.0,1.009601178716646,bvc;stockanalysis;workbook,E_source_disagreement,5
MIC,2022,NetIncome,2,42610000.0,42613398.37,1.0000797552217788,bvc;stockanalysis,B_harmless_equivalent,2
MIC,2022,Revenue,2,694840000.0,694841840.09,1.0000026482211732,bvc;stockanalysis,B_harmless_equivalent,2
MIC,2022,Total_Debt,2,0.0,71110000.0,,bvc;stockanalysis,E_source_disagreement,2
MIC,2022,Total_Equity,2,167190000.0,167193647.01,1.0000218135654046,bvc;stockanalysis,B_harmless_equivalent,2
MIC,2023,Cash,2,64390000.0,64390823.73,1.0000127928249727,bvc;stockanalysis,B_harmless_equivalent,2
MIC,2023,EBITDA,3,90432098.98,95365990.64,1.0545590748821518,bvc;stockanalysis;workbook,E_source_disagreement,6
MIC,2023,NetIncome,2,57200000.0,57202808.65,1.0000491022727271,bvc;stockanalysis,B_harmless_equivalent,2
MIC,2023,Revenue,2,728686667.57,751170000.0,1.0308545955766923,bvc;stockanalysis,E_source_disagreement,2
MIC,2023,Total_Debt,2,0.0,80000000.0,,bvc;stockanalysis,E_source_disagreement,2
MIC,2023,Total_Equity,2,182396455.66,182400000.0,1.0000194320661944,bvc;stockanalysis,B_harmless_equivalent,2
MIC,2024,Cash,2,117647954.61,117650000.0,1.0000173856826222,bvc;stockanalysis,B_harmless_equivalent,2
MIC,2024,EBITDA,3,96527062.74,101709741.8,1.053691461367262,bvc;stockanalysis;workbook,E_source_disagreement,6
MIC,2024,NetIncome,2,67810000.0,67814205.42,1.000062017696505,bvc;stockanalysis,B_harmless_equivalent,2
MIC,2024,Revenue,2,900445777.78,900450000.0,1.000004689033037,bvc;stockanalysis,B_harmless_equivalent,2
MIC,2024,Total_Debt,2,0.0,140000000.0,,bvc;stockanalysis,E_source_disagreement,2
MIC,2024,Total_Equity,2,193090000.0,193090661.08,1.0000034236884354,bvc;stockanalysis,B_harmless_equivalent,2
MIC,2025,EBITDA,2,106794834.53,109951935.86,1.0295623036815804,workbook,E_source_disagreement,4
MLE,2022,NetIncome,2,68877000.0,68880000.0,1.0000435559040028,bvc;stockanalysis,B_harmless_equivalent,2
MLE,2022,Revenue,2,334385000.0,3295000000.0,9.853910911075557,bvc;stockanalysis,G_scale_mismatch,2
MLE,2022,Total_Debt,2,9716000000.0,10461474000.0,1.076726430629889,bvc;stockanalysis,E_source_disagreement,2
MLE,2022,Total_Equity,2,1027766000.0,1028000000.0,1.0002276782847457,bvc;stockanalysis,B_harmless_equivalent,2
MLE,2023,NetIncome,2,104170000.0,104173000.0,1.0000287990784296,bvc;stockanalysis,B_harmless_equivalent,2
MLE,2023,Revenue,2,409648000.0,3470000000.0,8.470687028863805,bvc;stockanalysis,E_source_disagreement,2
MLE,2023,Total_Debt,2,10461000000.0,10895746000.0,1.0415587419940733,bvc;stockanalysis,E_source_disagreement,2
MLE,2023,Total_Equity,2,1093000000.0,1093064000.0,1.0000585544373284,bvc;stockanalysis,B_harmless_equivalent,2
MLE,2024,EnterpriseValue,2,1069055680.0,1080740446.0,1.0109299882303604,workbook,E_source_disagreement,4
MLE,2025,EnterpriseValue,2,1032957696.0,1044949265.0,1.011608964284245,workbook,E_source_disagreement,4
MNG,2021,Cash,2,1726900000.0,1727000000.0,1.0000579072326135,bvc;stockanalysis,B_harmless_equivalent,3
MNG,2021,NetIncome,2,861500000.0,926200000.0,1.0751015670342425,bvc;stockanalysis,E_source_disagreement,3
MNG,2021,Revenue,2,7422800000.0,7423000000.0,1.0000269440103464,bvc;stockanalysis,B_harmless_equivalent,2
MNG,2021,Total_Debt,2,5968400000.0,5969000000.0,1.0001005294551304,bvc;stockanalysis,B_harmless_equivalent,3
MNG,2021,Total_Equity,2,6244000000.0,6244200000.0,1.0000320307495196,bvc;stockanalysis,B_harmless_equivalent,3
MNG,2022,Cash,2,2496000000.0,2496100000.0,1.0000400641025642,bvc;stockanalysis,B_harmless_equivalent,3
MNG,2022,NetIncome,2,1615000000.0,1751300000.0,1.0843962848297213,bvc;stockanalysis,E_source_disagreement,3
MNG,2022,Revenue,2,9645000000.0,9645200000.0,1.0000207361327111,bvc;stockanalysis,B_harmless_equivalent,3
MNG,2022,Total_Debt,2,6340800000.0,6341000000.0,1.000031541761292,bvc;stockanalysis,B_harmless_equivalent,3
MNG,2023,Cash,2,2740500000.0,2741000000.0,1.0001824484583106,bvc;stockanalysis,B_harmless_equivalent,3
MNG,2023,Net_Debt,2,7101600000.0,7102000000.0,1.0000563253351358,bvc;stockanalysis,B_harmless_equivalent,3
MNG,2023,NetIncome,2,514400000.0,541000000.0,1.0517107309486782,bvc;stockanalysis,E_source_disagreement,3
MNG,2023,Revenue,2,7507600000.0,7508000000.0,1.0000532793435986,bvc;stockanalysis,B_harmless_equivalent,3
MNG,2023,Total_Debt,2,9842000000.0,9842100000.0,1.0000101605364764,bvc;stockanalysis,B_harmless_equivalent,3
MNG,2023,Total_Equity,2,8227700000.0,8228000000.0,1.000036462194781,bvc;stockanalysis,B_harmless_equivalent,3
MNG,2024,Cash,2,2589000000.0,2589100000.0,1.0000386249517188,bvc;stockanalysis,B_harmless_equivalent,2
MNG,2024,NetIncome,2,619800000.0,787500000.0,1.270571151984511,bvc;stockanalysis,E_source_disagreement,2
MNG,2024,Revenue,2,8859000000.0,8859400000.0,1.000045151823005,bvc;stockanalysis,B_harmless_equivalent,3
MNG,2024,Total_Debt,2,12979900000.0,12980000000.0,1.0000077042196012,bvc;stockanalysis,B_harmless_equivalent,2
MNG,2024,Total_Equity,2,11418700000.0,11419000000.0,1.0000262726930387,bvc;stockanalysis,B_harmless_equivalent,2
MNG,2025,Cash,2,4390000000.0,4390300000.0,1.0000683371298404,bvc;stockanalysis,B_harmless_equivalent,2
MNG,2025,Revenue,2,13693600000.0,13694000000.0,1.0000292107261786,bvc;stockanalysis,B_harmless_equivalent,2
MNG,2025,Total_Debt,2,17031000000.0,17031400000.0,1.0000234865832893,bvc;stockanalysis,B_harmless_equivalent,2
MNG,2025,Total_Equity,2,11478300000.0,12530000000.0,1.0916250664296978,bvc;stockanalysis,E_source_disagreement,2
MOX,2021,EBITDA,2,23000000.0,39180000.0,1.703478260869565,stockanalysis;workbook,E_source_disagreement,6
MOX,2022,EBITDA,2,34840000.0,42174000.0,1.2105051664753157,stockanalysis;workbook,E_source_disagreement,6
MOX,2023,EBITDA,2,18830000.0,24532000.0,1.3028146574614976,stockanalysis;workbook,E_source_disagreement,6
MOX,2024,EBITDA,2,27550000.0,33978000.0,1.2333212341197821,stockanalysis;workbook,E_source_disagreement,6
MOX,2024,EnterpriseValue,3,179075000.0,299306000.0,1.6714002512913584,workbook,E_source_disagreement,6
MOX,2024,Revenue,2,311000000.0,311410000.0,1.0013183279742766,bvc;stockanalysis,E_source_disagreement,3
MOX,2025,EBITDA,2,31130000.0,37371000.0,1.200481850305172,stockanalysis;workbook,E_source_disagreement,6
MOX,2025,EnterpriseValue,3,368062500.0,849647947.05,2.308433885685176,workbook,E_source_disagreement,6
MOX,2025,Revenue,2,330000000.0,330370000.0,1.001121212121212,bvc;stockanalysis,E_source_disagreement,3
MSA,2018,EnterpriseValue,2,13460753040.0,14248173040.0,1.0584974702128551,workbook,E_source_disagreement,6
MSA,2019,EnterpriseValue,2,13214877780.0,13696121780.0,1.036416833209637,workbook,E_source_disagreement,6
MSA,2020,EBITDA,2,758738000.0,1141877000.0,1.5049687771009228,bvc;workbook,E_source_disagreement,4
MSA,2020,EnterpriseValue,2,11376318000.0,13217511000.0,1.1618443682745154,workbook,E_source_disagreement,6
MSA,2021,Cash,2,593850000.0,593853000.0,1.0000050517807526,bvc;stockanalysis,B_harmless_equivalent,2
MSA,2021,EnterpriseValue,2,15853449600.0,17901283600.0,1.1291727700701808,workbook,E_source_disagreement,6
MSA,2021,NetIncome,2,666360000.0,735670000.0,1.1040128459091183,bvc;stockanalysis,E_source_disagreement,2
MSA,2021,Revenue,2,3591981000.0,3592000000.0,1.0000052895602733,bvc;stockanalysis,B_harmless_equivalent,2
MSA,2021,Total_Debt,2,2641687000.0,2642000000.0,1.0001184848924192,bvc;stockanalysis,B_harmless_equivalent,2
MSA,2021,Total_Equity,2,2301505000.0,2302000000.0,1.0002150766563618,bvc;stockanalysis,B_harmless_equivalent,2
MSA,2022,Cash,2,904490000.0,904492000.0,1.0000022111908369,bvc;stockanalysis,B_harmless_equivalent,2
MSA,2022,EBITDA,2,1363416000.0,1845000000.0,1.3532186801387105,bvc;stockanalysis;workbook,E_source_disagreement,5
MSA,2022,EnterpriseValue,2,19449834000.0,20911116000.0,1.0751308211679338,workbook,E_source_disagreement,6
MSA,2022,NetIncome,2,816790000.0,944282000.0,1.156089080424589,bvc;stockanalysis,E_source_disagreement,2
MSA,2022,Revenue,2,3949000000.0,3949069000.0,1.0000174727779185,bvc;stockanalysis,B_harmless_equivalent,2
MSA,2022,Total_Debt,2,2365774000.0,2366000000.0,1.000095528989667,bvc;stockanalysis,B_harmless_equivalent,2
MSA,2022,Total_Equity,2,2685000000.0,2685460000.0,1.000171322160149,bvc;stockanalysis,B_harmless_equivalent,2
MSA,2023,Cash,2,263610000.0,263611000.0,1.0000037934827966,bvc;stockanalysis,B_harmless_equivalent,2
MSA,2023,EBITDA,2,1554657000.0,2039000000.0,1.3115433179151414,bvc;stockanalysis;workbook,E_source_disagreement,5
MSA,2023,EnterpriseValue,2,15706658400.0,17474959400.0,1.1125828903237622,workbook,E_source_disagreement,6
MSA,2023,NetIncome,2,852230000.0,1004988000.0,1.179245039484646,bvc;stockanalysis,E_source_disagreement,2
MSA,2023,Revenue,2,4320000000.0,4320173000.0,1.0000400462962964,bvc;stockanalysis,B_harmless_equivalent,2
MSA,2023,Total_Debt,2,2031912000.0,2032000000.0,1.0000433089621992,bvc;stockanalysis,B_harmless_equivalent,2
MSA,2023,Total_Equity,2,2983000000.0,2983274000.0,1.0000918538384178,bvc;stockanalysis,B_harmless_equivalent,2
MSA,2024,Cash,2,245990000.0,245992000.0,1.0000081304118054,bvc;stockanalysis,B_harmless_equivalent,2
MSA,2024,EBITDA,2,2579000000.0,2680491000.0,1.0393528499418379,bvc;stockanalysis;workbook,E_source_disagreement,5
MSA,2024,EnterpriseValue,2,20550768000.0,21902810000.0,1.065790339319679,workbook,E_source_disagreement,6
MSA,2024,NetIncome,2,1267000000.0,1458418000.0,1.1510797158642463,bvc;stockanalysis,E_source_disagreement,2
MSA,2024,Revenue,2,5008000000.0,5008150000.0,1.0000299520766773,bvc;stockanalysis,B_harmless_equivalent,2
MSA,2024,Total_Debt,2,1598000000.0,1598034000.0,1.0000212765957446,bvc;stockanalysis,B_harmless_equivalent,2
MSA,2024,Total_Equity,2,3665891000.0,3666000000.0,1.0000297335627273,bvc;stockanalysis,B_harmless_equivalent,2
MSA,2025,Cash,2,154902000.0,2120000000.0,13.686072484538611,bvc;stockanalysis,E_source_disagreement,2
MSA,2025,EBITDA,2,3169000000.0,3224114000.0,1.0173916061849164,bvc;stockanalysis;workbook,E_source_disagreement,6
MSA,2025,EnterpriseValue,2,55046700000.0,56259093000.0,1.0220248080266392,workbook,E_source_disagreement,6
MSA,2025,NetIncome,2,1589000000.0,1808302000.0,1.1380125865324102,bvc;stockanalysis,E_source_disagreement,2
MSA,2025,Revenue,2,5784894000.0,5785000000.0,1.0000183235855316,bvc;stockanalysis,B_harmless_equivalent,2
MSA,2025,Total_Debt,2,1367000000.0,1367295000.0,1.0002158010241404,bvc;stockanalysis,B_harmless_equivalent,2
MSA,2025,Total_Equity,2,4599000000.0,4599248000.0,1.0000539247662534,bvc;stockanalysis,B_harmless_equivalent,2
MUT,2021,Cash,2,70269000.0,70270000.0,1.000014231026484,bvc;stockanalysis,B_harmless_equivalent,3
MUT,2021,EBITDA,2,119026000.0,205290000.0,1.7247492144573455,bvc;stockanalysis;workbook,E_source_disagreement,6
MUT,2021,EnterpriseValue,2,379998000.0,2755740000.0,7.251985536765983,workbook,E_source_disagreement,4
MUT,2021,NetIncome,2,59940000.0,60107000.0,1.002786119452786,bvc;stockanalysis,E_source_disagreement,3
MUT,2021,Revenue,2,1684864000.0,1685000000.0,1.0000807186811518,bvc;stockanalysis,B_harmless_equivalent,3
MUT,2021,Total_Debt,2,364704000.0,910280000.0,2.4959419145389137,bvc;stockanalysis,E_source_disagreement,3
MUT,2021,Total_Equity,2,979097000.0,979100000.0,1.000003064047791,bvc;stockanalysis,B_harmless_equivalent,3
MUT,2022,EBITDA,2,261220000.0,262440000.0,1.0046703927723757,bvc;stockanalysis;workbook,E_source_disagreement,6
MUT,2022,EnterpriseValue,2,623408000.0,2830300000.0,4.540044401098478,workbook,E_source_disagreement,4
MUT,2022,NetIncome,2,99520000.0,99698000.0,1.0017885852090032,bvc;stockanalysis,E_source_disagreement,3
MUT,2022,Revenue,2,2328908000.0,2329000000.0,1.000039503492624,bvc;stockanalysis,B_harmless_equivalent,3
MUT,2022,Total_Debt,2,432356000.0,937290000.0,2.1678662953677064,bvc;stockanalysis,E_source_disagreement,3
MUT,2022,Total_Equity,2,1332878000.0,1333000000.0,1.0000915312579246,bvc;stockanalysis,B_harmless_equivalent,3
MUT,2023,Cash,2,165827000.0,165830000.0,1.0000180911431793,bvc;stockanalysis,B_harmless_equivalent,3
MUT,2023,EBITDA,2,100862000.0,269730000.0,2.674247982391783,bvc;stockanalysis;workbook,E_source_disagreement,6
MUT,2023,NetIncome,2,92960000.0,93059000.0,1.001064974182444,bvc;stockanalysis,E_source_disagreement,3
MUT,2023,Revenue,2,2166503000.0,2167000000.0,1.0002294019440545,bvc;stockanalysis,B_harmless_equivalent,3
MUT,2023,Total_Debt,2,805523000.0,1370000000.0,1.7007583892700766,bvc;stockanalysis,E_source_disagreement,3
MUT,2023,Total_Equity,2,1403402000.0,1408000000.0,1.0032763242463671,bvc;stockanalysis,E_source_disagreement,3
MUT,2024,Cash,2,195305000.0,195310000.0,1.0000256009830777,bvc;stockanalysis,B_harmless_equivalent,3
MUT,2024,EBITDA,2,144351000.0,376440000.0,2.6078101294760687,bvc;stockanalysis;workbook,E_source_disagreement,7
MUT,2024,NetIncome,2,159408000.0,159410000.0,1.0000125464217604,bvc;stockanalysis,B_harmless_equivalent,3
MUT,2024,Revenue,2,2116550000.0,2117000000.0,1.0002126101438662,bvc;stockanalysis,B_harmless_equivalent,4
MUT,2024,Total_Debt,2,1111265000.0,1484000000.0,1.3354150450162652,bvc;stockanalysis,E_source_disagreement,3
MUT,2024,Total_Equity,2,1562845000.0,1569000000.0,1.003938330416644,bvc;stockanalysis,E_source_disagreement,3
MUT,2025,EBITDA,2,181830000.0,302770000.0,1.6651267667601606,bvc;stockanalysis,E_source_disagreement,4
MUT,2025,NetIncome,2,126160000.0,127000000.0,1.0066582117945466,bvc;stockanalysis,E_source_disagreement,3
NKL,2021,EBITDA,2,43438201.0,46458346.0,1.0695273959434923,workbook,E_source_disagreement,4
NKL,2021,EnterpriseValue,2,-11188498.0,-4728924.0,0.42265941326530154,workbook,E_source_disagreement,4
NKL,2022,EnterpriseValue,2,13222102.0,62504535.0,4.727276721961455,workbook,E_source_disagreement,4
NKL,2023,EBITDA,2,72320702.0,78206539.0,1.0813852304696931,workbook,E_source_disagreement,4
NKL,2023,EnterpriseValue,2,-5907229.0,67041325.0,11.349030992365456,workbook,E_source_disagreement_sign_flip,4
NKL,2024,EBITDA,2,66399887.0,69926044.0,1.0531048644706278,workbook,E_source_disagreement,4
NKL,2024,EnterpriseValue,3,943987056.0,987173166.0,1.0457486251803012,workbook,E_source_disagreement,6
OUL,2021,Cash,2,99535000.0,99540000.0,1.0000502335861756,bvc;stockanalysis,B_harmless_equivalent,3
OUL,2021,EBITDA,3,121373000.0,327218000.0,2.6959702734545576,bvc;stockanalysis;workbook,E_source_disagreement,7
OUL,2021,NetIncome,2,40840000.0,44936000.0,1.1002938295788443,bvc;stockanalysis,E_source_disagreement,3
OUL,2021,Revenue,2,1734000000.0,1734376000.0,1.0002168396770472,bvc;stockanalysis,B_harmless_equivalent,3
OUL,2021,Total_Debt,2,855396000.0,1169000000.0,1.3666185018400834,bvc;stockanalysis,E_source_disagreement,3
OUL,2021,Total_Equity,2,646366000.0,646370000.0,1.0000061884443179,bvc;stockanalysis,B_harmless_equivalent,3
OUL,2022,Cash,2,117788000.0,117790000.0,1.0000169796583693,bvc;stockanalysis,B_harmless_equivalent,3
OUL,2022,EBITDA,2,309610000.0,319311000.0,1.0313329672814187,bvc;stockanalysis;workbook,E_source_disagreement,7
OUL,2022,NetIncome,2,60890000.0,61826000.0,1.0153719822630973,bvc;stockanalysis,E_source_disagreement,3
OUL,2022,Revenue,2,2195729000.0,2196000000.0,1.0001234214240464,bvc;stockanalysis,B_harmless_equivalent,3
OUL,2022,Total_Debt,2,831077000.0,1259000000.0,1.514901747972811,bvc;stockanalysis,E_source_disagreement,3
OUL,2022,Total_Equity,2,688189000.0,688190000.0,1.000001453089195,bvc;stockanalysis,B_harmless_equivalent,3
OUL,2023,Cash,2,118458000.0,118460000.0,1.0000168836211991,bvc;stockanalysis,B_harmless_equivalent,3
OUL,2023,EBITDA,2,414322000.0,419250000.0,1.011894130652005,bvc;stockanalysis;workbook,E_source_disagreement,7
OUL,2023,NetIncome,2,63900000.0,63920000.0,1.0003129890453835,bvc;stockanalysis,B_harmless_equivalent,3
OUL,2023,Revenue,2,2624900000.0,2625000000.0,1.0000380966893976,bvc;stockanalysis,B_harmless_equivalent,3
OUL,2023,Total_Debt,2,1054224000.0,1454000000.0,1.3792135257782028,bvc;stockanalysis,E_source_disagreement,3
OUL,2023,Total_Equity,2,706983000.0,725200000.0,1.0257672390991015,bvc;stockanalysis,E_source_disagreement,3
OUL,2024,EBITDA,2,525520000.0,534356000.0,1.0168138224996195,bvc;stockanalysis;workbook,E_source_disagreement,7
OUL,2024,NetIncome,2,57886000.0,57890000.0,1.0000691013371108,bvc;stockanalysis,B_harmless_equivalent,3
OUL,2024,Revenue,2,2940000000.0,2940457000.0,1.0001554421768708,bvc;stockanalysis,B_harmless_equivalent,3
OUL,2024,Total_Debt,2,1421184000.0,1827000000.0,1.2855478249121859,bvc;stockanalysis,E_source_disagreement,3
OUL,2024,Total_Equity,2,720476000.0,741570000.0,1.029277866299502,bvc;stockanalysis,E_source_disagreement,3
OUL,2025,EBITDA,2,580360000.0,605459000.0,1.0432472947825489,bvc;stockanalysis;workbook,E_source_disagreement,7
OUL,2025,Revenue,2,3251000000.0,3251072000.0,1.0000221470316826,bvc;stockanalysis,B_harmless_equivalent,3
OUL,2025,Total_Equity,2,788101000.0,809500000.0,1.0271526111500937,bvc;stockanalysis,E_source_disagreement,3
RDS,2020,EBITDA,2,-76113000.0,-62209484.38,0.8173306055470156,bvc;workbook,E_source_disagreement,5
RDS,2021,Cash,2,291010000.0,291018000.0,1.0000274904642452,bvc;stockanalysis,B_harmless_equivalent,2
RDS,2021,EBITDA,2,45520000.0,57020000.0,1.2526362038664323,bvc;stockanalysis;workbook,E_source_disagreement,6
RDS,2021,EnterpriseValue,2,1596138000.0,2938016000.0,1.8407029968586677,bvc;workbook,E_source_disagreement,5
RDS,2021,NetIncome,2,-17065000.0,-17060000.0,0.9997070026369763,bvc;stockanalysis,B_harmless_equivalent,2
RDS,2021,Revenue,2,776240000.0,776243000.0,1.0000038647840874,bvc;stockanalysis,B_harmless_equivalent,2
RDS,2021,Total_Debt,2,2543931000.0,2886000000.0,1.1344647319443806,bvc;stockanalysis,E_source_disagreement,2
RDS,2021,Total_Equity,2,4237000000.0,4237061000.0,1.0000143969789945,bvc;stockanalysis,B_harmless_equivalent,2
RDS,2022,Cash,2,249399000.0,249400000.0,1.0000040096391725,bvc;stockanalysis,B_harmless_equivalent,2
RDS,2022,EBITDA,2,-18880000.0,-18369000.0,0.9729343220338983,bvc;stockanalysis;workbook,E_source_disagreement,7
RDS,2022,EnterpriseValue,2,2349633000.0,2450000000.0,1.0427160326740388,bvc;workbook,E_source_disagreement,5
RDS,2022,NetIncome,2,-61476000.0,-61470000.0,0.999902400936951,bvc;stockanalysis,B_harmless_equivalent,2
RDS,2022,Revenue,2,543106000.0,543110000.0,1.000007365044761,bvc;stockanalysis,B_harmless_equivalent,2
RDS,2022,Total_Debt,2,1855206000.0,2227000000.0,1.2004057770403933,bvc;stockanalysis,E_source_disagreement,2
RDS,2022,Total_Equity,2,4176000000.0,4176061000.0,1.0000146072796934,bvc;stockanalysis,B_harmless_equivalent,2
RDS,2023,Cash,2,251280000.0,251283000.0,1.0000119388729705,bvc;stockanalysis,B_harmless_equivalent,2
RDS,2023,EBITDA,2,-21640000.0,-20319000.0,0.9389556377079482,bvc;stockanalysis;workbook,E_source_disagreement,7
RDS,2023,NetIncome,2,-67140000.0,-67000000.0,0.9979148048853143,bvc;stockanalysis,E_source_disagreement,2
RDS,2023,Revenue,2,421000000.0,421180000.0,1.0004275534441804,bvc;stockanalysis,B_harmless_equivalent,2
RDS,2023,Total_Debt,2,1749000000.0,2150000000.0,1.2292738707833049,bvc;stockanalysis,E_source_disagreement,2
RDS,2023,Total_Equity,2,4109000000.0,4109339000.0,1.0000825018252617,bvc;stockanalysis,B_harmless_equivalent,2
RDS,2024,EBITDA,2,-47000000.0,-33470000.0,0.7121276595744681,bvc;stockanalysis;workbook,E_source_disagreement,7
RDS,2024,EnterpriseValue,3,1712000000.0,2623258050.0,1.5322768983644859,bvc;workbook,E_source_disagreement,5
RDS,2024,NetIncome,2,-82810000.0,-80000000.0,0.9660669001328342,bvc;stockanalysis,E_source_disagreement,2
RDS,2024,Revenue,2,135910000.0,234000000.0,1.7217276138621147,bvc;stockanalysis,E_source_disagreement,2
RDS,2024,Total_Debt,2,1712000000.0,2013000000.0,1.1758177570093458,bvc;stockanalysis,E_source_disagreement,2
RDS,2025,EBITDA,2,33000000.0,40490000.0,1.226969696969697,bvc;stockanalysis;workbook,E_source_disagreement,7
RDS,2025,EnterpriseValue,2,1775000000.0,4789017750.0,2.6980381690140844,bvc;workbook,E_source_disagreement,5
RDS,2025,NetIncome,2,4000000.0,4490000.0,1.1225,bvc;stockanalysis,E_source_disagreement,2
RDS,2025,Revenue,2,468510000.0,469000000.0,1.0010458688181683,bvc;stockanalysis,E_source_disagreement,2
RDS,2025,Total_Debt,2,1775000000.0,2116000000.0,1.192112676056338,bvc;stockanalysis,E_source_disagreement,2
REB,2020,Operating_Cash_Flow,2,-102000.0,-100000.0,0.9803921568627451,bvc;stockanalysis,E_source_disagreement,2
REB,2021,EnterpriseValue,2,-57000.0,-56784.94,0.9962270175438597,workbook,E_source_disagreement,4
REB,2022,Cash,2,69457.1,70000.0,1.007816335551009,bvc;stockanalysis,E_source_disagreement,2
REB,2022,EBITDA,2,-370000.0,-365243.94,0.9871457837837838,stockanalysis;workbook,E_source_disagreement,4
REB,2022,NetIncome,2,-221853.37,-220000.0,0.9916459686864346,bvc;stockanalysis,E_source_disagreement,2
REB,2022,Total_Equity,2,24000000.0,24000192.62,1.0000080258333335,bvc;stockanalysis,B_harmless_equivalent,2
REB,2024,EnterpriseValue,2,12468956.96,12660718.0,1.015379076262366,workbook,E_source_disagreement,6
REB,2024,NetIncome,2,-100000.0,590000.0,5.9,bvc;stockanalysis,E_source_disagreement_sign_flip,2
REB,2025,EnterpriseValue,2,15539108.74,15881040.0,1.022004560603905,workbook,E_source_disagreement,6
REB,2025,NetIncome,2,100000.0,1050000.0,10.5,bvc;stockanalysis,E_source_disagreement,2
REB,2025,Revenue,2,30000.0,37400000.0,1246.6666666666667,bvc;stockanalysis,E_source_disagreement,2
RIS,2020,EBITDA,2,-137658000.0,32941000.0,0.23929593630591756,bvc;workbook,E_source_disagreement_sign_flip,4
RIS,2020,EnterpriseValue,2,1252340000.0,1379675000.0,1.101677659421563,workbook,E_source_disagreement,4
RIS,2021,Cash,2,236790000.0,863000000.0,3.644579585286541,bvc;stockanalysis,E_source_disagreement,2
RIS,2021,EBITDA,2,-83516000.0,61830000.0,0.7403371808994683,bvc;stockanalysis;workbook,E_source_disagreement_sign_flip,5
RIS,2021,EnterpriseValue,2,1645613000.0,3362000000.0,2.0430076816359617,workbook,E_source_disagreement,4
RIS,2021,NetIncome,2,-171830000.0,140000000.0,0.8147587732060758,bvc;stockanalysis,E_source_disagreement_sign_flip,2
RIS,2021,Revenue,2,524870000.0,4863000000.0,9.26515137081563,bvc;stockanalysis,E_source_disagreement,2
RIS,2021,Total_Debt,2,463000000.0,2027000000.0,4.377969762419006,bvc;stockanalysis,E_source_disagreement,2
RIS,2021,Total_Equity,2,1150000000.0,1799000000.0,1.5643478260869565,bvc;stockanalysis,E_source_disagreement,2
RIS,2022,Cash,2,839730000.0,1452000000.0,1.7291272194633989,bvc;stockanalysis,E_source_disagreement,2
RIS,2022,EBITDA,2,204004000.0,343950000.0,1.685996353012686,bvc;stockanalysis;workbook,E_source_disagreement,5
RIS,2022,EnterpriseValue,2,1287346000.0,3079000000.0,2.3917423909345272,workbook,E_source_disagreement,4
RIS,2022,NetIncome,2,152080000.0,193000000.0,1.2690689110994213,bvc;stockanalysis,E_source_disagreement,2
RIS,2022,Revenue,2,1037000000.0,6897000000.0,6.650916104146576,bvc;stockanalysis,E_source_disagreement,2
RIS,2022,Total_Debt,2,535000000.0,2285000000.0,4.271028037383178,bvc;stockanalysis,E_source_disagreement,2
RIS,2022,Total_Equity,2,1309000000.0,1866000000.0,1.4255156608097785,bvc;stockanalysis,E_source_disagreement,2
RIS,2023,Cash,2,373000000.0,676500000.0,1.8136729222520107,bvc;stockanalysis,E_source_disagreement,2
RIS,2023,EBITDA,2,249799000.0,411360000.0,1.6467639982545967,bvc;stockanalysis;workbook,E_source_disagreement,5
RIS,2023,EnterpriseValue,2,963061000.0,998587000.0,1.0368886290691868,workbook,E_source_disagreement,4
RIS,2023,NetIncome,2,-3000000.0,244050000.0,81.35,bvc;stockanalysis,E_source_disagreement_sign_flip,2
RIS,2023,Revenue,2,1175000000.0,5934000000.0,5.050212765957447,bvc;stockanalysis,E_source_disagreement,2
RIS,2023,Total_Debt,2,1212000000.0,2004000000.0,1.6534653465346534,bvc;stockanalysis,E_source_disagreement,2
RIS,2023,Total_Equity,2,1579000000.0,1802000000.0,1.1412286257124762,bvc;stockanalysis,E_source_disagreement,2
RIS,2024,Cash,2,456000000.0,610950000.0,1.3398026315789473,bvc;stockanalysis,E_source_disagreement,2
RIS,2024,EBITDA,2,292842000.0,461100000.0,1.5745692216280451,bvc;stockanalysis;workbook,E_source_disagreement,5
RIS,2024,EnterpriseValue,3,3860525025.2,4946268025.2,1.2812423162426596,workbook,E_source_disagreement,6
RIS,2024,NetIncome,2,18000000.0,183020000.0,10.167777777777777,bvc;stockanalysis,G_scale_mismatch,2
RIS,2024,Revenue,2,1264000000.0,5455000000.0,4.315664556962025,bvc;stockanalysis,E_source_disagreement,2
RIS,2024,Total_Debt,2,269000000.0,1697000000.0,6.308550185873606,bvc;stockanalysis,E_source_disagreement,2
RIS,2024,Total_Equity,2,1695000000.0,1753000000.0,1.0342182890855458,bvc;stockanalysis,E_source_disagreement,2
RIS,2025,Cash,2,333380000.0,469000000.0,1.4068030475733397,bvc;stockanalysis,E_source_disagreement,2
RIS,2025,EBITDA,2,424612000.0,648510000.0,1.5273002176104302,bvc;stockanalysis;workbook,E_source_disagreement,5
RIS,2025,EnterpriseValue,3,4803639600.0,6772083600.0,1.4097817829630683,workbook,E_source_disagreement,6
RIS,2025,NetIncome,2,5000000.0,269620000.0,53.924,bvc;stockanalysis,E_source_disagreement,2
RIS,2025,Revenue,2,1634000000.0,5378000000.0,3.291309669522644,bvc;stockanalysis,E_source_disagreement,2
RIS,2025,Total_Debt,2,298000000.0,2302000000.0,7.724832214765101,bvc;stockanalysis,E_source_disagreement,2
RIS,2025,Total_Equity,2,1661000000.0,1804000000.0,1.086092715231788,bvc;stockanalysis,E_source_disagreement,2
S2M,2021,EBITDA,2,67840000.0,86829273.49,1.2799126398879717,stockanalysis;workbook,E_source_disagreement,3
S2M,2022,EBITDA,2,42570000.0,54753177.46,1.2861916246182759,stockanalysis;workbook,E_source_disagreement,3
S2M,2023,EBITDA,2,39160000.0,54561985.0,1.3933091164453524,stockanalysis;workbook,E_source_disagreement,3
S2M,2023,Total_Debt,2,27910000.0,40530000.0,1.452167681834468,stockanalysis,E_source_disagreement,3
S2M,2024,EBITDA,2,50450000.0,57145949.0,1.1327244598612487,stockanalysis;workbook,E_source_disagreement,3
S2M,2024,Revenue,2,312710000.0,313000000.0,1.0009273768027884,bvc;stockanalysis,B_harmless_equivalent,3
S2M,2024,Total_Debt,2,9000000.0,14940000.0,1.66,stockanalysis,E_source_disagreement,3
S2M,2025,EBITDA,2,60020000.0,61490893.69,1.0245067259246918,stockanalysis;workbook,E_source_disagreement,3
S2M,2025,Revenue,2,366850000.0,367000000.0,1.000408886465858,bvc;stockanalysis,B_harmless_equivalent,3
SAH,2021,Cash,2,366130000.0,366134000.0,1.0000109250812552,bvc;stockanalysis,B_harmless_equivalent,4
SAH,2021,EBITDA,2,994443000.0,1271000000.0,1.2781024151208265,bvc;stockanalysis;workbook,E_source_disagreement,7
SAH,2021,MarketCap_Calc,2,203494225.0,5969000000.0,29.332527741266368,stockanalysis;workbook,E_source_disagreement,4
SAH,2021,NetIncome,2,606860000.0,606864000.0,1.0000065913060674,bvc;stockanalysis,B_harmless_equivalent,4
SAH,2021,Revenue,2,5560352000.0,6858000000.0,1.2333751532277093,bvc;stockanalysis,E_source_disagreement,2
SAH,2021,Total_Debt,2,26448000.0,521360000.0,19.71264367816092,bvc;stockanalysis,E_source_disagreement,4
SAH,2021,Total_Equity,2,5301000000.0,5301048000.0,1.0000090548953027,bvc;stockanalysis,B_harmless_equivalent,4
SAH,2022,EBITDA,3,-105916000.0,85493000.0,0.8071773858529401,bvc;stockanalysis;workbook,E_source_disagreement_sign_flip,8
SAH,2022,NetIncome,2,-70180000.0,-70178000.0,0.9999715018523796,bvc;stockanalysis,B_harmless_equivalent,4
SAH,2022,Revenue,2,5449000000.0,5962658000.0,1.094266470912094,bvc;stockanalysis,E_source_disagreement,2
SAH,2022,Total_Debt,2,26448000.0,642480000.0,24.292196007259527,bvc;stockanalysis,E_source_disagreement,4
SAH,2022,Total_Equity,2,5039778000.0,5040000000.0,1.000044049559326,bvc;stockanalysis,B_harmless_equivalent,4
SAH,2023,Cash,2,424930000.0,424932000.0,1.000004706657567,bvc;stockanalysis,B_harmless_equivalent,4
SAH,2023,EBITDA,2,851360000.0,874809000.0,1.0275429900394664,bvc;stockanalysis;workbook,E_source_disagreement,8
SAH,2023,Revenue,2,6091684000.0,6975000000.0,1.1450035819323523,bvc;stockanalysis,E_source_disagreement,2
SAH,2023,Total_Debt,2,10334000.0,506670000.0,49.02941745693826,bvc;stockanalysis,E_source_disagreement,4
SAH,2023,Total_Equity,2,5449000000.0,5449114000.0,1.0000209212699578,bvc;stockanalysis,B_harmless_equivalent,4
SAH,2024,Cash,2,371487000.0,371490000.0,1.0000080756527145,bvc;stockanalysis,B_harmless_equivalent,4
SAH,2024,EBITDA,2,1027000000.0,1091173000.0,1.0624858812074003,bvc;stockanalysis;workbook,E_source_disagreement,8
SAH,2024,Revenue,2,6186016000.0,6658000000.0,1.0762985417431834,bvc;stockanalysis,E_source_disagreement,2
SAH,2024,Total_Debt,2,78918000.0,604890000.0,7.664791302364479,bvc;stockanalysis,E_source_disagreement,4
SAH,2024,Total_Equity,2,5729000000.0,5729361000.0,1.0000630127421888,bvc;stockanalysis,B_harmless_equivalent,4
SAH,2025,EBITDA,2,1249506000.0,1565000000.0,1.2524949860184744,bvc;stockanalysis;workbook,E_source_disagreement,8
SAH,2025,NetIncome,2,676520000.0,676524000.0,1.0000059126116005,bvc;stockanalysis,B_harmless_equivalent,4
SAH,2025,Revenue,2,6396362000.0,7135000000.0,1.1154778294286658,bvc;stockanalysis,E_source_disagreement,2
SAH,2025,Total_Equity,2,6062792000.0,6063000000.0,1.0000343076259255,bvc;stockanalysis,B_harmless_equivalent,4
SBM,2020,EBITDA,2,461800000.0,583926000.0,1.264456474664357,workbook,E_source_disagreement,4
SBM,2021,Cash,2,51538000.0,51540000.0,1.0000388063176686,bvc;stockanalysis,B_harmless_equivalent,2
SBM,2021,EBITDA,2,438901669.76,542420000.0,1.235857681508949,bvc;stockanalysis;workbook,E_source_disagreement,5
SBM,2021,NetIncome,2,322566803.22,334800000.0,1.0379245373605808,bvc;stockanalysis,E_source_disagreement,2
SBM,2021,Revenue,2,2697000000.0,2697008000.0,1.0000029662588061,bvc;stockanalysis,B_harmless_equivalent,2
SBM,2021,Total_Debt,2,3582000.0,55910000.0,15.60859854829704,bvc;stockanalysis,E_source_disagreement,2
SBM,2021,Total_Equity,2,1483000000.0,1483020000.0,1.000013486176669,bvc;stockanalysis,B_harmless_equivalent,2
SBM,2022,Cash,2,51230000.0,51231000.0,1.0000195198126098,bvc;stockanalysis,B_harmless_equivalent,2
SBM,2022,EBITDA,2,647340000.0,755186332.88,1.1665992104303766,bvc;stockanalysis;workbook,E_source_disagreement,5
SBM,2022,NetIncome,2,398750000.0,409741807.71,1.027565661968652,bvc;stockanalysis,E_source_disagreement,2
SBM,2022,Revenue,2,2909960000.0,2910000000.0,1.0000137458934144,bvc;stockanalysis,B_harmless_equivalent,2
SBM,2022,Total_Debt,2,2897000.0,78000000.0,26.924404556437693,bvc;stockanalysis,E_source_disagreement,2
SBM,2022,Total_Equity,2,1562682000.0,1563000000.0,1.0002034962967514,bvc;stockanalysis,B_harmless_equivalent,2
SBM,2023,Cash,2,145886000.0,145890000.0,1.000027418669372,bvc;stockanalysis,B_harmless_equivalent,2
SBM,2023,EBITDA,2,596850000.0,765560000.0,1.2826673368518053,bvc;stockanalysis;workbook,E_source_disagreement,6
SBM,2023,NetIncome,2,637000000.0,637250000.0,1.000392464678179,bvc;stockanalysis,B_harmless_equivalent,2
SBM,2023,Total_Debt,2,2212000.0,224580000.0,101.52802893309223,bvc;stockanalysis,G_scale_mismatch,3
SBM,2023,Total_Equity,2,1755359000.0,1780000000.0,1.0140375843346006,bvc;stockanalysis,E_source_disagreement,2
SBM,2024,EBITDA,2,414000000.0,414010000.0,1.000024154589372,bvc;stockanalysis;workbook,B_harmless_equivalent,6
SBM,2024,EnterpriseValue,2,7640063100.0,7640126747.0,1.0000083306903578,workbook,B_harmless_equivalent,4
SBM,2024,NetIncome,2,215000000.0,215360000.0,1.0016744186046511,bvc;stockanalysis,E_source_disagreement,2
SBM,2025,EBITDA,2,523745.0,523750000.0,1000.0095466305168,bvc;stockanalysis;workbook,G_scale_mismatch,3
SBM,2025,EnterpriseValue,2,5942258327.0,5942271300.0,1.0000021831767127,workbook,B_harmless_equivalent,4
SID,2020,EBITDA,2,-21855000.0,134139000.0,6.137680164722031,workbook,E_source_disagreement_sign_flip,4
SID,2021,Cash,2,979877000.0,979880000.0,1.000003061608753,bvc;stockanalysis,B_harmless_equivalent,3
SID,2021,EBITDA,3,166734000.0,339894000.0,2.0385404296664147,bvc;stockanalysis;workbook,E_source_disagreement,7
SID,2021,NetIncome,2,107770000.0,108055000.0,1.00264452073861,bvc;stockanalysis,E_source_disagreement,3
SID,2021,Revenue,2,4493913000.0,4494000000.0,1.000019359520311,bvc;stockanalysis,B_harmless_equivalent,3
SID,2021,Total_Debt,2,115710000.0,115711000.0,1.0000086422953935,bvc;stockanalysis,B_harmless_equivalent,3
SID,2021,Total_Equity,2,1890000000.0,1890135000.0,1.0000714285714285,bvc;stockanalysis,B_harmless_equivalent,3
SID,2022,Cash,2,851638000.0,851640000.0,1.0000023484156413,bvc;stockanalysis,B_harmless_equivalent,3
SID,2022,EBITDA,2,313350000.0,318480000.0,1.0163714696026807,bvc;stockanalysis;workbook,E_source_disagreement,7
SID,2022,NetIncome,2,85930000.0,86147000.0,1.0025253112998953,bvc;stockanalysis,E_source_disagreement,3
SID,2022,Revenue,2,4888000000.0,4888161000.0,1.000032937806874,bvc;stockanalysis,B_harmless_equivalent,3
SID,2022,Total_Debt,2,109047000.0,109050000.0,1.0000275110732069,bvc;stockanalysis,B_harmless_equivalent,3
SID,2022,Total_Equity,2,1847000000.0,1847040000.0,1.0000216567406606,bvc;stockanalysis,B_harmless_equivalent,3
SID,2023,Cash,2,768137000.0,768140000.0,1.0000039055533063,bvc;stockanalysis,B_harmless_equivalent,3
SID,2023,EBITDA,2,240460000.0,253589000.0,1.0545995175912835,bvc;stockanalysis;workbook,E_source_disagreement,7
SID,2023,NetIncome,2,65077000.0,65080000.0,1.0000460992362894,bvc;stockanalysis,B_harmless_equivalent,3
SID,2023,Revenue,2,4995795000.0,4996000000.0,1.000041034510023,bvc;stockanalysis,B_harmless_equivalent,3
SID,2023,Total_Debt,2,109759000.0,109760000.0,1.0000091108701792,bvc;stockanalysis,B_harmless_equivalent,3
SID,2023,Total_Equity,2,1813941000.0,1816000000.0,1.0011350975582998,bvc;stockanalysis,E_source_disagreement,3
SID,2024,Cash,2,723410000.0,723414000.0,1.000005529367855,bvc;stockanalysis,B_harmless_equivalent,3
SID,2024,EBITDA,2,350750000.0,375229000.0,1.069790449037776,bvc;stockanalysis;workbook,E_source_disagreement,6
SID,2024,NetIncome,2,141238000.0,141240000.0,1.000014160495051,bvc;stockanalysis,B_harmless_equivalent,3
SID,2024,Revenue,2,5494500000.0,5495000000.0,1.0000910000910002,bvc;stockanalysis,B_harmless_equivalent,3
SID,2024,Total_Equity,2,1876556000.0,1879000000.0,1.0013023858600543,bvc;stockanalysis,E_source_disagreement,3
SID,2025,EBITDA,2,437000000.0,577800000.0,1.3221967963386727,bvc;stockanalysis;workbook,E_source_disagreement,6
SID,2025,EnterpriseValue,2,7030957000.0,7410000000.0,1.0539105842917258,workbook,E_source_disagreement,4
SID,2025,NetIncome,2,271830000.0,272000000.0,1.0006253908692933,bvc;stockanalysis,B_harmless_equivalent,3
SLF,2021,Cash,2,69000.0,70000.0,1.0144927536231885,bvc;stockanalysis,E_source_disagreement,2
SLF,2021,NetIncome,2,84728000.0,84730000.0,1.000023604947597,bvc;stockanalysis,B_harmless_equivalent,2
SLF,2021,Revenue,2,389127000.0,717240000.0,1.8432028617906235,bvc;stockanalysis,E_source_disagreement,2
SLF,2021,Total_Debt,2,1914000000.0,2077693000.0,1.0855240334378264,bvc;stockanalysis,E_source_disagreement,2
SLF,2021,Total_Equity,2,933246000.0,933250000.0,1.0000042861153438,bvc;stockanalysis,B_harmless_equivalent,2
SLF,2022,Revenue,2,399292000.0,711060000.0,1.7808020195746472,bvc;stockanalysis,E_source_disagreement,2
SLF,2022,Total_Debt,2,1744000000.0,2158309000.0,1.2375625,bvc;stockanalysis,E_source_disagreement,2
SLF,2022,Total_Equity,2,856540000.0,856542000.0,1.0000023349755995,bvc;stockanalysis,B_harmless_equivalent,2
SLF,2023,Cash,2,77000.0,80000.0,1.0389610389610389,bvc;stockanalysis,E_source_disagreement,2
SLF,2023,NetIncome,2,90577000.0,90580000.0,1.00003312099098,bvc;stockanalysis,B_harmless_equivalent,2
SLF,2023,Revenue,2,396169000.0,711940000.0,1.7970613551287455,bvc;stockanalysis,E_source_disagreement,2
SLF,2023,Total_Debt,2,1498000000.0,1955027000.0,1.3050914552736983,bvc;stockanalysis,E_source_disagreement,2
SLF,2023,Total_Equity,2,862768000.0,862770000.0,1.0000023181202826,bvc;stockanalysis,B_harmless_equivalent,2
SLF,2024,NetIncome,2,78000000.0,93150000.0,1.1942307692307692,bvc;stockanalysis,E_source_disagreement,2
SLF,2024,Revenue,2,379000000.0,677660000.0,1.7880211081794195,bvc;stockanalysis,E_source_disagreement,2
SLF,2025,NetIncome,2,96000000.0,96120000.0,1.00125,bvc;stockanalysis,E_source_disagreement,2
SLF,2025,Revenue,2,384000000.0,689720000.0,1.7961458333333333,bvc;stockanalysis,E_source_disagreement,2
SMI,2020,EBITDA,3,102306992.14,393318650.24,3.844494320600989,stockanalysis;workbook,E_source_disagreement,5
SMI,2020,EnterpriseValue,2,-7822405.1,115778357.64,14.800864460471372,workbook,E_source_disagreement_sign_flip,4
SMI,2021,EBITDA,3,-67660232.15,199366377.5,2.946581339804049,stockanalysis;workbook,E_source_disagreement_sign_flip,6
SMI,2023,EBITDA,2,235322765.97,479660701.39,2.038309805737832,workbook,E_source_disagreement,4
SMI,2023,EnterpriseValue,2,3545994.08,2194770000.0,618.9435037071466,workbook,E_source_disagreement,4
SMI,2024,EBITDA,2,261012619.34,462356203.12,1.7713940586057488,workbook,E_source_disagreement,4
SMI,2024,NetIncome,2,186720000.0,187000000.0,1.0014995715509853,bvc;stockanalysis,E_source_disagreement,3
SMI,2024,Revenue,2,1053000000.0,1238000000.0,1.1756885090218423,bvc;stockanalysis,E_source_disagreement,3
SMI,2025,EBITDA,2,615038857.65,870671942.33,1.4156372910432808,workbook,E_source_disagreement,4
SMI,2025,NetIncome,2,397000000.0,397110000.0,1.0002770780856423,bvc;stockanalysis,B_harmless_equivalent,3
SMI,2025,Revenue,2,1566000000.0,1737000000.0,1.1091954022988506,bvc;stockanalysis,E_source_disagreement,3
SNA,2021,Cash,2,18186000.0,18190000.0,1.0002199494116353,bvc;stockanalysis,B_harmless_equivalent,2
SNA,2021,EBITDA,2,11900000.0,1247959000.0,104.87050420168067,bvc;stockanalysis;workbook,E_source_disagreement,3
SNA,2021,NetIncome,2,-29280000.0,-29200000.0,0.9972677595628415,bvc;stockanalysis,E_source_disagreement,2
SNA,2021,Revenue,2,348000000.0,348060000.0,1.0001724137931034,bvc;stockanalysis,B_harmless_equivalent,2
SNA,2021,Total_Debt,2,151075000.0,502410000.0,3.3255667714711237,bvc;stockanalysis,E_source_disagreement,2
SNA,2021,Total_Equity,2,-35631000.0,-35630000.0,0.9999719345513738,bvc;stockanalysis,B_harmless_equivalent,2
SNA,2022,Cash,2,27228000.0,27230000.0,1.0000734537975613,bvc;stockanalysis,B_harmless_equivalent,2
SNA,2022,EBITDA,2,-37770000.0,-23880000.0,0.6322478157267672,bvc;stockanalysis;workbook,E_source_disagreement,3
SNA,2022,NetIncome,2,-183623000.0,-183580000.0,0.9997658245426772,bvc;stockanalysis,B_harmless_equivalent,2
SNA,2022,Revenue,2,221918000.0,221920000.0,1.0000090123378906,bvc;stockanalysis,B_harmless_equivalent,2
SNA,2022,Total_Debt,2,138398000.0,502750000.0,3.6326391999884393,bvc;stockanalysis,E_source_disagreement,2
SNA,2022,Total_Equity,2,-219241000.0,-219240000.0,0.9999954388093468,bvc;stockanalysis,B_harmless_equivalent,2
SNA,2023,Cash,2,25690000.0,25694000.0,1.0001557026080188,bvc;stockanalysis,B_harmless_equivalent,2
SNA,2023,EBITDA,2,-76560000.0,874809000.0,11.426449843260189,bvc;stockanalysis;workbook,E_source_disagreement_sign_flip,3
SNA,2023,NetIncome,2,-128199000.0,-128160000.0,0.9996957854585449,bvc;stockanalysis,B_harmless_equivalent,2
SNA,2023,Revenue,2,149980000.0,149981000.0,1.000006667555674,bvc;stockanalysis,B_harmless_equivalent,2
SNA,2023,Total_Debt,2,117378000.0,531040000.0,4.524186815246469,bvc;stockanalysis,E_source_disagreement,2
SNA,2024,Cash,2,227770000.0,227795000.0,1.0001097598454582,bvc;stockanalysis,B_harmless_equivalent,2
SNA,2024,NetIncome,2,20956000.0,20980000.0,1.0011452567283832,bvc;stockanalysis,E_source_disagreement,2
SNA,2024,Revenue,2,334396000.0,334400000.0,1.0000119618655725,bvc;stockanalysis,B_harmless_equivalent,2
SNA,2024,Total_Debt,2,97409000.0,405170000.0,4.159471917379298,bvc;stockanalysis,E_source_disagreement,2
SNA,2024,Total_Equity,2,-112739000.0,-112730000.0,0.9999201695952599,bvc;stockanalysis,B_harmless_equivalent,2
SNA,2025,Cash,2,44619000.0,44620000.0,1.0000224119769605,bvc;stockanalysis,B_harmless_equivalent,2
SNA,2025,NetIncome,2,26220000.0,26460000.0,1.0091533180778032,bvc;stockanalysis,E_source_disagreement,2
SNA,2025,Revenue,2,219426000.0,219430000.0,1.0000182293802922,bvc;stockanalysis,B_harmless_equivalent,2
SNA,2025,Total_Debt,2,92080000.0,238550000.0,2.590682015638575,bvc;stockanalysis,E_source_disagreement,2
SNA,2025,Total_Equity,2,-96520000.0,-96517000.0,0.9999689183588893,bvc;stockanalysis,B_harmless_equivalent,2
SNP,2022,Capitaux_propres,2,801076000.0,801076160.0,1.0000001997313612,workbook,B_harmless_equivalent,4
SNP,2022,Clean_Capitaux_propres,2,801076000.0,801076160.0,1.0000001997313612,workbook,B_harmless_equivalent,4
SNP,2022,EBITDA,2,173181000.0,222524000.0,1.2849215560598448,workbook,E_source_disagreement,4
SNP,2022,EnterpriseValue,2,398357580.0,398456000.0,1.000247064459022,workbook,B_harmless_equivalent,4
SNP,2023,EBITDA,2,-45412000.0,74652000.0,1.6438826741830352,workbook,E_source_disagreement_sign_flip,4
SNP,2024,EBITDA,2,-116252000.0,62742000.0,0.5397068437532258,workbook,E_source_disagreement_sign_flip,4
SOT,2021,EBITDA,3,420853000.0,514040000.0,1.2214241077050656,stockanalysis;workbook,E_source_disagreement,6
SOT,2022,EBITDA,2,527225000.0,539840000.0,1.023927165821044,stockanalysis;workbook,E_source_disagreement,6
SOT,2022,EnterpriseValue,2,566474000.0,9806380000.0,17.311262299770156,workbook,E_source_disagreement,4
SOT,2023,EBITDA,2,449600000.0,517943000.0,1.1520084519572953,stockanalysis;workbook,E_source_disagreement,6
SOT,2024,EBITDA,2,610931000.0,628620000.0,1.028954169947179,stockanalysis;workbook,E_source_disagreement,6
SOT,2025,EBITDA,2,760314000.0,767760000.0,1.0097933222326565,stockanalysis;workbook,E_source_disagreement,6
SOT,2025,Revenue,2,3226000000.0,3227000000.0,1.000309981401116,bvc;stockanalysis,B_harmless_equivalent,3
SRM,2020,EBITDA,2,9139716.49,14132654.68,1.5462902701044285,workbook,E_source_disagreement,4
SRM,2021,EBITDA,3,4977595.32,10667449.56,2.1430929744606075,stockanalysis;workbook,E_source_disagreement,6
SRM,2022,EBITDA,3,6780000.0,13302316.93,1.9619936474926254,stockanalysis;workbook,E_source_disagreement,6
SRM,2023,EBITDA,3,-360000.0,10873781.19,30.20494775,stockanalysis;workbook,E_source_disagreement_sign_flip,6
SRM,2023,EnterpriseValue,2,21665478.78,23505108.18,1.0849106275785703,workbook,E_source_disagreement,4
SRM,2024,EBITDA,3,-10910860.74,10748066.12,0.9850795804401403,stockanalysis;workbook,E_source_disagreement_sign_flip,6
SRM,2024,EnterpriseValue,2,40532057.14,113737247.21,2.8061059624273486,workbook,E_source_disagreement,4
SRM,2025,EBITDA,3,-20910860.74,21671668.45,1.0363833760580055,stockanalysis;workbook,E_source_disagreement_sign_flip,6
SRM,2025,EnterpriseValue,2,133893553.7,235963776.56,1.762323652180426,workbook,E_source_disagreement,4
STR,2021,EBITDA,2,-11000000.0,-5000000.0,0.45454545454545453,bvc;workbook,E_source_disagreement,4
STR,2021,NetIncome,2,-11000000.0,-10850000.0,0.9863636363636363,bvc;stockanalysis,E_source_disagreement,2
STR,2021,Revenue,2,57700000.0,58000000.0,1.0051993067590987,bvc;stockanalysis,E_source_disagreement,2
STR,2022,EBITDA,2,1000000.0,6000000.0,6.0,bvc;workbook,E_source_disagreement,5
STR,2022,NetIncome,2,-14994674.62,-14990000.0,0.9996882479868043,bvc;stockanalysis,B_harmless_equivalent,2
STR,2022,Revenue,2,77000000.0,77470000.0,1.0061038961038962,bvc;stockanalysis,E_source_disagreement,2
STR,2022,Total_Equity,2,-289080000.0,-289000000.0,0.9997232599972325,bvc;stockanalysis,B_harmless_equivalent,2
STR,2023,EBITDA,2,-13800000.0,-12000000.0,0.8695652173913043,bvc;workbook,E_source_disagreement,4
STR,2023,NetIncome,2,-39710000.0,-39700000.0,0.9997481742634097,bvc;stockanalysis,B_harmless_equivalent,2
STR,2023,Revenue,2,86660000.0,87000000.0,1.00392337872144,bvc;stockanalysis,E_source_disagreement,2
STR,2024,EBITDA,3,-14000000.0,-7800000.0,0.5571428571428572,bvc;workbook,E_source_disagreement,5
STR,2024,NetIncome,2,-12580000.0,-12500000.0,0.9936406995230525,bvc;stockanalysis,E_source_disagreement,2
STR,2024,Revenue,2,117000000.0,125330000.0,1.0711965811965811,bvc;stockanalysis,E_source_disagreement,2
STR,2025,NetIncome,2,480000.0,500000.0,1.0416666666666667,bvc;stockanalysis,E_source_disagreement,4
STR,2025,Revenue,2,174000000.0,177790000.0,1.0217816091954024,bvc;stockanalysis,E_source_disagreement,2
TGC,2021,EBITDA,2,364170000.0,462310000.0,1.269489524123349,stockanalysis,E_source_disagreement,4
TGC,2022,EBITDA,2,405320000.0,514300000.0,1.2688739761176355,stockanalysis,E_source_disagreement,4
TGC,2023,EBITDA,2,578070000.0,712780000.0,1.233034061618835,stockanalysis,E_source_disagreement,4
TGC,2024,EBITDA,2,1068000000.0,1411000000.0,1.3211610486891385,stockanalysis;workbook,E_source_disagreement,4
TGC,2025,EBITDA,2,1952000000.0,2520000000.0,1.290983606557377,stockanalysis;workbook,E_source_disagreement,4
TMA,2021,Cash,2,1553000000.0,1553421000.0,1.0002710882163555,bvc;stockanalysis,B_harmless_equivalent,2
TMA,2021,EBITDA,3,1310666000.0,2238316000.0,1.7077699429145183,bvc;stockanalysis;workbook,E_source_disagreement,6
TMA,2021,NetIncome,2,934909000.0,934910000.0,1.000001069622819,bvc;stockanalysis,B_harmless_equivalent,2
TMA,2021,Revenue,2,12869752000.0,12870000000.0,1.000019269990595,bvc;stockanalysis,B_harmless_equivalent,2
TMA,2021,Total_Debt,2,806840000.0,806844000.0,1.000004957612414,bvc;stockanalysis,B_harmless_equivalent,2
TMA,2021,Total_Equity,2,2779858000.0,2780000000.0,1.000051081745902,bvc;stockanalysis,B_harmless_equivalent,2
TMA,2022,Cash,2,1698655000.0,1699000000.0,1.0002031018658881,bvc;stockanalysis,B_harmless_equivalent,2
TMA,2022,EBITDA,3,1039000000.0,1732372000.0,1.6673455245428297,bvc;stockanalysis;workbook,E_source_disagreement,6
TMA,2022,NetIncome,2,488120000.0,488124000.0,1.0000081947062198,bvc;stockanalysis,B_harmless_equivalent,2
TMA,2022,Revenue,2,19718653000.0,19719000000.0,1.0000175975509078,bvc;stockanalysis,B_harmless_equivalent,2
TMA,2022,Total_Debt,2,2176000000.0,2176383000.0,1.0001760110294118,bvc;stockanalysis,B_harmless_equivalent,2
TMA,2022,Total_Equity,2,2766717000.0,2767000000.0,1.0001022872957372,bvc;stockanalysis,B_harmless_equivalent,2
TMA,2023,Cash,2,1487000000.0,1487425000.0,1.0002858103564223,bvc;stockanalysis,B_harmless_equivalent,2
TMA,2023,EBITDA,2,726380000.0,766630000.0,1.0554117679451527,bvc;stockanalysis;workbook,E_source_disagreement,6
TMA,2023,EnterpriseValue,2,-202897000.0,10168390000.0,50.11601945814871,workbook,E_source_disagreement_sign_flip,4
TMA,2023,Revenue,2,16933000000.0,16933420000.0,1.000024803637867,bvc;stockanalysis,B_harmless_equivalent,2
TMA,2023,Total_Debt,2,1261817000.0,1262000000.0,1.000145028954278,bvc;stockanalysis,B_harmless_equivalent,2
TMA,2023,Total_Equity,2,2315933000.0,2316000000.0,1.0000289300251777,bvc;stockanalysis,B_harmless_equivalent,2
TMA,2024,Cash,2,1789000000.0,1789312000.0,1.0001743991056455,bvc;stockanalysis,B_harmless_equivalent,2
TMA,2024,EBITDA,3,1340300000.0,1681030000.0,1.2542192046556742,bvc;stockanalysis;workbook,E_source_disagreement,6
TMA,2024,NetIncome,2,934195000.0,934200000.0,1.0000053522016281,bvc;stockanalysis,B_harmless_equivalent,2
TMA,2024,Revenue,2,16751842000.0,16752000000.0,1.0000094317986046,bvc;stockanalysis,B_harmless_equivalent,3
TMA,2024,Total_Debt,2,1242942000.0,1243000000.0,1.0000466634806773,bvc;stockanalysis,B_harmless_equivalent,2
TMA,2024,Total_Equity,2,2745769000.0,2746000000.0,1.000084129436963,bvc;stockanalysis,B_harmless_equivalent,2
TMA,2025,EBITDA,2,1273000000.0,1593000000.0,1.251374705420267,bvc;stockanalysis,E_source_disagreement,3
TMA,2025,NetIncome,2,851000000.0,851080000.0,1.0000940070505289,bvc;stockanalysis,B_harmless_equivalent,2
TMA,2025,Revenue,2,15126000000.0,15127000000.0,1.0000661113314822,bvc;stockanalysis,B_harmless_equivalent,3
TQM,2020,EBITDA,2,2358846000.0,3154000000.0,1.3370944945112992,bvc;workbook,E_source_disagreement,4
TQM,2021,Cash,2,447349000.0,447350000.0,1.00000223539116,bvc;stockanalysis,B_harmless_equivalent,2
TQM,2021,EBITDA,2,2430762000.0,3239000000.0,1.3325039637776137,bvc;stockanalysis;workbook,E_source_disagreement,5
TQM,2021,NetIncome,2,1005000000.0,1280547000.0,1.274176119402985,bvc;stockanalysis,E_source_disagreement,2
TQM,2021,Revenue,2,7812000000.0,7812396000.0,1.0000506912442397,bvc;stockanalysis,B_harmless_equivalent,2
TQM,2021,Total_Debt,2,9633714000.0,9634000000.0,1.0000296874082,bvc;stockanalysis,B_harmless_equivalent,2
TQM,2021,Total_Equity,2,6906000000.0,6906175000.0,1.000025340283811,bvc;stockanalysis,B_harmless_equivalent,2
TQM,2022,Cash,2,1275692000.0,1276000000.0,1.0002414375883835,bvc;stockanalysis,B_harmless_equivalent,2
TQM,2022,EBITDA,2,3711000000.0,3753331000.0,1.011406898410132,bvc;stockanalysis;workbook,E_source_disagreement,6
TQM,2022,NetIncome,2,1302719000.0,1303000000.0,1.0002157026956695,bvc;stockanalysis,B_harmless_equivalent,2
TQM,2022,Revenue,2,13603562000.0,13604000000.0,1.0000321974494621,bvc;stockanalysis,B_harmless_equivalent,2
TQM,2022,Total_Debt,2,9090000000.0,9090168000.0,1.0000184818481848,bvc;stockanalysis,B_harmless_equivalent,2
TQM,2022,Total_Equity,2,6225893000.0,7553000000.0,1.213159301003085,bvc;stockanalysis,E_source_disagreement,2
TQM,2023,Cash,2,869066000.0,869070000.0,1.000004602642377,bvc;stockanalysis,B_harmless_equivalent,2
TQM,2023,EBITDA,2,3550000000.0,3562083000.0,1.003403661971831,bvc;stockanalysis;workbook,E_source_disagreement,6
TQM,2023,NetIncome,2,1037000000.0,1037327000.0,1.0003153326904533,bvc;stockanalysis,B_harmless_equivalent,2
TQM,2023,Revenue,2,13190671000.0,13191000000.0,1.0000249418699019,bvc;stockanalysis,B_harmless_equivalent,2
TQM,2023,Total_Debt,2,11020843000.0,11021000000.0,1.0000142457341965,bvc;stockanalysis,B_harmless_equivalent,2
TQM,2023,Total_Equity,2,6437597000.0,7130000000.0,1.107556126921272,bvc;stockanalysis,E_source_disagreement,2
TQM,2024,Cash,2,52220000.0,52224000.0,1.0000765990042129,bvc;stockanalysis,B_harmless_equivalent,2
TQM,2024,EBITDA,2,3458000000.0,3466532000.0,1.0024673221515328,bvc;stockanalysis;workbook,E_source_disagreement,6
TQM,2024,NetIncome,2,1052824000.0,1053000000.0,1.000167169441426,bvc;stockanalysis,B_harmless_equivalent,2
TQM,2024,Revenue,2,10878000000.0,10878079000.0,1.0000072623644052,bvc;stockanalysis,B_harmless_equivalent,3
TQM,2024,Total_Debt,2,10342642000.0,10343000000.0,1.0000346139796776,bvc;stockanalysis,B_harmless_equivalent,2
TQM,2024,Total_Equity,2,6664816000.0,7369000000.0,1.105656930363869,bvc;stockanalysis,E_source_disagreement,2
TQM,2025,Cash,2,42180000.0,42184000.0,1.000094831673779,bvc;stockanalysis,B_harmless_equivalent,2
TQM,2025,EBITDA,2,3255000000.0,3255481000.0,1.0001477726574501,bvc;stockanalysis;workbook,B_harmless_equivalent,6
TQM,2025,NetIncome,2,980720000.0,1274835000.0,1.299897014438372,bvc;stockanalysis,E_source_disagreement,2
TQM,2025,Revenue,2,10637640000.0,10638000000.0,1.000033842092795,bvc;stockanalysis,B_harmless_equivalent,3
TQM,2025,Total_Debt,2,9679000000.0,9679219000.0,1.0000226263043703,bvc;stockanalysis,B_harmless_equivalent,2
TQM,2025,Total_Equity,2,7498609000.0,7499000000.0,1.0000521430041225,bvc;stockanalysis,B_harmless_equivalent,2
VCN,2021,EBITDA,2,83270000.0,108870000.0,1.307433649573676,bvc;stockanalysis,E_source_disagreement,4
VCN,2022,EBITDA,2,100570000.0,113310000.0,1.126677935766133,bvc;stockanalysis,E_source_disagreement,4
VCN,2023,EBITDA,2,126530000.0,138460000.0,1.0942859400932585,bvc;stockanalysis,E_source_disagreement,4
VCN,2024,EBITDA,2,152040000.0,172900000.0,1.1372007366482504,bvc;stockanalysis,E_source_disagreement,4
VCN,2024,NetIncome,2,91000000.0,91220000.0,1.0024175824175825,bvc;stockanalysis,E_source_disagreement,3
VCN,2024,Revenue,2,836620000.0,837000000.0,1.0004542086012767,bvc;stockanalysis,B_harmless_equivalent,3
VCN,2025,EBITDA,3,215590000.0,264200000.0,1.2254742798831115,bvc;stockanalysis,E_source_disagreement,4
VCN,2025,NetIncome,2,144000000.0,144280000.0,1.0019444444444445,bvc;stockanalysis,E_source_disagreement,3
WAA,2020,EBITDA,2,705191000.0,797385000.0,1.13073621189153,workbook,E_source_disagreement,4
WAA,2021,Cash,2,528820000.0,578663860.19,1.0942548696910104,bvc;stockanalysis,E_source_disagreement,4
WAA,2021,EBITDA,3,574820000.0,911308387.83,1.5853804457569327,bvc;stockanalysis;workbook,E_source_disagreement,8
WAA,2021,EnterpriseValue,2,-308059726.69,17054460000.0,55.360887913667064,workbook,E_source_disagreement_sign_flip,4
WAA,2021,NetIncome,2,424040000.0,536459748.19,1.2651159046080558,bvc;stockanalysis,E_source_disagreement,4
WAA,2021,Revenue,2,9088916523.32,11325000000.0,1.2460231063782732,bvc;stockanalysis,E_source_disagreement,2
WAA,2021,Total_Debt,2,3728329.92,608290000.0,163.15347972209497,bvc;stockanalysis,E_source_disagreement,5
WAA,2021,Total_Equity,2,6168433001.26,9419000000.0,1.5269680319257777,bvc;stockanalysis,E_source_disagreement,4
WAA,2022,Cash,2,311954589.18,958120000.0,3.0713444624055777,bvc;stockanalysis,E_source_disagreement,4
WAA,2022,EBITDA,3,1190000000.0,3731611000.0,3.1358075630252102,bvc;stockanalysis;workbook,E_source_disagreement,8
WAA,2022,EnterpriseValue,2,-544890993.61,-297240152.68,0.5455038827320874,workbook,E_source_disagreement,4
WAA,2022,NetIncome,2,607146335.29,776080000.0,1.2782420890827082,bvc;stockanalysis,E_source_disagreement,4
WAA,2022,Revenue,2,10425138745.35,13206000000.0,1.2667457309275971,bvc;stockanalysis,E_source_disagreement,2
WAA,2022,Total_Debt,2,3332569.92,187560000.0,56.28088967447681,bvc;stockanalysis,E_source_disagreement,4
WAA,2022,Total_Equity,2,6355579336.55,8317000000.0,1.308613984593058,bvc;stockanalysis,E_source_disagreement,4
WAA,2023,Cash,2,511962586.72,1019000000.0,1.9903798176512189,bvc;stockanalysis,E_source_disagreement,4
WAA,2023,EBITDA,2,1006000000.0,4855155000.0,4.826197813121272,bvc;stockanalysis;workbook,E_source_disagreement,8
WAA,2023,NetIncome,2,670000000.0,670500000.0,1.0007462686567163,bvc;stockanalysis,B_harmless_equivalent,4
WAA,2023,Revenue,2,12724000000.0,14303000000.0,1.124096196164728,bvc;stockanalysis,E_source_disagreement,2
WAA,2023,Total_Debt,2,3836000.0,521600000.0,135.9749739311783,bvc;stockanalysis,E_source_disagreement,5
WAA,2023,Total_Equity,2,9232000000.0,9509000000.0,1.0300043327556325,bvc;stockanalysis,E_source_disagreement,4
WAA,2024,Cash,2,1036590000.0,1037000000.0,1.0003955276435235,bvc;stockanalysis,B_harmless_equivalent,4
WAA,2024,EBITDA,2,1409000000.0,1586538385.3,1.1260031123491838,bvc;stockanalysis;workbook,E_source_disagreement,8
WAA,2024,EnterpriseValue,2,12503589154.380001,13996020000.0,1.1193601954761287,workbook,E_source_disagreement,4
WAA,2024,NetIncome,2,923150000.0,995136000.0,1.0779786600227481,bvc;stockanalysis,E_source_disagreement,4
WAA,2024,Revenue,2,8019088000.0,8622000000.0,1.0751846095216813,bvc;stockanalysis,E_source_disagreement,2
WAA,2024,Total_Debt,2,110000.0,110820000.0,1007.4545454545455,bvc;stockanalysis,G_scale_mismatch,5
WAA,2024,Total_Equity,2,12778510000.0,12779000000.0,1.0000383456287156,bvc;stockanalysis,B_harmless_equivalent,4
WAA,2025,EBITDA,2,1514000000.0,1643088998.63,1.0852635393857333,bvc;stockanalysis;workbook,E_source_disagreement,8
WAA,2025,EnterpriseValue,2,14512282719.23,16639421000.0,1.146575030401755,workbook,E_source_disagreement,4
WAA,2025,NetIncome,2,1026000000.0,1100404000.0,1.0725185185185184,bvc;stockanalysis,E_source_disagreement,4
WAA,2025,Revenue,2,9064653000.0,9673000000.0,1.0671120008675457,bvc;stockanalysis,E_source_disagreement,2
WAA,2025,Total_Equity,2,15231000000.0,15231066000.0,1.0000043332676778,bvc;stockanalysis,B_harmless_equivalent,4
ZDJ,2020,NetIncome,2,-27373000.0,-17480000.0,0.6385854674314105,bvc;stockanalysis,E_source_disagreement,3
ZDJ,2022,Cash,2,7248000.0,7250000.0,1.0002759381898454,bvc;stockanalysis,B_harmless_equivalent,3
ZDJ,2022,EBITDA,2,24920000.0,24933000.0,1.0005216693418941,bvc;stockanalysis;workbook,B_harmless_equivalent,4
ZDJ,2022,NetIncome,2,7760000.0,16374000.0,2.1100515463917526,bvc;stockanalysis,E_source_disagreement,3
ZDJ,2022,Revenue,2,569103000.0,582190000.0,1.0229958373088879,bvc;stockanalysis,E_source_disagreement,3
ZDJ,2022,Total_Debt,2,13314000.0,35690000.0,2.6806369235391316,bvc;stockanalysis,E_source_disagreement,3
ZDJ,2022,Total_Equity,2,104008000.0,104010000.0,1.0000192292900547,bvc;stockanalysis,B_harmless_equivalent,3
ZDJ,2023,Cash,2,142559.79,8440000.0,59.20322974662069,bvc;stockanalysis,E_source_disagreement,3
ZDJ,2023,EBITDA,2,23827000.0,23830000.0,1.0001259075838336,bvc;stockanalysis;workbook,B_harmless_equivalent,4
ZDJ,2023,NetIncome,2,-1100000.0,4779018.85,4.34456259090909,bvc;stockanalysis,E_source_disagreement_sign_flip,3
ZDJ,2023,Revenue,2,50023.76,610210000.0,12198.403318742932,bvc;stockanalysis,E_source_disagreement,4
ZDJ,2023,Total_Debt,2,0.0,57340000.0,,bvc;stockanalysis,E_source_disagreement,3
ZDJ,2023,Total_Equity,2,63631323.63,100680000.0,1.5822395992487701,bvc;stockanalysis,E_source_disagreement,3
ZDJ,2024,Cash,2,426436.17,7470000.0,17.51727579768855,bvc;stockanalysis,E_source_disagreement,3
ZDJ,2024,EBITDA,2,1652370.1,30910000.0,18.70646291651005,bvc;stockanalysis;workbook,E_source_disagreement,4
ZDJ,2024,NetIncome,2,6320000.0,6599498.11,1.044224384493671,bvc;stockanalysis,E_source_disagreement,3
ZDJ,2024,Revenue,3,50023.76,5455000000.0,109048.1803047192,bvc;stockanalysis,E_source_disagreement,4
ZDJ,2024,Total_Debt,2,0.0,69140000.0,,bvc;stockanalysis,E_source_disagreement,3
ZDJ,2024,Total_Equity,2,70230822.54,113930000.0,1.6222222078505646,bvc;stockanalysis,E_source_disagreement,3
ZDJ,2025,EBITDA,2,28868000.0,38470000.0,1.3326174310655396,bvc;stockanalysis;workbook,E_source_disagreement,4
ZDJ,2025,NetIncome,2,21588000.0,21590000.0,1.0000926440615157,bvc;stockanalysis,B_harmless_equivalent,3
