symbol,statement_year,old_enterprise_value,import_id,market_cap_used,net_debt_used,new_enterprise_value,status
ADI,2021,2300889000.0,41f6f31f-1c7d-4d44-b9c9-0f8b96d7f24f,816000000.0,2301000000.0,3117000000.0,repaired
ADI,2021,2300889000.0,485e070c-e4f0-4d58-b133-e578434990f8,816000000.0,2301000000.0,3117000000.0,repaired
ADI,2021,2300889000.0,7b152ba5-1402-4d99-9ccb-d02c3893eef7,816000000.0,2301000000.0,3117000000.0,repaired
ADI,2021,2300889000.0,948a355d-1586-40ff-9998-91d21fa3abb2,816000000.0,2301000000.0,3117000000.0,repaired
ADI,2021,2300889000.0,41f6f31f-1c7d-4d44-b9c9-0f8b96d7f24f,816000000.0,2301000000.0,3117000000.0,repaired
ADI,2021,2300889000.0,485e070c-e4f0-4d58-b133-e578434990f8,816000000.0,2301000000.0,3117000000.0,repaired
ADI,2021,2300889000.0,7b152ba5-1402-4d99-9ccb-d02c3893eef7,816000000.0,2301000000.0,3117000000.0,repaired
ADI,2021,2300889000.0,948a355d-1586-40ff-9998-91d21fa3abb2,816000000.0,2301000000.0,3117000000.0,repaired
AFI,2022,4001983.84,948a355d-1586-40ff-9998-91d21fa3abb2,99000000.0,4000000.0,103000000.0,repaired
AFI,2022,4001983.84,41f6f31f-1c7d-4d44-b9c9-0f8b96d7f24f,99000000.0,4000000.0,103000000.0,repaired
AFI,2022,4001983.84,485e070c-e4f0-4d58-b133-e578434990f8,99000000.0,4000000.0,103000000.0,repaired
AFI,2022,4001983.84,7b152ba5-1402-4d99-9ccb-d02c3893eef7,99000000.0,4000000.0,103000000.0,repaired
AFI,2022,4001983.84,948a355d-1586-40ff-9998-91d21fa3abb2,99000000.0,4000000.0,103000000.0,repaired
AFI,2022,4001983.84,41f6f31f-1c7d-4d44-b9c9-0f8b96d7f24f,99000000.0,4000000.0,103000000.0,repaired
AFI,2022,4001983.84,485e070c-e4f0-4d58-b133-e578434990f8,99000000.0,4000000.0,103000000.0,repaired
AFI,2022,4001983.84,7b152ba5-1402-4d99-9ccb-d02c3893eef7,99000000.0,4000000.0,103000000.0,repaired
AFI,2022,4001983.84,948a355d-1586-40ff-9998-91d21fa3abb2,99000000.0,4000000.0,103000000.0,repaired
AFI,2022,4001983.84,41f6f31f-1c7d-4d44-b9c9-0f8b96d7f24f,99000000.0,4000000.0,103000000.0,repaired
AFI,2022,4001983.84,485e070c-e4f0-4d58-b133-e578434990f8,99000000.0,4000000.0,103000000.0,repaired
AFI,2022,4001983.84,7b152ba5-1402-4d99-9ccb-d02c3893eef7,99000000.0,4000000.0,103000000.0,repaired
AFI,2022,4001983.84,948a355d-1586-40ff-9998-91d21fa3abb2,99000000.0,4000000.0,103000000.0,repaired
AFI,2022,4001983.84,41f6f31f-1c7d-4d44-b9c9-0f8b96d7f24f,99000000.0,4000000.0,103000000.0,repaired
AFI,2022,4001983.84,485e070c-e4f0-4d58-b133-e578434990f8,99000000.0,4000000.0,103000000.0,repaired
AFI,2022,4001983.84,7b152ba5-1402-4d99-9ccb-d02c3893eef7,99000000.0,4000000.0,103000000.0,repaired
AFI,2022,4001983.84,948a355d-1586-40ff-9998-91d21fa3abb2,99000000.0,4000000.0,103000000.0,repaired
AFI,2022,4001983.84,41f6f31f-1c7d-4d44-b9c9-0f8b96d7f24f,99000000.0,4000000.0,103000000.0,repaired
AFI,2022,4001983.84,485e070c-e4f0-4d58-b133-e578434990f8,99000000.0,4000000.0,103000000.0,repaired
AFI,2022,4001983.84,7b152ba5-1402-4d99-9ccb-d02c3893eef7,99000000.0,4000000.0,103000000.0,repaired
AFI,2022,4001983.84,948a355d-1586-40ff-9998-91d21fa3abb2,99000000.0,4000000.0,103000000.0,repaired
AFI,2022,4001983.84,41f6f31f-1c7d-4d44-b9c9-0f8b96d7f24f,99000000.0,4000000.0,103000000.0,repaired
AFI,2022,4001983.84,485e070c-e4f0-4d58-b133-e578434990f8,99000000.0,4000000.0,103000000.0,repaired
AFI,2022,4001983.84,7b152ba5-1402-4d99-9ccb-d02c3893eef7,99000000.0,4000000.0,103000000.0,repaired
AFI,2022,4001983.84,948a355d-1586-40ff-9998-91d21fa3abb2,99000000.0,4000000.0,103000000.0,repaired
AFI,2022,4001983.84,41f6f31f-1c7d-4d44-b9c9-0f8b96d7f24f,99000000.0,4000000.0,103000000.0,repaired
AFI,2022,4001983.84,485e070c-e4f0-4d58-b133-e578434990f8,99000000.0,4000000.0,103000000.0,repaired
AFI,2022,4001983.84,7b152ba5-1402-4d99-9ccb-d02c3893eef7,99000000.0,4000000.0,103000000.0,repaired
AFI,2022,4001983.84,948a355d-1586-40ff-9998-91d21fa3abb2,99000000.0,4000000.0,103000000.0,repaired
AFI,2022,4001983.84,41f6f31f-1c7d-4d44-b9c9-0f8b96d7f24f,99000000.0,4000000.0,103000000.0,repaired
AFI,2022,4001983.84,485e070c-e4f0-4d58-b133-e578434990f8,99000000.0,4000000.0,103000000.0,repaired
AFI,2022,4001983.84,7b152ba5-1402-4d99-9ccb-d02c3893eef7,99000000.0,4000000.0,103000000.0,repaired
AFI,2022,4001983.84,948a355d-1586-40ff-9998-91d21fa3abb2,99000000.0,4000000.0,103000000.0,repaired
AFI,2022,4001983.84,41f6f31f-1c7d-4d44-b9c9-0f8b96d7f24f,99000000.0,4000000.0,103000000.0,repaired
AFI,2022,4001983.84,485e070c-e4f0-4d58-b133-e578434990f8,99000000.0,4000000.0,103000000.0,repaired
AFI,2022,4001983.84,7b152ba5-1402-4d99-9ccb-d02c3893eef7,99000000.0,4000000.0,103000000.0,repaired
AFI,2022,4001983.84,948a355d-1586-40ff-9998-91d21fa3abb2,99000000.0,4000000.0,103000000.0,repaired
AFI,2022,4001983.84,41f6f31f-1c7d-4d44-b9c9-0f8b96d7f24f,99000000.0,4000000.0,103000000.0,repaired
AFI,2022,4001983.84,485e070c-e4f0-4d58-b133-e578434990f8,99000000.0,4000000.0,103000000.0,repaired
AFI,2022,4001983.84,7b152ba5-1402-4d99-9ccb-d02c3893eef7,99000000.0,4000000.0,103000000.0,repaired
AFI,2022,4001983.84,948a355d-1586-40ff-9998-91d21fa3abb2,99000000.0,4000000.0,103000000.0,repaired
AFI,2022,4001983.84,41f6f31f-1c7d-4d44-b9c9-0f8b96d7f24f,99000000.0,4000000.0,103000000.0,repaired
AFI,2022,4001983.84,485e070c-e4f0-4d58-b133-e578434990f8,99000000.0,4000000.0,103000000.0,repaired
AFI,2022,4001983.84,7b152ba5-1402-4d99-9ccb-d02c3893eef7,99000000.0,4000000.0,103000000.0,repaired
AFI,2022,4001983.84,948a355d-1586-40ff-9998-91d21fa3abb2,99000000.0,4000000.0,103000000.0,repaired
AFI,2022,4001983.84,41f6f31f-1c7d-4d44-b9c9-0f8b96d7f24f,99000000.0,4000000.0,103000000.0,repaired
AFI,2022,4001983.84,485e070c-e4f0-4d58-b133-e578434990f8,99000000.0,4000000.0,103000000.0,repaired
AFI,2022,4001983.84,7b152ba5-1402-4d99-9ccb-d02c3893eef7,99000000.0,4000000.0,103000000.0,repaired
AFI,2022,4001983.84,948a355d-1586-40ff-9998-91d21fa3abb2,99000000.0,4000000.0,103000000.0,repaired
AFI,2022,4001983.84,41f6f31f-1c7d-4d44-b9c9-0f8b96d7f24f,99000000.0,4000000.0,103000000.0,repaired
AFI,2022,4001983.84,485e070c-e4f0-4d58-b133-e578434990f8,99000000.0,4000000.0,103000000.0,repaired
AFI,2022,4001983.84,7b152ba5-1402-4d99-9ccb-d02c3893eef7,99000000.0,4000000.0,103000000.0,repaired
AFI,2022,4001983.84,948a355d-1586-40ff-9998-91d21fa3abb2,99000000.0,4000000.0,103000000.0,repaired
AFI,2022,4001983.84,41f6f31f-1c7d-4d44-b9c9-0f8b96d7f24f,99000000.0,4000000.0,103000000.0,repaired
AFI,2022,4001983.84,485e070c-e4f0-4d58-b133-e578434990f8,99000000.0,4000000.0,103000000.0,repaired
AFI,2022,4001983.84,7b152ba5-1402-4d99-9ccb-d02c3893eef7,99000000.0,4000000.0,103000000.0,repaired
AFI,2022,4001983.84,948a355d-1586-40ff-9998-91d21fa3abb2,99000000.0,4000000.0,103000000.0,repaired
AFI,2022,4001983.84,41f6f31f-1c7d-4d44-b9c9-0f8b96d7f24f,99000000.0,4000000.0,103000000.0,repaired
AFI,2022,4001983.84,485e070c-e4f0-4d58-b133-e578434990f8,99000000.0,4000000.0,103000000.0,repaired
AFI,2022,4001983.84,7b152ba5-1402-4d99-9ccb-d02c3893eef7,99000000.0,4000000.0,103000000.0,repaired
AFI,2022,4001983.84,948a355d-1586-40ff-9998-91d21fa3abb2,99000000.0,4000000.0,103000000.0,repaired
AFI,2022,4001983.84,41f6f31f-1c7d-4d44-b9c9-0f8b96d7f24f,99000000.0,4000000.0,103000000.0,repaired
AFI,2022,4001983.84,485e070c-e4f0-4d58-b133-e578434990f8,99000000.0,4000000.0,103000000.0,repaired
AFI,2022,4001983.84,7b152ba5-1402-4d99-9ccb-d02c3893eef7,99000000.0,4000000.0,103000000.0,repaired
AFI,2022,4001983.84,948a355d-1586-40ff-9998-91d21fa3abb2,99000000.0,4000000.0,103000000.0,repaired
AFI,2022,4001983.84,41f6f31f-1c7d-4d44-b9c9-0f8b96d7f24f,99000000.0,4000000.0,103000000.0,repaired
AFI,2022,4001983.84,485e070c-e4f0-4d58-b133-e578434990f8,99000000.0,4000000.0,103000000.0,repaired
AFI,2022,4001983.84,7b152ba5-1402-4d99-9ccb-d02c3893eef7,99000000.0,4000000.0,103000000.0,repaired
AFI,2022,4001983.84,948a355d-1586-40ff-9998-91d21fa3abb2,99000000.0,4000000.0,103000000.0,repaired
AFI,2022,4001983.84,41f6f31f-1c7d-4d44-b9c9-0f8b96d7f24f,99000000.0,4000000.0,103000000.0,repaired
AFI,2022,4001983.84,485e070c-e4f0-4d58-b133-e578434990f8,99000000.0,4000000.0,103000000.0,repaired
AFI,2022,4001983.84,7b152ba5-1402-4d99-9ccb-d02c3893eef7,99000000.0,4000000.0,103000000.0,repaired
AFI,2022,4001983.84,948a355d-1586-40ff-9998-91d21fa3abb2,99000000.0,4000000.0,103000000.0,repaired
AFI,2022,4001983.84,41f6f31f-1c7d-4d44-b9c9-0f8b96d7f24f,99000000.0,4000000.0,103000000.0,repaired
AFI,2022,4001983.84,485e070c-e4f0-4d58-b133-e578434990f8,99000000.0,4000000.0,103000000.0,repaired
AFI,2022,4001983.84,7b152ba5-1402-4d99-9ccb-d02c3893eef7,99000000.0,4000000.0,103000000.0,repaired
AFI,2022,4001983.84,948a355d-1586-40ff-9998-91d21fa3abb2,99000000.0,4000000.0,103000000.0,repaired
AFI,2022,4001983.84,41f6f31f-1c7d-4d44-b9c9-0f8b96d7f24f,99000000.0,4000000.0,103000000.0,repaired
AFI,2022,4001983.84,485e070c-e4f0-4d58-b133-e578434990f8,99000000.0,4000000.0,103000000.0,repaired
AFI,2022,4001983.84,7b152ba5-1402-4d99-9ccb-d02c3893eef7,99000000.0,4000000.0,103000000.0,repaired
AFI,2022,4001983.84,948a355d-1586-40ff-9998-91d21fa3abb2,99000000.0,4000000.0,103000000.0,repaired
AFI,2022,4001983.84,41f6f31f-1c7d-4d44-b9c9-0f8b96d7f24f,99000000.0,4000000.0,103000000.0,repaired
AFI,2022,4001983.84,485e070c-e4f0-4d58-b133-e578434990f8,99000000.0,4000000.0,103000000.0,repaired
AFI,2022,4001983.84,7b152ba5-1402-4d99-9ccb-d02c3893eef7,99000000.0,4000000.0,103000000.0,repaired
AFI,2022,4001983.84,948a355d-1586-40ff-9998-91d21fa3abb2,99000000.0,4000000.0,103000000.0,repaired
AFI,2022,4001983.84,41f6f31f-1c7d-4d44-b9c9-0f8b96d7f24f,99000000.0,4000000.0,103000000.0,repaired
AFI,2022,4001983.84,485e070c-e4f0-4d58-b133-e578434990f8,99000000.0,4000000.0,103000000.0,repaired
AFI,2022,4001983.84,7b152ba5-1402-4d99-9ccb-d02c3893eef7,99000000.0,4000000.0,103000000.0,repaired
AFI,2022,4001983.84,948a355d-1586-40ff-9998-91d21fa3abb2,99000000.0,4000000.0,103000000.0,repaired
AFI,2022,4001983.84,41f6f31f-1c7d-4d44-b9c9-0f8b96d7f24f,99000000.0,4000000.0,103000000.0,repaired
AFI,2022,4001983.84,485e070c-e4f0-4d58-b133-e578434990f8,99000000.0,4000000.0,103000000.0,repaired
AFI,2022,4001983.84,7b152ba5-1402-4d99-9ccb-d02c3893eef7,99000000.0,4000000.0,103000000.0,repaired
AFI,2022,4001983.84,948a355d-1586-40ff-9998-91d21fa3abb2,99000000.0,4000000.0,103000000.0,repaired
AFI,2022,4001983.84,41f6f31f-1c7d-4d44-b9c9-0f8b96d7f24f,99000000.0,4000000.0,103000000.0,repaired
AFI,2022,4001983.84,485e070c-e4f0-4d58-b133-e578434990f8,99000000.0,4000000.0,103000000.0,repaired
AFI,2022,4001983.84,7b152ba5-1402-4d99-9ccb-d02c3893eef7,99000000.0,4000000.0,103000000.0,repaired
AFI,2022,4001983.84,948a355d-1586-40ff-9998-91d21fa3abb2,99000000.0,4000000.0,103000000.0,repaired
AFI,2022,4001983.84,41f6f31f-1c7d-4d44-b9c9-0f8b96d7f24f,99000000.0,4000000.0,103000000.0,repaired
AFI,2022,4001983.84,485e070c-e4f0-4d58-b133-e578434990f8,99000000.0,4000000.0,103000000.0,repaired
AFI,2022,4001983.84,7b152ba5-1402-4d99-9ccb-d02c3893eef7,99000000.0,4000000.0,103000000.0,repaired
AFI,2022,4001983.84,948a355d-1586-40ff-9998-91d21fa3abb2,99000000.0,4000000.0,103000000.0,repaired
AFI,2022,4001983.84,41f6f31f-1c7d-4d44-b9c9-0f8b96d7f24f,99000000.0,4000000.0,103000000.0,repaired
AFI,2022,4001983.84,485e070c-e4f0-4d58-b133-e578434990f8,99000000.0,4000000.0,103000000.0,repaired
AFI,2022,4001983.84,7b152ba5-1402-4d99-9ccb-d02c3893eef7,99000000.0,4000000.0,103000000.0,repaired
AFI,2022,4001983.84,948a355d-1586-40ff-9998-91d21fa3abb2,99000000.0,4000000.0,103000000.0,repaired
AFI,2022,4001983.84,41f6f31f-1c7d-4d44-b9c9-0f8b96d7f24f,99000000.0,4000000.0,103000000.0,repaired
AFI,2022,4001983.84,485e070c-e4f0-4d58-b133-e578434990f8,99000000.0,4000000.0,103000000.0,repaired
AFI,2022,4001983.84,7b152ba5-1402-4d99-9ccb-d02c3893eef7,99000000.0,4000000.0,103000000.0,repaired
AFI,2022,4001983.84,948a355d-1586-40ff-9998-91d21fa3abb2,99000000.0,4000000.0,103000000.0,repaired
AFI,2022,4001983.84,41f6f31f-1c7d-4d44-b9c9-0f8b96d7f24f,99000000.0,4000000.0,103000000.0,repaired
AFI,2022,4001983.84,485e070c-e4f0-4d58-b133-e578434990f8,99000000.0,4000000.0,103000000.0,repaired
AFI,2022,4001983.84,7b152ba5-1402-4d99-9ccb-d02c3893eef7,99000000.0,4000000.0,103000000.0,repaired
AFI,2022,4001983.84,948a355d-1586-40ff-9998-91d21fa3abb2,99000000.0,4000000.0,103000000.0,repaired
AFI,2022,4001983.84,41f6f31f-1c7d-4d44-b9c9-0f8b96d7f24f,99000000.0,4000000.0,103000000.0,repaired
AFI,2022,4001983.84,485e070c-e4f0-4d58-b133-e578434990f8,99000000.0,4000000.0,103000000.0,repaired
AFI,2022,4001983.84,7b152ba5-1402-4d99-9ccb-d02c3893eef7,99000000.0,4000000.0,103000000.0,repaired
AFI,2022,4001983.84,948a355d-1586-40ff-9998-91d21fa3abb2,99000000.0,4000000.0,103000000.0,repaired
AFI,2022,4001983.84,41f6f31f-1c7d-4d44-b9c9-0f8b96d7f24f,99000000.0,4000000.0,103000000.0,repaired
AFI,2022,4001983.84,485e070c-e4f0-4d58-b133-e578434990f8,99000000.0,4000000.0,103000000.0,repaired
AFI,2022,4001983.84,7b152ba5-1402-4d99-9ccb-d02c3893eef7,99000000.0,4000000.0,103000000.0,repaired
AFI,2022,4001983.84,948a355d-1586-40ff-9998-91d21fa3abb2,99000000.0,4000000.0,103000000.0,repaired
AFI,2022,4001983.84,41f6f31f-1c7d-4d44-b9c9-0f8b96d7f24f,99000000.0,4000000.0,103000000.0,repaired
AFI,2022,4001983.84,485e070c-e4f0-4d58-b133-e578434990f8,99000000.0,4000000.0,103000000.0,repaired
AFI,2022,4001983.84,7b152ba5-1402-4d99-9ccb-d02c3893eef7,99000000.0,4000000.0,103000000.0,repaired
AFI,2022,4001983.84,948a355d-1586-40ff-9998-91d21fa3abb2,99000000.0,4000000.0,103000000.0,repaired
AFI,2022,4001983.84,41f6f31f-1c7d-4d44-b9c9-0f8b96d7f24f,99000000.0,4000000.0,103000000.0,repaired
AFI,2022,4001983.84,485e070c-e4f0-4d58-b133-e578434990f8,99000000.0,4000000.0,103000000.0,repaired
AFI,2022,4001983.84,7b152ba5-1402-4d99-9ccb-d02c3893eef7,99000000.0,4000000.0,103000000.0,repaired
AFI,2022,4001983.84,948a355d-1586-40ff-9998-91d21fa3abb2,99000000.0,4000000.0,103000000.0,repaired
AFI,2022,4001983.84,41f6f31f-1c7d-4d44-b9c9-0f8b96d7f24f,99000000.0,4000000.0,103000000.0,repaired
AFI,2022,4001983.84,485e070c-e4f0-4d58-b133-e578434990f8,99000000.0,4000000.0,103000000.0,repaired
AFI,2022,4001983.84,7b152ba5-1402-4d99-9ccb-d02c3893eef7,99000000.0,4000000.0,103000000.0,repaired
AFI,2022,4001983.84,948a355d-1586-40ff-9998-91d21fa3abb2,99000000.0,4000000.0,103000000.0,repaired
AFI,2022,4001983.84,41f6f31f-1c7d-4d44-b9c9-0f8b96d7f24f,99000000.0,4000000.0,103000000.0,repaired
AFI,2022,4001983.84,485e070c-e4f0-4d58-b133-e578434990f8,99000000.0,4000000.0,103000000.0,repaired
AFI,2022,4001983.84,7b152ba5-1402-4d99-9ccb-d02c3893eef7,99000000.0,4000000.0,103000000.0,repaired
AFI,2022,4001983.84,948a355d-1586-40ff-9998-91d21fa3abb2,99000000.0,4000000.0,103000000.0,repaired
AFI,2022,4001983.84,41f6f31f-1c7d-4d44-b9c9-0f8b96d7f24f,99000000.0,4000000.0,103000000.0,repaired
AFI,2022,4001983.84,485e070c-e4f0-4d58-b133-e578434990f8,99000000.0,4000000.0,103000000.0,repaired
AFI,2022,4001983.84,7b152ba5-1402-4d99-9ccb-d02c3893eef7,99000000.0,4000000.0,103000000.0,repaired
AFI,2022,4001983.84,948a355d-1586-40ff-9998-91d21fa3abb2,99000000.0,4000000.0,103000000.0,repaired
AFI,2022,4001983.84,41f6f31f-1c7d-4d44-b9c9-0f8b96d7f24f,99000000.0,4000000.0,103000000.0,repaired
AFI,2022,4001983.84,485e070c-e4f0-4d58-b133-e578434990f8,99000000.0,4000000.0,103000000.0,repaired
AFI,2022,4001983.84,7b152ba5-1402-4d99-9ccb-d02c3893eef7,99000000.0,4000000.0,103000000.0,repaired
AFM,2023,73111000.0,485e070c-e4f0-4d58-b133-e578434990f8,1200000000.0,129710000.00000001,1329710000.0,repaired
AFM,2023,73111000.0,7b152ba5-1402-4d99-9ccb-d02c3893eef7,1200000000.0,129710000.00000001,1329710000.0,repaired
AFM,2023,73111000.0,948a355d-1586-40ff-9998-91d21fa3abb2,1200000000.0,129710000.00000001,1329710000.0,repaired
AFM,2023,73111000.0,485e070c-e4f0-4d58-b133-e578434990f8,1200000000.0,129710000.00000001,1329710000.0,repaired
AFM,2023,73111000.0,7b152ba5-1402-4d99-9ccb-d02c3893eef7,1200000000.0,129710000.00000001,1329710000.0,repaired
AFM,2023,73111000.0,948a355d-1586-40ff-9998-91d21fa3abb2,1200000000.0,129710000.00000001,1329710000.0,repaired
AFM,2023,73111000.0,485e070c-e4f0-4d58-b133-e578434990f8,1200000000.0,129710000.00000001,1329710000.0,repaired
AFM,2023,73111000.0,7b152ba5-1402-4d99-9ccb-d02c3893eef7,1200000000.0,129710000.00000001,1329710000.0,repaired
AFM,2023,73111000.0,948a355d-1586-40ff-9998-91d21fa3abb2,1200000000.0,129710000.00000001,1329710000.0,repaired
AFM,2023,129707000.0,41f6f31f-1c7d-4d44-b9c9-0f8b96d7f24f,1200000000.0,129710000.00000001,1329710000.0,repaired
AFM,2023,129707000.0,41f6f31f-1c7d-4d44-b9c9-0f8b96d7f24f,1200000000.0,129710000.00000001,1329710000.0,repaired
AFM,2023,129707000.0,41f6f31f-1c7d-4d44-b9c9-0f8b96d7f24f,1200000000.0,129710000.00000001,1329710000.0,repaired
AFM,2023,129707000.0,41f6f31f-1c7d-4d44-b9c9-0f8b96d7f24f,1200000000.0,129710000.00000001,1329710000.0,repaired
AFM,2023,129707000.0,41f6f31f-1c7d-4d44-b9c9-0f8b96d7f24f,1200000000.0,129710000.00000001,1329710000.0,repaired
AFM,2023,73111000.0,485e070c-e4f0-4d58-b133-e578434990f8,1200000000.0,129710000.00000001,1329710000.0,repaired
AFM,2023,73111000.0,7b152ba5-1402-4d99-9ccb-d02c3893eef7,1200000000.0,129710000.00000001,1329710000.0,repaired
AFM,2023,73111000.0,948a355d-1586-40ff-9998-91d21fa3abb2,1200000000.0,129710000.00000001,1329710000.0,repaired
AFM,2023,73111000.0,485e070c-e4f0-4d58-b133-e578434990f8,1200000000.0,129710000.00000001,1329710000.0,repaired
AFM,2023,73111000.0,7b152ba5-1402-4d99-9ccb-d02c3893eef7,1200000000.0,129710000.00000001,1329710000.0,repaired
AFM,2023,73111000.0,948a355d-1586-40ff-9998-91d21fa3abb2,1200000000.0,129710000.00000001,1329710000.0,repaired
AFM,2023,129707000.0,41f6f31f-1c7d-4d44-b9c9-0f8b96d7f24f,1200000000.0,129710000.00000001,1329710000.0,repaired
AFM,2023,129707000.0,41f6f31f-1c7d-4d44-b9c9-0f8b96d7f24f,1200000000.0,129710000.00000001,1329710000.0,repaired
AFM,2023,129707000.0,41f6f31f-1c7d-4d44-b9c9-0f8b96d7f24f,1200000000.0,129710000.00000001,1329710000.0,repaired
AFM,2023,129707000.0,41f6f31f-1c7d-4d44-b9c9-0f8b96d7f24f,1200000000.0,129710000.00000001,1329710000.0,repaired
AFM,2023,129707000.0,41f6f31f-1c7d-4d44-b9c9-0f8b96d7f24f,1200000000.0,129710000.00000001,1329710000.0,repaired
AFM,2023,129707000.0,41f6f31f-1c7d-4d44-b9c9-0f8b96d7f24f,1200000000.0,129710000.00000001,1329710000.0,repaired
AFM,2023,129707000.0,41f6f31f-1c7d-4d44-b9c9-0f8b96d7f24f,1200000000.0,129710000.00000001,1329710000.0,repaired
AFM,2023,129707000.0,41f6f31f-1c7d-4d44-b9c9-0f8b96d7f24f,1200000000.0,129710000.00000001,1329710000.0,repaired
AFM,2023,129707000.0,41f6f31f-1c7d-4d44-b9c9-0f8b96d7f24f,1200000000.0,129710000.00000001,1329710000.0,repaired
AFM,2023,129707000.0,41f6f31f-1c7d-4d44-b9c9-0f8b96d7f24f,1200000000.0,129710000.00000001,1329710000.0,repaired
AFM,2023,129707000.0,41f6f31f-1c7d-4d44-b9c9-0f8b96d7f24f,1200000000.0,129710000.00000001,1329710000.0,repaired
AFM,2023,129707000.0,41f6f31f-1c7d-4d44-b9c9-0f8b96d7f24f,1200000000.0,129710000.00000001,1329710000.0,repaired
AFM,2023,129707000.0,41f6f31f-1c7d-4d44-b9c9-0f8b96d7f24f,1200000000.0,129710000.00000001,1329710000.0,repaired
AFM,2023,129707000.0,41f6f31f-1c7d-4d44-b9c9-0f8b96d7f24f,1200000000.0,129710000.00000001,1329710000.0,repaired
AFM,2023,129707000.0,41f6f31f-1c7d-4d44-b9c9-0f8b96d7f24f,1200000000.0,129710000.00000001,1329710000.0,repaired
AGM,2021,-70751000.0,41f6f31f-1c7d-4d44-b9c9-0f8b96d7f24f,946000000.0,-70750000.0,875250000.0,repaired
AGM,2021,-70751000.0,41f6f31f-1c7d-4d44-b9c9-0f8b96d7f24f,946000000.0,-70750000.0,875250000.0,repaired
AGM,2021,-70751000.0,41f6f31f-1c7d-4d44-b9c9-0f8b96d7f24f,946000000.0,-70750000.0,875250000.0,repaired
AGM,2021,-70751000.0,41f6f31f-1c7d-4d44-b9c9-0f8b96d7f24f,946000000.0,-70750000.0,875250000.0,repaired
AGM,2021,-70751000.0,41f6f31f-1c7d-4d44-b9c9-0f8b96d7f24f,946000000.0,-70750000.0,875250000.0,repaired
AGM,2021,-70751000.0,41f6f31f-1c7d-4d44-b9c9-0f8b96d7f24f,946000000.0,-70750000.0,875250000.0,repaired
AGM,2021,-70751000.0,41f6f31f-1c7d-4d44-b9c9-0f8b96d7f24f,946000000.0,-70750000.0,875250000.0,repaired
AGM,2021,-70751000.0,41f6f31f-1c7d-4d44-b9c9-0f8b96d7f24f,946000000.0,-70750000.0,875250000.0,repaired
AGM,2021,-70751000.0,41f6f31f-1c7d-4d44-b9c9-0f8b96d7f24f,946000000.0,-70750000.0,875250000.0,repaired
AGM,2021,-70751000.0,41f6f31f-1c7d-4d44-b9c9-0f8b96d7f24f,946000000.0,-70750000.0,875250000.0,repaired
AGM,2021,-70751000.0,41f6f31f-1c7d-4d44-b9c9-0f8b96d7f24f,946000000.0,-70750000.0,875250000.0,repaired
AGM,2021,-70751000.0,41f6f31f-1c7d-4d44-b9c9-0f8b96d7f24f,946000000.0,-70750000.0,875250000.0,repaired
AGM,2021,-70751000.0,41f6f31f-1c7d-4d44-b9c9-0f8b96d7f24f,946000000.0,-70750000.0,875250000.0,repaired
AGM,2021,-70751000.0,41f6f31f-1c7d-4d44-b9c9-0f8b96d7f24f,946000000.0,-70750000.0,875250000.0,repaired
AGM,2021,-70751000.0,41f6f31f-1c7d-4d44-b9c9-0f8b96d7f24f,946000000.0,-70750000.0,875250000.0,repaired
AGM,2021,-70751000.0,41f6f31f-1c7d-4d44-b9c9-0f8b96d7f24f,946000000.0,-70750000.0,875250000.0,repaired
AGM,2021,-70751000.0,41f6f31f-1c7d-4d44-b9c9-0f8b96d7f24f,946000000.0,-70750000.0,875250000.0,repaired
AGM,2021,-70751000.0,41f6f31f-1c7d-4d44-b9c9-0f8b96d7f24f,946000000.0,-70750000.0,875250000.0,repaired
AGM,2021,-70751000.0,41f6f31f-1c7d-4d44-b9c9-0f8b96d7f24f,946000000.0,-70750000.0,875250000.0,repaired
AGM,2021,-70751000.0,41f6f31f-1c7d-4d44-b9c9-0f8b96d7f24f,946000000.0,-70750000.0,875250000.0,repaired
AGM,2021,-70751000.0,41f6f31f-1c7d-4d44-b9c9-0f8b96d7f24f,946000000.0,-70750000.0,875250000.0,repaired
AGM,2021,-70751000.0,41f6f31f-1c7d-4d44-b9c9-0f8b96d7f24f,946000000.0,-70750000.0,875250000.0,repaired
AGM,2021,-70751000.0,41f6f31f-1c7d-4d44-b9c9-0f8b96d7f24f,946000000.0,-70750000.0,875250000.0,repaired
AGM,2021,-70751000.0,41f6f31f-1c7d-4d44-b9c9-0f8b96d7f24f,946000000.0,-70750000.0,875250000.0,repaired
AGM,2021,-70751000.0,41f6f31f-1c7d-4d44-b9c9-0f8b96d7f24f,946000000.0,-70750000.0,875250000.0,repaired
AGM,2022,-101187000.0,948a355d-1586-40ff-9998-91d21fa3abb2,1214000000.0,-101190000.0,1112810000.0,repaired
AGM,2022,-101187000.0,41f6f31f-1c7d-4d44-b9c9-0f8b96d7f24f,1214000000.0,-101190000.0,1112810000.0,repaired
AGM,2022,-101187000.0,485e070c-e4f0-4d58-b133-e578434990f8,1214000000.0,-101190000.0,1112810000.0,repaired
AGM,2022,-101187000.0,7b152ba5-1402-4d99-9ccb-d02c3893eef7,1214000000.0,-101190000.0,1112810000.0,repaired
AGM,2022,-101187000.0,948a355d-1586-40ff-9998-91d21fa3abb2,1214000000.0,-101190000.0,1112810000.0,repaired
AGM,2022,-101187000.0,41f6f31f-1c7d-4d44-b9c9-0f8b96d7f24f,1214000000.0,-101190000.0,1112810000.0,repaired
AGM,2022,-101187000.0,485e070c-e4f0-4d58-b133-e578434990f8,1214000000.0,-101190000.0,1112810000.0,repaired
AGM,2022,-101187000.0,7b152ba5-1402-4d99-9ccb-d02c3893eef7,1214000000.0,-101190000.0,1112810000.0,repaired
AGM,2022,-101187000.0,948a355d-1586-40ff-9998-91d21fa3abb2,1214000000.0,-101190000.0,1112810000.0,repaired
AGM,2022,-101187000.0,41f6f31f-1c7d-4d44-b9c9-0f8b96d7f24f,1214000000.0,-101190000.0,1112810000.0,repaired
AGM,2022,-101187000.0,485e070c-e4f0-4d58-b133-e578434990f8,1214000000.0,-101190000.0,1112810000.0,repaired
AGM,2022,-101187000.0,7b152ba5-1402-4d99-9ccb-d02c3893eef7,1214000000.0,-101190000.0,1112810000.0,repaired
AGM,2022,-101187000.0,948a355d-1586-40ff-9998-91d21fa3abb2,1214000000.0,-101190000.0,1112810000.0,repaired
AGM,2022,-101187000.0,41f6f31f-1c7d-4d44-b9c9-0f8b96d7f24f,1214000000.0,-101190000.0,1112810000.0,repaired
AGM,2022,-101187000.0,485e070c-e4f0-4d58-b133-e578434990f8,1214000000.0,-101190000.0,1112810000.0,repaired
AGM,2022,-101187000.0,7b152ba5-1402-4d99-9ccb-d02c3893eef7,1214000000.0,-101190000.0,1112810000.0,repaired
AGM,2022,-101187000.0,948a355d-1586-40ff-9998-91d21fa3abb2,1214000000.0,-101190000.0,1112810000.0,repaired
AGM,2022,-101187000.0,41f6f31f-1c7d-4d44-b9c9-0f8b96d7f24f,1214000000.0,-101190000.0,1112810000.0,repaired
AGM,2022,-101187000.0,485e070c-e4f0-4d58-b133-e578434990f8,1214000000.0,-101190000.0,1112810000.0,repaired
AGM,2022,-101187000.0,7b152ba5-1402-4d99-9ccb-d02c3893eef7,1214000000.0,-101190000.0,1112810000.0,repaired
AGM,2022,-101187000.0,948a355d-1586-40ff-9998-91d21fa3abb2,1214000000.0,-101190000.0,1112810000.0,repaired
AGM,2022,-101187000.0,41f6f31f-1c7d-4d44-b9c9-0f8b96d7f24f,1214000000.0,-101190000.0,1112810000.0,repaired
AGM,2022,-101187000.0,485e070c-e4f0-4d58-b133-e578434990f8,1214000000.0,-101190000.0,1112810000.0,repaired
AGM,2022,-101187000.0,7b152ba5-1402-4d99-9ccb-d02c3893eef7,1214000000.0,-101190000.0,1112810000.0,repaired
AGM,2022,-101187000.0,948a355d-1586-40ff-9998-91d21fa3abb2,1214000000.0,-101190000.0,1112810000.0,repaired
AGM,2022,-101187000.0,41f6f31f-1c7d-4d44-b9c9-0f8b96d7f24f,1214000000.0,-101190000.0,1112810000.0,repaired
AGM,2022,-101187000.0,485e070c-e4f0-4d58-b133-e578434990f8,1214000000.0,-101190000.0,1112810000.0,repaired
AGM,2022,-101187000.0,7b152ba5-1402-4d99-9ccb-d02c3893eef7,1214000000.0,-101190000.0,1112810000.0,repaired
AGM,2022,-101187000.0,948a355d-1586-40ff-9998-91d21fa3abb2,1214000000.0,-101190000.0,1112810000.0,repaired
AGM,2022,-101187000.0,41f6f31f-1c7d-4d44-b9c9-0f8b96d7f24f,1214000000.0,-101190000.0,1112810000.0,repaired
AGM,2022,-101187000.0,485e070c-e4f0-4d58-b133-e578434990f8,1214000000.0,-101190000.0,1112810000.0,repaired
AGM,2022,-101187000.0,7b152ba5-1402-4d99-9ccb-d02c3893eef7,1214000000.0,-101190000.0,1112810000.0,repaired
AGM,2022,-101187000.0,948a355d-1586-40ff-9998-91d21fa3abb2,1214000000.0,-101190000.0,1112810000.0,repaired
AGM,2022,-101187000.0,41f6f31f-1c7d-4d44-b9c9-0f8b96d7f24f,1214000000.0,-101190000.0,1112810000.0,repaired
AGM,2022,-101187000.0,485e070c-e4f0-4d58-b133-e578434990f8,1214000000.0,-101190000.0,1112810000.0,repaired
AGM,2022,-101187000.0,7b152ba5-1402-4d99-9ccb-d02c3893eef7,1214000000.0,-101190000.0,1112810000.0,repaired
AGM,2022,-101187000.0,948a355d-1586-40ff-9998-91d21fa3abb2,1214000000.0,-101190000.0,1112810000.0,repaired
AGM,2022,-101187000.0,41f6f31f-1c7d-4d44-b9c9-0f8b96d7f24f,1214000000.0,-101190000.0,1112810000.0,repaired
AGM,2022,-101187000.0,485e070c-e4f0-4d58-b133-e578434990f8,1214000000.0,-101190000.0,1112810000.0,repaired
AGM,2022,-101187000.0,7b152ba5-1402-4d99-9ccb-d02c3893eef7,1214000000.0,-101190000.0,1112810000.0,repaired
AGM,2022,-101187000.0,948a355d-1586-40ff-9998-91d21fa3abb2,1214000000.0,-101190000.0,1112810000.0,repaired
AGM,2022,-101187000.0,41f6f31f-1c7d-4d44-b9c9-0f8b96d7f24f,1214000000.0,-101190000.0,1112810000.0,repaired
AGM,2022,-101187000.0,485e070c-e4f0-4d58-b133-e578434990f8,1214000000.0,-101190000.0,1112810000.0,repaired
AGM,2022,-101187000.0,7b152ba5-1402-4d99-9ccb-d02c3893eef7,1214000000.0,-101190000.0,1112810000.0,repaired
AGM,2022,-101187000.0,948a355d-1586-40ff-9998-91d21fa3abb2,1214000000.0,-101190000.0,1112810000.0,repaired
AGM,2022,-101187000.0,41f6f31f-1c7d-4d44-b9c9-0f8b96d7f24f,1214000000.0,-101190000.0,1112810000.0,repaired
AGM,2022,-101187000.0,485e070c-e4f0-4d58-b133-e578434990f8,1214000000.0,-101190000.0,1112810000.0,repaired
AGM,2022,-101187000.0,7b152ba5-1402-4d99-9ccb-d02c3893eef7,1214000000.0,-101190000.0,1112810000.0,repaired
AGM,2022,-101187000.0,948a355d-1586-40ff-9998-91d21fa3abb2,1214000000.0,-101190000.0,1112810000.0,repaired
AGM,2022,-101187000.0,41f6f31f-1c7d-4d44-b9c9-0f8b96d7f24f,1214000000.0,-101190000.0,1112810000.0,repaired
AGM,2022,-101187000.0,485e070c-e4f0-4d58-b133-e578434990f8,1214000000.0,-101190000.0,1112810000.0,repaired
AGM,2022,-101187000.0,7b152ba5-1402-4d99-9ccb-d02c3893eef7,1214000000.0,-101190000.0,1112810000.0,repaired
AGM,2022,-101187000.0,948a355d-1586-40ff-9998-91d21fa3abb2,1214000000.0,-101190000.0,1112810000.0,repaired
AGM,2022,-101187000.0,41f6f31f-1c7d-4d44-b9c9-0f8b96d7f24f,1214000000.0,-101190000.0,1112810000.0,repaired
AGM,2022,-101187000.0,485e070c-e4f0-4d58-b133-e578434990f8,1214000000.0,-101190000.0,1112810000.0,repaired
AGM,2022,-101187000.0,7b152ba5-1402-4d99-9ccb-d02c3893eef7,1214000000.0,-101190000.0,1112810000.0,repaired
AGM,2022,-101187000.0,948a355d-1586-40ff-9998-91d21fa3abb2,1214000000.0,-101190000.0,1112810000.0,repaired
AGM,2022,-101187000.0,41f6f31f-1c7d-4d44-b9c9-0f8b96d7f24f,1214000000.0,-101190000.0,1112810000.0,repaired
AGM,2022,-101187000.0,485e070c-e4f0-4d58-b133-e578434990f8,1214000000.0,-101190000.0,1112810000.0,repaired
AGM,2022,-101187000.0,7b152ba5-1402-4d99-9ccb-d02c3893eef7,1214000000.0,-101190000.0,1112810000.0,repaired
AGM,2022,-101187000.0,948a355d-1586-40ff-9998-91d21fa3abb2,1214000000.0,-101190000.0,1112810000.0,repaired
AGM,2022,-101187000.0,41f6f31f-1c7d-4d44-b9c9-0f8b96d7f24f,1214000000.0,-101190000.0,1112810000.0,repaired
AGM,2022,-101187000.0,485e070c-e4f0-4d58-b133-e578434990f8,1214000000.0,-101190000.0,1112810000.0,repaired
AGM,2022,-101187000.0,7b152ba5-1402-4d99-9ccb-d02c3893eef7,1214000000.0,-101190000.0,1112810000.0,repaired
AGM,2022,-101187000.0,948a355d-1586-40ff-9998-91d21fa3abb2,1214000000.0,-101190000.0,1112810000.0,repaired
AGM,2022,-101187000.0,41f6f31f-1c7d-4d44-b9c9-0f8b96d7f24f,1214000000.0,-101190000.0,1112810000.0,repaired
AGM,2022,-101187000.0,485e070c-e4f0-4d58-b133-e578434990f8,1214000000.0,-101190000.0,1112810000.0,repaired
AGM,2022,-101187000.0,7b152ba5-1402-4d99-9ccb-d02c3893eef7,1214000000.0,-101190000.0,1112810000.0,repaired
AGM,2022,-101187000.0,948a355d-1586-40ff-9998-91d21fa3abb2,1214000000.0,-101190000.0,1112810000.0,repaired
AGM,2022,-101187000.0,41f6f31f-1c7d-4d44-b9c9-0f8b96d7f24f,1214000000.0,-101190000.0,1112810000.0,repaired
AGM,2022,-101187000.0,485e070c-e4f0-4d58-b133-e578434990f8,1214000000.0,-101190000.0,1112810000.0,repaired
AGM,2022,-101187000.0,7b152ba5-1402-4d99-9ccb-d02c3893eef7,1214000000.0,-101190000.0,1112810000.0,repaired
AGM,2022,-101187000.0,948a355d-1586-40ff-9998-91d21fa3abb2,1214000000.0,-101190000.0,1112810000.0,repaired
AGM,2022,-101187000.0,41f6f31f-1c7d-4d44-b9c9-0f8b96d7f24f,1214000000.0,-101190000.0,1112810000.0,repaired
AGM,2022,-101187000.0,485e070c-e4f0-4d58-b133-e578434990f8,1214000000.0,-101190000.0,1112810000.0,repaired
AGM,2022,-101187000.0,7b152ba5-1402-4d99-9ccb-d02c3893eef7,1214000000.0,-101190000.0,1112810000.0,repaired
AGM,2022,-101187000.0,948a355d-1586-40ff-9998-91d21fa3abb2,1214000000.0,-101190000.0,1112810000.0,repaired
AGM,2022,-101187000.0,41f6f31f-1c7d-4d44-b9c9-0f8b96d7f24f,1214000000.0,-101190000.0,1112810000.0,repaired
AGM,2022,-101187000.0,485e070c-e4f0-4d58-b133-e578434990f8,1214000000.0,-101190000.0,1112810000.0,repaired
AGM,2022,-101187000.0,7b152ba5-1402-4d99-9ccb-d02c3893eef7,1214000000.0,-101190000.0,1112810000.0,repaired
AGM,2022,-101187000.0,948a355d-1586-40ff-9998-91d21fa3abb2,1214000000.0,-101190000.0,1112810000.0,repaired
AGM,2022,-101187000.0,41f6f31f-1c7d-4d44-b9c9-0f8b96d7f24f,1214000000.0,-101190000.0,1112810000.0,repaired
AGM,2022,-101187000.0,485e070c-e4f0-4d58-b133-e578434990f8,1214000000.0,-101190000.0,1112810000.0,repaired
AGM,2022,-101187000.0,7b152ba5-1402-4d99-9ccb-d02c3893eef7,1214000000.0,-101190000.0,1112810000.0,repaired
AGM,2022,-101187000.0,948a355d-1586-40ff-9998-91d21fa3abb2,1214000000.0,-101190000.0,1112810000.0,repaired
AGM,2022,-101187000.0,41f6f31f-1c7d-4d44-b9c9-0f8b96d7f24f,1214000000.0,-101190000.0,1112810000.0,repaired
AGM,2022,-101187000.0,485e070c-e4f0-4d58-b133-e578434990f8,1214000000.0,-101190000.0,1112810000.0,repaired
AGM,2022,-101187000.0,7b152ba5-1402-4d99-9ccb-d02c3893eef7,1214000000.0,-101190000.0,1112810000.0,repaired
AGM,2022,-101187000.0,948a355d-1586-40ff-9998-91d21fa3abb2,1214000000.0,-101190000.0,1112810000.0,repaired
AGM,2022,-101187000.0,41f6f31f-1c7d-4d44-b9c9-0f8b96d7f24f,1214000000.0,-101190000.0,1112810000.0,repaired
AGM,2022,-101187000.0,485e070c-e4f0-4d58-b133-e578434990f8,1214000000.0,-101190000.0,1112810000.0,repaired
AGM,2022,-101187000.0,7b152ba5-1402-4d99-9ccb-d02c3893eef7,1214000000.0,-101190000.0,1112810000.0,repaired
AGM,2022,-101187000.0,948a355d-1586-40ff-9998-91d21fa3abb2,1214000000.0,-101190000.0,1112810000.0,repaired
AGM,2022,-101187000.0,41f6f31f-1c7d-4d44-b9c9-0f8b96d7f24f,1214000000.0,-101190000.0,1112810000.0,repaired
AGM,2022,-101187000.0,485e070c-e4f0-4d58-b133-e578434990f8,1214000000.0,-101190000.0,1112810000.0,repaired
AGM,2022,-101187000.0,7b152ba5-1402-4d99-9ccb-d02c3893eef7,1214000000.0,-101190000.0,1112810000.0,repaired
AGM,2022,-101187000.0,948a355d-1586-40ff-9998-91d21fa3abb2,1214000000.0,-101190000.0,1112810000.0,repaired
AGM,2022,-101187000.0,41f6f31f-1c7d-4d44-b9c9-0f8b96d7f24f,1214000000.0,-101190000.0,1112810000.0,repaired
AGM,2022,-101187000.0,485e070c-e4f0-4d58-b133-e578434990f8,1214000000.0,-101190000.0,1112810000.0,repaired
AGM,2022,-101187000.0,7b152ba5-1402-4d99-9ccb-d02c3893eef7,1214000000.0,-101190000.0,1112810000.0,repaired
AGM,2023,-10800000.0,7b152ba5-1402-4d99-9ccb-d02c3893eef7,1276000000.0,-131210000.00000001,1144790000.0,repaired
AGM,2023,-10800000.0,485e070c-e4f0-4d58-b133-e578434990f8,1276000000.0,-131210000.00000001,1144790000.0,repaired
AGM,2023,-10800000.0,948a355d-1586-40ff-9998-91d21fa3abb2,1276000000.0,-131210000.00000001,1144790000.0,repaired
AGM,2023,-10800000.0,7b152ba5-1402-4d99-9ccb-d02c3893eef7,1276000000.0,-131210000.00000001,1144790000.0,repaired
AGM,2023,-10800000.0,485e070c-e4f0-4d58-b133-e578434990f8,1276000000.0,-131210000.00000001,1144790000.0,repaired
AGM,2023,-10800000.0,948a355d-1586-40ff-9998-91d21fa3abb2,1276000000.0,-131210000.00000001,1144790000.0,repaired
AGM,2023,-10800000.0,7b152ba5-1402-4d99-9ccb-d02c3893eef7,1276000000.0,-131210000.00000001,1144790000.0,repaired
AGM,2023,-10800000.0,485e070c-e4f0-4d58-b133-e578434990f8,1276000000.0,-131210000.00000001,1144790000.0,repaired
AGM,2023,-10800000.0,948a355d-1586-40ff-9998-91d21fa3abb2,1276000000.0,-131210000.00000001,1144790000.0,repaired
AGM,2023,-10800000.0,7b152ba5-1402-4d99-9ccb-d02c3893eef7,1276000000.0,-131210000.00000001,1144790000.0,repaired
AGM,2023,-10800000.0,485e070c-e4f0-4d58-b133-e578434990f8,1276000000.0,-131210000.00000001,1144790000.0,repaired
AGM,2023,-10800000.0,948a355d-1586-40ff-9998-91d21fa3abb2,1276000000.0,-131210000.00000001,1144790000.0,repaired
AGM,2023,-10800000.0,7b152ba5-1402-4d99-9ccb-d02c3893eef7,1276000000.0,-131210000.00000001,1144790000.0,repaired
AGM,2023,-10800000.0,485e070c-e4f0-4d58-b133-e578434990f8,1276000000.0,-131210000.00000001,1144790000.0,repaired
AGM,2023,-10800000.0,948a355d-1586-40ff-9998-91d21fa3abb2,1276000000.0,-131210000.00000001,1144790000.0,repaired
AKT,2021,699611414.0,41f6f31f-1c7d-4d44-b9c9-0f8b96d7f24f,,762980000.0,,unresolved_no_marketcap
AKT,2021,699611414.0,d1bcf6d5-b397-4f18-9cbe-bc08081e797c,,762980000.0,,unresolved_no_marketcap
AKT,2022,184801615.0,d1bcf6d5-b397-4f18-9cbe-bc08081e797c,3496000000.0,715060000.0,4211060000.0,repaired
AKT,2022,184801615.0,41f6f31f-1c7d-4d44-b9c9-0f8b96d7f24f,3496000000.0,715060000.0,4211060000.0,repaired
AKT,2023,979287725.0,d1bcf6d5-b397-4f18-9cbe-bc08081e797c,4063692409.0,1186000000.0,5249692409.0,repaired
AKT,2024,1095474292.0,d1bcf6d5-b397-4f18-9cbe-bc08081e797c,9628260760.0,1349000000.0,10977260760.0,repaired
AKT,2025,3972643001.0,d1bcf6d5-b397-4f18-9cbe-bc08081e797c,17982192890.0,3875000000.0,21857192890.0,repaired
ARD,2020,1138218000.0,485e070c-e4f0-4d58-b133-e578434990f8,,1138218000.0,,unresolved_no_marketcap
ARD,2020,1138218000.0,7b152ba5-1402-4d99-9ccb-d02c3893eef7,,1138218000.0,,unresolved_no_marketcap
ARD,2020,1138218000.0,948a355d-1586-40ff-9998-91d21fa3abb2,,1138218000.0,,unresolved_no_marketcap
ARD,2020,1138218000.0,41f6f31f-1c7d-4d44-b9c9-0f8b96d7f24f,,1138218000.0,,unresolved_no_marketcap
ARD,2021,1939736000.0,41f6f31f-1c7d-4d44-b9c9-0f8b96d7f24f,4418000000.0,1945000000.0,6363000000.0,repaired
ARD,2021,1939736000.0,41f6f31f-1c7d-4d44-b9c9-0f8b96d7f24f,4418000000.0,1945000000.0,6363000000.0,repaired
ARD,2021,1939736000.0,41f6f31f-1c7d-4d44-b9c9-0f8b96d7f24f,4418000000.0,1945000000.0,6363000000.0,repaired
ARD,2021,1939736000.0,41f6f31f-1c7d-4d44-b9c9-0f8b96d7f24f,4418000000.0,1945000000.0,6363000000.0,repaired
ARD,2021,1939736000.0,41f6f31f-1c7d-4d44-b9c9-0f8b96d7f24f,4418000000.0,1945000000.0,6363000000.0,repaired
ARD,2021,1939736000.0,41f6f31f-1c7d-4d44-b9c9-0f8b96d7f24f,4418000000.0,1945000000.0,6363000000.0,repaired
ARD,2021,1884111000.0,7b152ba5-1402-4d99-9ccb-d02c3893eef7,4418000000.0,1945000000.0,6363000000.0,repaired
ARD,2021,1884111000.0,948a355d-1586-40ff-9998-91d21fa3abb2,4418000000.0,1945000000.0,6363000000.0,repaired
ARD,2021,1884111000.0,485e070c-e4f0-4d58-b133-e578434990f8,4418000000.0,1945000000.0,6363000000.0,repaired
ARD,2021,1884111000.0,7b152ba5-1402-4d99-9ccb-d02c3893eef7,4418000000.0,1945000000.0,6363000000.0,repaired
ARD,2021,1884111000.0,948a355d-1586-40ff-9998-91d21fa3abb2,4418000000.0,1945000000.0,6363000000.0,repaired
ARD,2021,1884111000.0,485e070c-e4f0-4d58-b133-e578434990f8,4418000000.0,1945000000.0,6363000000.0,repaired
ARD,2021,1884111000.0,7b152ba5-1402-4d99-9ccb-d02c3893eef7,4418000000.0,1945000000.0,6363000000.0,repaired
ARD,2021,1884111000.0,948a355d-1586-40ff-9998-91d21fa3abb2,4418000000.0,1945000000.0,6363000000.0,repaired
ARD,2021,1884111000.0,485e070c-e4f0-4d58-b133-e578434990f8,4418000000.0,1945000000.0,6363000000.0,repaired
ARD,2022,2437910000.0,948a355d-1586-40ff-9998-91d21fa3abb2,4542000000.0,2510000000.0,7052000000.0,repaired
ARD,2022,2437910000.0,485e070c-e4f0-4d58-b133-e578434990f8,4542000000.0,2510000000.0,7052000000.0,repaired
ARD,2022,2437910000.0,7b152ba5-1402-4d99-9ccb-d02c3893eef7,4542000000.0,2510000000.0,7052000000.0,repaired
ARD,2022,2437910000.0,948a355d-1586-40ff-9998-91d21fa3abb2,4542000000.0,2510000000.0,7052000000.0,repaired
ARD,2022,2437910000.0,485e070c-e4f0-4d58-b133-e578434990f8,4542000000.0,2510000000.0,7052000000.0,repaired
ARD,2022,2437910000.0,7b152ba5-1402-4d99-9ccb-d02c3893eef7,4542000000.0,2510000000.0,7052000000.0,repaired
ARD,2022,2437910000.0,948a355d-1586-40ff-9998-91d21fa3abb2,4542000000.0,2510000000.0,7052000000.0,repaired
ARD,2022,2437910000.0,485e070c-e4f0-4d58-b133-e578434990f8,4542000000.0,2510000000.0,7052000000.0,repaired
ARD,2022,2437910000.0,7b152ba5-1402-4d99-9ccb-d02c3893eef7,4542000000.0,2510000000.0,7052000000.0,repaired
ARD,2022,2437910000.0,948a355d-1586-40ff-9998-91d21fa3abb2,4542000000.0,2510000000.0,7052000000.0,repaired
ARD,2022,2437910000.0,485e070c-e4f0-4d58-b133-e578434990f8,4542000000.0,2510000000.0,7052000000.0,repaired
ARD,2022,2437910000.0,7b152ba5-1402-4d99-9ccb-d02c3893eef7,4542000000.0,2510000000.0,7052000000.0,repaired
ARD,2022,2437910000.0,948a355d-1586-40ff-9998-91d21fa3abb2,4542000000.0,2510000000.0,7052000000.0,repaired
ARD,2022,2437910000.0,485e070c-e4f0-4d58-b133-e578434990f8,4542000000.0,2510000000.0,7052000000.0,repaired
ARD,2022,2437910000.0,7b152ba5-1402-4d99-9ccb-d02c3893eef7,4542000000.0,2510000000.0,7052000000.0,repaired
ARD,2022,2437910000.0,948a355d-1586-40ff-9998-91d21fa3abb2,4542000000.0,2510000000.0,7052000000.0,repaired
ARD,2022,2437910000.0,485e070c-e4f0-4d58-b133-e578434990f8,4542000000.0,2510000000.0,7052000000.0,repaired
ARD,2022,2437910000.0,7b152ba5-1402-4d99-9ccb-d02c3893eef7,4542000000.0,2510000000.0,7052000000.0,repaired
ARD,2022,2437910000.0,948a355d-1586-40ff-9998-91d21fa3abb2,4542000000.0,2510000000.0,7052000000.0,repaired
ARD,2022,2437910000.0,485e070c-e4f0-4d58-b133-e578434990f8,4542000000.0,2510000000.0,7052000000.0,repaired
ARD,2022,2437910000.0,7b152ba5-1402-4d99-9ccb-d02c3893eef7,4542000000.0,2510000000.0,7052000000.0,repaired
ARD,2022,2437910000.0,948a355d-1586-40ff-9998-91d21fa3abb2,4542000000.0,2510000000.0,7052000000.0,repaired
ARD,2022,2437910000.0,485e070c-e4f0-4d58-b133-e578434990f8,4542000000.0,2510000000.0,7052000000.0,repaired
ARD,2022,2437910000.0,7b152ba5-1402-4d99-9ccb-d02c3893eef7,4542000000.0,2510000000.0,7052000000.0,repaired
ARD,2022,2437910000.0,948a355d-1586-40ff-9998-91d21fa3abb2,4542000000.0,2510000000.0,7052000000.0,repaired
ARD,2022,2437910000.0,485e070c-e4f0-4d58-b133-e578434990f8,4542000000.0,2510000000.0,7052000000.0,repaired
ARD,2022,2437910000.0,7b152ba5-1402-4d99-9ccb-d02c3893eef7,4542000000.0,2510000000.0,7052000000.0,repaired
ATH,2021,310836643.77,7b152ba5-1402-4d99-9ccb-d02c3893eef7,5180000000.0,-107270000.0,5072730000.0,repaired
ATH,2021,310836643.77,948a355d-1586-40ff-9998-91d21fa3abb2,5180000000.0,-107270000.0,5072730000.0,repaired
ATH,2021,310836643.77,485e070c-e4f0-4d58-b133-e578434990f8,5180000000.0,-107270000.0,5072730000.0,repaired
ATH,2021,310836643.77,7b152ba5-1402-4d99-9ccb-d02c3893eef7,5180000000.0,-107270000.0,5072730000.0,repaired
ATH,2021,310836643.77,948a355d-1586-40ff-9998-91d21fa3abb2,5180000000.0,-107270000.0,5072730000.0,repaired
ATH,2021,310836643.77,485e070c-e4f0-4d58-b133-e578434990f8,5180000000.0,-107270000.0,5072730000.0,repaired
ATH,2022,280673504.69,948a355d-1586-40ff-9998-91d21fa3abb2,3269000000.0,-84190000.0,3184810000.0,repaired
ATH,2022,280673504.69,485e070c-e4f0-4d58-b133-e578434990f8,3269000000.0,-84190000.0,3184810000.0,repaired
ATH,2022,280673504.69,7b152ba5-1402-4d99-9ccb-d02c3893eef7,3269000000.0,-84190000.0,3184810000.0,repaired
ATH,2022,280673504.69,948a355d-1586-40ff-9998-91d21fa3abb2,3269000000.0,-84190000.0,3184810000.0,repaired
ATH,2022,280673504.69,485e070c-e4f0-4d58-b133-e578434990f8,3269000000.0,-84190000.0,3184810000.0,repaired
ATH,2022,280673504.69,7b152ba5-1402-4d99-9ccb-d02c3893eef7,3269000000.0,-84190000.0,3184810000.0,repaired
ATL,2021,446891000.0,485e070c-e4f0-4d58-b133-e578434990f8,7355000000.0,446890000.0,7801890000.0,repaired
ATL,2021,446891000.0,41f6f31f-1c7d-4d44-b9c9-0f8b96d7f24f,7355000000.0,446890000.0,7801890000.0,repaired
ATL,2021,446891000.0,7b152ba5-1402-4d99-9ccb-d02c3893eef7,7355000000.0,446890000.0,7801890000.0,repaired
ATL,2021,446891000.0,948a355d-1586-40ff-9998-91d21fa3abb2,7355000000.0,446890000.0,7801890000.0,repaired
ATL,2021,446891000.0,485e070c-e4f0-4d58-b133-e578434990f8,7355000000.0,446890000.0,7801890000.0,repaired
ATL,2021,446891000.0,41f6f31f-1c7d-4d44-b9c9-0f8b96d7f24f,7355000000.0,446890000.0,7801890000.0,repaired
ATL,2021,446891000.0,7b152ba5-1402-4d99-9ccb-d02c3893eef7,7355000000.0,446890000.0,7801890000.0,repaired
ATL,2021,446891000.0,948a355d-1586-40ff-9998-91d21fa3abb2,7355000000.0,446890000.0,7801890000.0,repaired
ATL,2021,446891000.0,485e070c-e4f0-4d58-b133-e578434990f8,7355000000.0,446890000.0,7801890000.0,repaired
ATL,2021,446891000.0,41f6f31f-1c7d-4d44-b9c9-0f8b96d7f24f,7355000000.0,446890000.0,7801890000.0,repaired
ATL,2021,446891000.0,7b152ba5-1402-4d99-9ccb-d02c3893eef7,7355000000.0,446890000.0,7801890000.0,repaired
ATL,2021,446891000.0,948a355d-1586-40ff-9998-91d21fa3abb2,7355000000.0,446890000.0,7801890000.0,repaired
ATL,2021,446891000.0,485e070c-e4f0-4d58-b133-e578434990f8,7355000000.0,446890000.0,7801890000.0,repaired
ATL,2021,446891000.0,41f6f31f-1c7d-4d44-b9c9-0f8b96d7f24f,7355000000.0,446890000.0,7801890000.0,repaired
ATL,2021,446891000.0,7b152ba5-1402-4d99-9ccb-d02c3893eef7,7355000000.0,446890000.0,7801890000.0,repaired
ATL,2021,446891000.0,948a355d-1586-40ff-9998-91d21fa3abb2,7355000000.0,446890000.0,7801890000.0,repaired
ATL,2021,446891000.0,485e070c-e4f0-4d58-b133-e578434990f8,7355000000.0,446890000.0,7801890000.0,repaired
ATL,2021,446891000.0,41f6f31f-1c7d-4d44-b9c9-0f8b96d7f24f,7355000000.0,446890000.0,7801890000.0,repaired
ATL,2021,446891000.0,7b152ba5-1402-4d99-9ccb-d02c3893eef7,7355000000.0,446890000.0,7801890000.0,repaired
ATL,2021,446891000.0,948a355d-1586-40ff-9998-91d21fa3abb2,7355000000.0,446890000.0,7801890000.0,repaired
ATL,2021,446891000.0,485e070c-e4f0-4d58-b133-e578434990f8,7355000000.0,446890000.0,7801890000.0,repaired
ATL,2021,446891000.0,41f6f31f-1c7d-4d44-b9c9-0f8b96d7f24f,7355000000.0,446890000.0,7801890000.0,repaired
ATL,2021,446891000.0,7b152ba5-1402-4d99-9ccb-d02c3893eef7,7355000000.0,446890000.0,7801890000.0,repaired
ATL,2021,446891000.0,948a355d-1586-40ff-9998-91d21fa3abb2,7355000000.0,446890000.0,7801890000.0,repaired
ATL,2021,446891000.0,485e070c-e4f0-4d58-b133-e578434990f8,7355000000.0,446890000.0,7801890000.0,repaired
ATL,2021,446891000.0,41f6f31f-1c7d-4d44-b9c9-0f8b96d7f24f,7355000000.0,446890000.0,7801890000.0,repaired
ATL,2021,446891000.0,7b152ba5-1402-4d99-9ccb-d02c3893eef7,7355000000.0,446890000.0,7801890000.0,repaired
ATL,2021,446891000.0,948a355d-1586-40ff-9998-91d21fa3abb2,7355000000.0,446890000.0,7801890000.0,repaired
ATL,2021,446891000.0,485e070c-e4f0-4d58-b133-e578434990f8,7355000000.0,446890000.0,7801890000.0,repaired
ATL,2021,446891000.0,41f6f31f-1c7d-4d44-b9c9-0f8b96d7f24f,7355000000.0,446890000.0,7801890000.0,repaired
ATL,2021,446891000.0,7b152ba5-1402-4d99-9ccb-d02c3893eef7,7355000000.0,446890000.0,7801890000.0,repaired
ATL,2021,446891000.0,948a355d-1586-40ff-9998-91d21fa3abb2,7355000000.0,446890000.0,7801890000.0,repaired
ATL,2021,446891000.0,485e070c-e4f0-4d58-b133-e578434990f8,7355000000.0,446890000.0,7801890000.0,repaired
ATL,2021,446891000.0,41f6f31f-1c7d-4d44-b9c9-0f8b96d7f24f,7355000000.0,446890000.0,7801890000.0,repaired
ATL,2021,446891000.0,7b152ba5-1402-4d99-9ccb-d02c3893eef7,7355000000.0,446890000.0,7801890000.0,repaired
ATL,2021,446891000.0,948a355d-1586-40ff-9998-91d21fa3abb2,7355000000.0,446890000.0,7801890000.0,repaired
ATL,2021,446891000.0,485e070c-e4f0-4d58-b133-e578434990f8,7355000000.0,446890000.0,7801890000.0,repaired
ATL,2021,446891000.0,41f6f31f-1c7d-4d44-b9c9-0f8b96d7f24f,7355000000.0,446890000.0,7801890000.0,repaired
ATL,2021,446891000.0,7b152ba5-1402-4d99-9ccb-d02c3893eef7,7355000000.0,446890000.0,7801890000.0,repaired
ATL,2021,446891000.0,948a355d-1586-40ff-9998-91d21fa3abb2,7355000000.0,446890000.0,7801890000.0,repaired
ATL,2021,446891000.0,485e070c-e4f0-4d58-b133-e578434990f8,7355000000.0,446890000.0,7801890000.0,repaired
ATL,2021,446891000.0,41f6f31f-1c7d-4d44-b9c9-0f8b96d7f24f,7355000000.0,446890000.0,7801890000.0,repaired
ATL,2021,446891000.0,7b152ba5-1402-4d99-9ccb-d02c3893eef7,7355000000.0,446890000.0,7801890000.0,repaired
ATL,2021,446891000.0,948a355d-1586-40ff-9998-91d21fa3abb2,7355000000.0,446890000.0,7801890000.0,repaired
ATL,2021,446891000.0,485e070c-e4f0-4d58-b133-e578434990f8,7355000000.0,446890000.0,7801890000.0,repaired
ATL,2021,446891000.0,41f6f31f-1c7d-4d44-b9c9-0f8b96d7f24f,7355000000.0,446890000.0,7801890000.0,repaired
ATL,2021,446891000.0,7b152ba5-1402-4d99-9ccb-d02c3893eef7,7355000000.0,446890000.0,7801890000.0,repaired
ATL,2021,446891000.0,948a355d-1586-40ff-9998-91d21fa3abb2,7355000000.0,446890000.0,7801890000.0,repaired
ATL,2022,328206000.0,485e070c-e4f0-4d58-b133-e578434990f8,7535000000.0,328210000.0,7863210000.0,repaired
ATL,2022,328206000.0,948a355d-1586-40ff-9998-91d21fa3abb2,7535000000.0,328210000.0,7863210000.0,repaired
ATL,2022,328206000.0,7b152ba5-1402-4d99-9ccb-d02c3893eef7,7535000000.0,328210000.0,7863210000.0,repaired
ATL,2022,328206000.0,41f6f31f-1c7d-4d44-b9c9-0f8b96d7f24f,7535000000.0,328210000.0,7863210000.0,repaired
ATL,2022,328206000.0,485e070c-e4f0-4d58-b133-e578434990f8,7535000000.0,328210000.0,7863210000.0,repaired
ATL,2022,328206000.0,948a355d-1586-40ff-9998-91d21fa3abb2,7535000000.0,328210000.0,7863210000.0,repaired
ATL,2022,328206000.0,7b152ba5-1402-4d99-9ccb-d02c3893eef7,7535000000.0,328210000.0,7863210000.0,repaired
ATL,2022,328206000.0,41f6f31f-1c7d-4d44-b9c9-0f8b96d7f24f,7535000000.0,328210000.0,7863210000.0,repaired
ATL,2022,328206000.0,485e070c-e4f0-4d58-b133-e578434990f8,7535000000.0,328210000.0,7863210000.0,repaired
ATL,2022,328206000.0,948a355d-1586-40ff-9998-91d21fa3abb2,7535000000.0,328210000.0,7863210000.0,repaired
ATL,2022,328206000.0,7b152ba5-1402-4d99-9ccb-d02c3893eef7,7535000000.0,328210000.0,7863210000.0,repaired
ATL,2022,328206000.0,41f6f31f-1c7d-4d44-b9c9-0f8b96d7f24f,7535000000.0,328210000.0,7863210000.0,repaired
ATL,2022,328206000.0,485e070c-e4f0-4d58-b133-e578434990f8,7535000000.0,328210000.0,7863210000.0,repaired
ATL,2022,328206000.0,948a355d-1586-40ff-9998-91d21fa3abb2,7535000000.0,328210000.0,7863210000.0,repaired
ATL,2022,328206000.0,7b152ba5-1402-4d99-9ccb-d02c3893eef7,7535000000.0,328210000.0,7863210000.0,repaired
ATL,2022,328206000.0,41f6f31f-1c7d-4d44-b9c9-0f8b96d7f24f,7535000000.0,328210000.0,7863210000.0,repaired
ATL,2022,328206000.0,485e070c-e4f0-4d58-b133-e578434990f8,7535000000.0,328210000.0,7863210000.0,repaired
ATL,2022,328206000.0,948a355d-1586-40ff-9998-91d21fa3abb2,7535000000.0,328210000.0,7863210000.0,repaired
ATL,2022,328206000.0,7b152ba5-1402-4d99-9ccb-d02c3893eef7,7535000000.0,328210000.0,7863210000.0,repaired
ATL,2022,328206000.0,41f6f31f-1c7d-4d44-b9c9-0f8b96d7f24f,7535000000.0,328210000.0,7863210000.0,repaired
ATL,2022,328206000.0,485e070c-e4f0-4d58-b133-e578434990f8,7535000000.0,328210000.0,7863210000.0,repaired
ATL,2022,328206000.0,948a355d-1586-40ff-9998-91d21fa3abb2,7535000000.0,328210000.0,7863210000.0,repaired
ATL,2022,328206000.0,7b152ba5-1402-4d99-9ccb-d02c3893eef7,7535000000.0,328210000.0,7863210000.0,repaired
ATL,2022,328206000.0,41f6f31f-1c7d-4d44-b9c9-0f8b96d7f24f,7535000000.0,328210000.0,7863210000.0,repaired
ATL,2022,328206000.0,485e070c-e4f0-4d58-b133-e578434990f8,7535000000.0,328210000.0,7863210000.0,repaired
ATL,2022,328206000.0,948a355d-1586-40ff-9998-91d21fa3abb2,7535000000.0,328210000.0,7863210000.0,repaired
ATL,2022,328206000.0,7b152ba5-1402-4d99-9ccb-d02c3893eef7,7535000000.0,328210000.0,7863210000.0,repaired
ATL,2022,328206000.0,41f6f31f-1c7d-4d44-b9c9-0f8b96d7f24f,7535000000.0,328210000.0,7863210000.0,repaired
ATL,2022,328206000.0,485e070c-e4f0-4d58-b133-e578434990f8,7535000000.0,328210000.0,7863210000.0,repaired
ATL,2022,328206000.0,948a355d-1586-40ff-9998-91d21fa3abb2,7535000000.0,328210000.0,7863210000.0,repaired
ATL,2022,328206000.0,7b152ba5-1402-4d99-9ccb-d02c3893eef7,7535000000.0,328210000.0,7863210000.0,repaired
ATL,2022,328206000.0,41f6f31f-1c7d-4d44-b9c9-0f8b96d7f24f,7535000000.0,328210000.0,7863210000.0,repaired
ATL,2022,328206000.0,485e070c-e4f0-4d58-b133-e578434990f8,7535000000.0,328210000.0,7863210000.0,repaired
ATL,2022,328206000.0,948a355d-1586-40ff-9998-91d21fa3abb2,7535000000.0,328210000.0,7863210000.0,repaired
ATL,2022,328206000.0,7b152ba5-1402-4d99-9ccb-d02c3893eef7,7535000000.0,328210000.0,7863210000.0,repaired
ATL,2022,328206000.0,41f6f31f-1c7d-4d44-b9c9-0f8b96d7f24f,7535000000.0,328210000.0,7863210000.0,repaired
ATL,2022,328206000.0,485e070c-e4f0-4d58-b133-e578434990f8,7535000000.0,328210000.0,7863210000.0,repaired
ATL,2022,328206000.0,948a355d-1586-40ff-9998-91d21fa3abb2,7535000000.0,328210000.0,7863210000.0,repaired
ATL,2022,328206000.0,7b152ba5-1402-4d99-9ccb-d02c3893eef7,7535000000.0,328210000.0,7863210000.0,repaired
ATL,2022,328206000.0,41f6f31f-1c7d-4d44-b9c9-0f8b96d7f24f,7535000000.0,328210000.0,7863210000.0,repaired
ATL,2022,328206000.0,485e070c-e4f0-4d58-b133-e578434990f8,7535000000.0,328210000.0,7863210000.0,repaired
ATL,2022,328206000.0,948a355d-1586-40ff-9998-91d21fa3abb2,7535000000.0,328210000.0,7863210000.0,repaired
ATL,2022,328206000.0,7b152ba5-1402-4d99-9ccb-d02c3893eef7,7535000000.0,328210000.0,7863210000.0,repaired
ATL,2022,328206000.0,41f6f31f-1c7d-4d44-b9c9-0f8b96d7f24f,7535000000.0,328210000.0,7863210000.0,repaired
ATL,2022,328206000.0,485e070c-e4f0-4d58-b133-e578434990f8,7535000000.0,328210000.0,7863210000.0,repaired
ATL,2022,328206000.0,948a355d-1586-40ff-9998-91d21fa3abb2,7535000000.0,328210000.0,7863210000.0,repaired
ATL,2022,328206000.0,7b152ba5-1402-4d99-9ccb-d02c3893eef7,7535000000.0,328210000.0,7863210000.0,repaired
ATL,2022,328206000.0,41f6f31f-1c7d-4d44-b9c9-0f8b96d7f24f,7535000000.0,328210000.0,7863210000.0,repaired
ATL,2023,164252000.0,41f6f31f-1c7d-4d44-b9c9-0f8b96d7f24f,7656000000.0,164250000.0,7820250000.0,repaired
ATL,2023,164252000.0,41f6f31f-1c7d-4d44-b9c9-0f8b96d7f24f,7656000000.0,164250000.0,7820250000.0,repaired
ATL,2023,164252000.0,41f6f31f-1c7d-4d44-b9c9-0f8b96d7f24f,7656000000.0,164250000.0,7820250000.0,repaired
ATL,2023,164252000.0,41f6f31f-1c7d-4d44-b9c9-0f8b96d7f24f,7656000000.0,164250000.0,7820250000.0,repaired
ATL,2023,164252000.0,41f6f31f-1c7d-4d44-b9c9-0f8b96d7f24f,7656000000.0,164250000.0,7820250000.0,repaired
ATL,2023,164252000.0,41f6f31f-1c7d-4d44-b9c9-0f8b96d7f24f,7656000000.0,164250000.0,7820250000.0,repaired
ATL,2023,164252000.0,41f6f31f-1c7d-4d44-b9c9-0f8b96d7f24f,7656000000.0,164250000.0,7820250000.0,repaired
ATL,2023,164252000.0,41f6f31f-1c7d-4d44-b9c9-0f8b96d7f24f,7656000000.0,164250000.0,7820250000.0,repaired
ATL,2023,164252000.0,41f6f31f-1c7d-4d44-b9c9-0f8b96d7f24f,7656000000.0,164250000.0,7820250000.0,repaired
ATL,2023,164252000.0,41f6f31f-1c7d-4d44-b9c9-0f8b96d7f24f,7656000000.0,164250000.0,7820250000.0,repaired
ATL,2023,164252000.0,41f6f31f-1c7d-4d44-b9c9-0f8b96d7f24f,7656000000.0,164250000.0,7820250000.0,repaired
ATL,2023,164252000.0,41f6f31f-1c7d-4d44-b9c9-0f8b96d7f24f,7656000000.0,164250000.0,7820250000.0,repaired
ATW,2021,16692765000.0,fcefad0e-1676-4b4d-8a64-18a465f3e838,90649592512.65001,-37144000000.0,53505592512.65001,repaired
ATW,2021,16692765000.0,fc9a97b0-93ad-4126-9fbf-52b9e535c681,90649592512.65001,-37144000000.0,53505592512.65001,repaired
ATW,2021,16692765000.0,fcefad0e-1676-4b4d-8a64-18a465f3e838,90649592512.65001,-37144000000.0,53505592512.65001,repaired
ATW,2021,16692765000.0,fc9a97b0-93ad-4126-9fbf-52b9e535c681,90649592512.65001,-37144000000.0,53505592512.65001,repaired
ATW,2021,16692765000.0,fcefad0e-1676-4b4d-8a64-18a465f3e838,90649592512.65001,-37144000000.0,53505592512.65001,repaired
ATW,2021,16692765000.0,fc9a97b0-93ad-4126-9fbf-52b9e535c681,90649592512.65001,-37144000000.0,53505592512.65001,repaired
ATW,2021,16692765000.0,fcefad0e-1676-4b4d-8a64-18a465f3e838,90649592512.65001,-37144000000.0,53505592512.65001,repaired
ATW,2021,16692765000.0,fc9a97b0-93ad-4126-9fbf-52b9e535c681,90649592512.65001,-37144000000.0,53505592512.65001,repaired
ATW,2021,16692765000.0,fcefad0e-1676-4b4d-8a64-18a465f3e838,90649592512.65001,-37144000000.0,53505592512.65001,repaired
ATW,2021,16692765000.0,fc9a97b0-93ad-4126-9fbf-52b9e535c681,90649592512.65001,-37144000000.0,53505592512.65001,repaired
ATW,2021,16692765000.0,fcefad0e-1676-4b4d-8a64-18a465f3e838,90649592512.65001,-37144000000.0,53505592512.65001,repaired
ATW,2021,16692765000.0,fc9a97b0-93ad-4126-9fbf-52b9e535c681,90649592512.65001,-37144000000.0,53505592512.65001,repaired
ATW,2023,11216015000.0,fc9a97b0-93ad-4126-9fbf-52b9e535c681,85228043369.84999,-37968000000.0,47260043369.84999,repaired
ATW,2023,11216015000.0,fcefad0e-1676-4b4d-8a64-18a465f3e838,85228043369.84999,-37968000000.0,47260043369.84999,repaired
ATW,2023,11216015000.0,fc9a97b0-93ad-4126-9fbf-52b9e535c681,85228043369.84999,-37968000000.0,47260043369.84999,repaired
ATW,2023,11216015000.0,fcefad0e-1676-4b4d-8a64-18a465f3e838,85228043369.84999,-37968000000.0,47260043369.84999,repaired
ATW,2023,11216015000.0,fc9a97b0-93ad-4126-9fbf-52b9e535c681,85228043369.84999,-37968000000.0,47260043369.84999,repaired
ATW,2023,11216015000.0,fcefad0e-1676-4b4d-8a64-18a465f3e838,85228043369.84999,-37968000000.0,47260043369.84999,repaired
ATW,2023,11216015000.0,fc9a97b0-93ad-4126-9fbf-52b9e535c681,85228043369.84999,-37968000000.0,47260043369.84999,repaired
ATW,2023,11216015000.0,fcefad0e-1676-4b4d-8a64-18a465f3e838,85228043369.84999,-37968000000.0,47260043369.84999,repaired
ATW,2023,11216015000.0,fc9a97b0-93ad-4126-9fbf-52b9e535c681,85228043369.84999,-37968000000.0,47260043369.84999,repaired
ATW,2023,11216015000.0,fcefad0e-1676-4b4d-8a64-18a465f3e838,85228043369.84999,-37968000000.0,47260043369.84999,repaired
ATW,2023,11216015000.0,fc9a97b0-93ad-4126-9fbf-52b9e535c681,85228043369.84999,-37968000000.0,47260043369.84999,repaired
ATW,2023,11216015000.0,fcefad0e-1676-4b4d-8a64-18a465f3e838,85228043369.84999,-37968000000.0,47260043369.84999,repaired
BAL,2021,2466017.0,7b152ba5-1402-4d99-9ccb-d02c3893eef7,192000000.0,-44040000.0,147960000.0,repaired
BAL,2021,2466017.0,485e070c-e4f0-4d58-b133-e578434990f8,192000000.0,-44040000.0,147960000.0,repaired
BAL,2021,2466017.0,948a355d-1586-40ff-9998-91d21fa3abb2,192000000.0,-44040000.0,147960000.0,repaired
BAL,2021,2466017.0,41f6f31f-1c7d-4d44-b9c9-0f8b96d7f24f,192000000.0,-44040000.0,147960000.0,repaired
BAL,2021,2466017.0,7b152ba5-1402-4d99-9ccb-d02c3893eef7,192000000.0,-44040000.0,147960000.0,repaired
BAL,2021,2466017.0,485e070c-e4f0-4d58-b133-e578434990f8,192000000.0,-44040000.0,147960000.0,repaired
BAL,2021,2466017.0,948a355d-1586-40ff-9998-91d21fa3abb2,192000000.0,-44040000.0,147960000.0,repaired
BAL,2021,2466017.0,41f6f31f-1c7d-4d44-b9c9-0f8b96d7f24f,192000000.0,-44040000.0,147960000.0,repaired
BAL,2021,2466017.0,7b152ba5-1402-4d99-9ccb-d02c3893eef7,192000000.0,-44040000.0,147960000.0,repaired
BAL,2021,2466017.0,485e070c-e4f0-4d58-b133-e578434990f8,192000000.0,-44040000.0,147960000.0,repaired
BAL,2021,2466017.0,948a355d-1586-40ff-9998-91d21fa3abb2,192000000.0,-44040000.0,147960000.0,repaired
BAL,2021,2466017.0,41f6f31f-1c7d-4d44-b9c9-0f8b96d7f24f,192000000.0,-44040000.0,147960000.0,repaired
BAL,2021,2466017.0,7b152ba5-1402-4d99-9ccb-d02c3893eef7,192000000.0,-44040000.0,147960000.0,repaired
BAL,2021,2466017.0,485e070c-e4f0-4d58-b133-e578434990f8,192000000.0,-44040000.0,147960000.0,repaired
BAL,2021,2466017.0,948a355d-1586-40ff-9998-91d21fa3abb2,192000000.0,-44040000.0,147960000.0,repaired
BAL,2021,2466017.0,41f6f31f-1c7d-4d44-b9c9-0f8b96d7f24f,192000000.0,-44040000.0,147960000.0,repaired
BAL,2021,2466017.0,7b152ba5-1402-4d99-9ccb-d02c3893eef7,192000000.0,-44040000.0,147960000.0,repaired
BAL,2021,2466017.0,485e070c-e4f0-4d58-b133-e578434990f8,192000000.0,-44040000.0,147960000.0,repaired
BAL,2021,2466017.0,948a355d-1586-40ff-9998-91d21fa3abb2,192000000.0,-44040000.0,147960000.0,repaired
BAL,2021,2466017.0,41f6f31f-1c7d-4d44-b9c9-0f8b96d7f24f,192000000.0,-44040000.0,147960000.0,repaired
BAL,2021,2466017.0,7b152ba5-1402-4d99-9ccb-d02c3893eef7,192000000.0,-44040000.0,147960000.0,repaired
BAL,2021,2466017.0,485e070c-e4f0-4d58-b133-e578434990f8,192000000.0,-44040000.0,147960000.0,repaired
BAL,2021,2466017.0,948a355d-1586-40ff-9998-91d21fa3abb2,192000000.0,-44040000.0,147960000.0,repaired
BAL,2021,2466017.0,41f6f31f-1c7d-4d44-b9c9-0f8b96d7f24f,192000000.0,-44040000.0,147960000.0,repaired
BAL,2021,2466017.0,7b152ba5-1402-4d99-9ccb-d02c3893eef7,192000000.0,-44040000.0,147960000.0,repaired
BAL,2021,2466017.0,485e070c-e4f0-4d58-b133-e578434990f8,192000000.0,-44040000.0,147960000.0,repaired
BAL,2021,2466017.0,948a355d-1586-40ff-9998-91d21fa3abb2,192000000.0,-44040000.0,147960000.0,repaired
BAL,2021,2466017.0,41f6f31f-1c7d-4d44-b9c9-0f8b96d7f24f,192000000.0,-44040000.0,147960000.0,repaired
BAL,2021,2466017.0,7b152ba5-1402-4d99-9ccb-d02c3893eef7,192000000.0,-44040000.0,147960000.0,repaired
BAL,2021,2466017.0,485e070c-e4f0-4d58-b133-e578434990f8,192000000.0,-44040000.0,147960000.0,repaired
BAL,2021,2466017.0,948a355d-1586-40ff-9998-91d21fa3abb2,192000000.0,-44040000.0,147960000.0,repaired
BAL,2021,2466017.0,41f6f31f-1c7d-4d44-b9c9-0f8b96d7f24f,192000000.0,-44040000.0,147960000.0,repaired
BAL,2021,2466017.0,7b152ba5-1402-4d99-9ccb-d02c3893eef7,192000000.0,-44040000.0,147960000.0,repaired
BAL,2021,2466017.0,485e070c-e4f0-4d58-b133-e578434990f8,192000000.0,-44040000.0,147960000.0,repaired
BAL,2021,2466017.0,948a355d-1586-40ff-9998-91d21fa3abb2,192000000.0,-44040000.0,147960000.0,repaired
BAL,2021,2466017.0,41f6f31f-1c7d-4d44-b9c9-0f8b96d7f24f,192000000.0,-44040000.0,147960000.0,repaired
BAL,2022,5867180.0,948a355d-1586-40ff-9998-91d21fa3abb2,288000000.0,-58600000.0,229400000.0,repaired
BAL,2022,5867180.0,7b152ba5-1402-4d99-9ccb-d02c3893eef7,288000000.0,-58600000.0,229400000.0,repaired
BAL,2022,5867180.0,485e070c-e4f0-4d58-b133-e578434990f8,288000000.0,-58600000.0,229400000.0,repaired
BAL,2022,5867180.0,948a355d-1586-40ff-9998-91d21fa3abb2,288000000.0,-58600000.0,229400000.0,repaired
BAL,2022,5867180.0,7b152ba5-1402-4d99-9ccb-d02c3893eef7,288000000.0,-58600000.0,229400000.0,repaired
BAL,2022,5867180.0,485e070c-e4f0-4d58-b133-e578434990f8,288000000.0,-58600000.0,229400000.0,repaired
BAL,2022,5867180.0,948a355d-1586-40ff-9998-91d21fa3abb2,288000000.0,-58600000.0,229400000.0,repaired
BAL,2022,5867180.0,7b152ba5-1402-4d99-9ccb-d02c3893eef7,288000000.0,-58600000.0,229400000.0,repaired
BAL,2022,5867180.0,485e070c-e4f0-4d58-b133-e578434990f8,288000000.0,-58600000.0,229400000.0,repaired
BCI,2023,8888728000.0,41f6f31f-1c7d-4d44-b9c9-0f8b96d7f24f,7171000000.0,6107000000.0,13278000000.0,repaired
BCI,2023,8888728000.0,41f6f31f-1c7d-4d44-b9c9-0f8b96d7f24f,7171000000.0,6107000000.0,13278000000.0,repaired
BCI,2023,8888728000.0,41f6f31f-1c7d-4d44-b9c9-0f8b96d7f24f,7171000000.0,6107000000.0,13278000000.0,repaired
BCI,2023,8888728000.0,41f6f31f-1c7d-4d44-b9c9-0f8b96d7f24f,7171000000.0,6107000000.0,13278000000.0,repaired
BCI,2023,8888728000.0,41f6f31f-1c7d-4d44-b9c9-0f8b96d7f24f,7171000000.0,6107000000.0,13278000000.0,repaired
BCI,2023,8888728000.0,41f6f31f-1c7d-4d44-b9c9-0f8b96d7f24f,7171000000.0,6107000000.0,13278000000.0,repaired
BCI,2023,8888728000.0,41f6f31f-1c7d-4d44-b9c9-0f8b96d7f24f,7171000000.0,6107000000.0,13278000000.0,repaired
BCI,2023,8888728000.0,41f6f31f-1c7d-4d44-b9c9-0f8b96d7f24f,7171000000.0,6107000000.0,13278000000.0,repaired
BCI,2023,8888728000.0,41f6f31f-1c7d-4d44-b9c9-0f8b96d7f24f,7171000000.0,6107000000.0,13278000000.0,repaired
BCI,2023,8888728000.0,41f6f31f-1c7d-4d44-b9c9-0f8b96d7f24f,7171000000.0,6107000000.0,13278000000.0,repaired
BCI,2023,8888728000.0,41f6f31f-1c7d-4d44-b9c9-0f8b96d7f24f,7171000000.0,6107000000.0,13278000000.0,repaired
BCI,2023,8888728000.0,41f6f31f-1c7d-4d44-b9c9-0f8b96d7f24f,7171000000.0,6107000000.0,13278000000.0,repaired
BCI,2023,8888728000.0,41f6f31f-1c7d-4d44-b9c9-0f8b96d7f24f,7171000000.0,6107000000.0,13278000000.0,repaired
BCI,2023,8888728000.0,41f6f31f-1c7d-4d44-b9c9-0f8b96d7f24f,7171000000.0,6107000000.0,13278000000.0,repaired
BCI,2023,8888728000.0,41f6f31f-1c7d-4d44-b9c9-0f8b96d7f24f,7171000000.0,6107000000.0,13278000000.0,repaired
BCI,2023,8888728000.0,41f6f31f-1c7d-4d44-b9c9-0f8b96d7f24f,7171000000.0,6107000000.0,13278000000.0,repaired
BCP,2020,26160800000.0,d1d469fb-98fd-4653-bbe1-dc9fc88a94d0,43915494168.0,26160800000.0,70076294168.0,repaired
BCP,2021,24577714000.0,fcefad0e-1676-4b4d-8a64-18a465f3e838,51438055669.0,-54498000000.0,-3059944331.0,repaired
BCP,2021,24577714000.0,d1d469fb-98fd-4653-bbe1-dc9fc88a94d0,51438055669.0,-54498000000.0,-3059944331.0,repaired
BCP,2021,24577714000.0,fcefad0e-1676-4b4d-8a64-18a465f3e838,51438055669.0,-54498000000.0,-3059944331.0,repaired
BCP,2021,24577714000.0,d1d469fb-98fd-4653-bbe1-dc9fc88a94d0,51438055669.0,-54498000000.0,-3059944331.0,repaired
BCP,2021,24577714000.0,fcefad0e-1676-4b4d-8a64-18a465f3e838,51438055669.0,-54498000000.0,-3059944331.0,repaired
BCP,2021,24577714000.0,d1d469fb-98fd-4653-bbe1-dc9fc88a94d0,51438055669.0,-54498000000.0,-3059944331.0,repaired
BCP,2022,33708723000.0,fcefad0e-1676-4b4d-8a64-18a465f3e838,54284430291.0,-37573000000.0,16711430291.0,repaired
BCP,2022,33708723000.0,d1d469fb-98fd-4653-bbe1-dc9fc88a94d0,54284430291.0,-37573000000.0,16711430291.0,repaired
BCP,2022,33708723000.0,fcefad0e-1676-4b4d-8a64-18a465f3e838,54284430291.0,-37573000000.0,16711430291.0,repaired
BCP,2022,33708723000.0,d1d469fb-98fd-4653-bbe1-dc9fc88a94d0,54284430291.0,-37573000000.0,16711430291.0,repaired
BCP,2022,33708723000.0,fcefad0e-1676-4b4d-8a64-18a465f3e838,54284430291.0,-37573000000.0,16711430291.0,repaired
BCP,2022,33708723000.0,d1d469fb-98fd-4653-bbe1-dc9fc88a94d0,54284430291.0,-37573000000.0,16711430291.0,repaired
BCP,2022,33708723000.0,fcefad0e-1676-4b4d-8a64-18a465f3e838,54284430291.0,-37573000000.0,16711430291.0,repaired
BCP,2022,33708723000.0,d1d469fb-98fd-4653-bbe1-dc9fc88a94d0,54284430291.0,-37573000000.0,16711430291.0,repaired
BCP,2022,33708723000.0,fcefad0e-1676-4b4d-8a64-18a465f3e838,54284430291.0,-37573000000.0,16711430291.0,repaired
BCP,2022,33708723000.0,d1d469fb-98fd-4653-bbe1-dc9fc88a94d0,54284430291.0,-37573000000.0,16711430291.0,repaired
BCP,2022,33708723000.0,fcefad0e-1676-4b4d-8a64-18a465f3e838,54284430291.0,-37573000000.0,16711430291.0,repaired
BCP,2022,33708723000.0,d1d469fb-98fd-4653-bbe1-dc9fc88a94d0,54284430291.0,-37573000000.0,16711430291.0,repaired
BCP,2022,33708723000.0,fcefad0e-1676-4b4d-8a64-18a465f3e838,54284430291.0,-37573000000.0,16711430291.0,repaired
BCP,2022,33708723000.0,d1d469fb-98fd-4653-bbe1-dc9fc88a94d0,54284430291.0,-37573000000.0,16711430291.0,repaired
BCP,2022,33708723000.0,fcefad0e-1676-4b4d-8a64-18a465f3e838,54284430291.0,-37573000000.0,16711430291.0,repaired
BCP,2022,33708723000.0,d1d469fb-98fd-4653-bbe1-dc9fc88a94d0,54284430291.0,-37573000000.0,16711430291.0,repaired
BCP,2022,33708723000.0,fcefad0e-1676-4b4d-8a64-18a465f3e838,54284430291.0,-37573000000.0,16711430291.0,repaired
BCP,2022,33708723000.0,d1d469fb-98fd-4653-bbe1-dc9fc88a94d0,54284430291.0,-37573000000.0,16711430291.0,repaired
BCP,2023,49445946000.0,d1d469fb-98fd-4653-bbe1-dc9fc88a94d0,46151931371.0,-27258000000.0,18893931371.0,repaired
BCP,2023,49445946000.0,fcefad0e-1676-4b4d-8a64-18a465f3e838,46151931371.0,-27258000000.0,18893931371.0,repaired
BCP,2023,49445946000.0,d1d469fb-98fd-4653-bbe1-dc9fc88a94d0,46151931371.0,-27258000000.0,18893931371.0,repaired
BCP,2023,49445946000.0,fcefad0e-1676-4b4d-8a64-18a465f3e838,46151931371.0,-27258000000.0,18893931371.0,repaired
BCP,2023,49445946000.0,d1d469fb-98fd-4653-bbe1-dc9fc88a94d0,46151931371.0,-27258000000.0,18893931371.0,repaired
BCP,2023,49445946000.0,fcefad0e-1676-4b4d-8a64-18a465f3e838,46151931371.0,-27258000000.0,18893931371.0,repaired
BCP,2023,49445946000.0,d1d469fb-98fd-4653-bbe1-dc9fc88a94d0,46151931371.0,-27258000000.0,18893931371.0,repaired
BCP,2023,49445946000.0,fcefad0e-1676-4b4d-8a64-18a465f3e838,46151931371.0,-27258000000.0,18893931371.0,repaired
BCP,2023,49445946000.0,d1d469fb-98fd-4653-bbe1-dc9fc88a94d0,46151931371.0,-27258000000.0,18893931371.0,repaired
BCP,2023,49445946000.0,fcefad0e-1676-4b4d-8a64-18a465f3e838,46151931371.0,-27258000000.0,18893931371.0,repaired
BCP,2023,49445946000.0,d1d469fb-98fd-4653-bbe1-dc9fc88a94d0,46151931371.0,-27258000000.0,18893931371.0,repaired
BCP,2023,49445946000.0,fcefad0e-1676-4b4d-8a64-18a465f3e838,46151931371.0,-27258000000.0,18893931371.0,repaired
BCP,2023,49445946000.0,d1d469fb-98fd-4653-bbe1-dc9fc88a94d0,46151931371.0,-27258000000.0,18893931371.0,repaired
BCP,2023,49445946000.0,fcefad0e-1676-4b4d-8a64-18a465f3e838,46151931371.0,-27258000000.0,18893931371.0,repaired
BCP,2023,49445946000.0,d1d469fb-98fd-4653-bbe1-dc9fc88a94d0,46151931371.0,-27258000000.0,18893931371.0,repaired
BCP,2023,49445946000.0,fcefad0e-1676-4b4d-8a64-18a465f3e838,46151931371.0,-27258000000.0,18893931371.0,repaired
BCP,2023,49445946000.0,d1d469fb-98fd-4653-bbe1-dc9fc88a94d0,46151931371.0,-27258000000.0,18893931371.0,repaired
BCP,2023,49445946000.0,fcefad0e-1676-4b4d-8a64-18a465f3e838,46151931371.0,-27258000000.0,18893931371.0,repaired
BOA,2021,-9139841000.0,fcefad0e-1676-4b4d-8a64-18a465f3e838,38654000000.0,14061000000.0,52715000000.0,repaired
BOA,2021,-9139841000.0,7b152ba5-1402-4d99-9ccb-d02c3893eef7,38654000000.0,14061000000.0,52715000000.0,repaired
BOA,2021,-9139841000.0,948a355d-1586-40ff-9998-91d21fa3abb2,38654000000.0,14061000000.0,52715000000.0,repaired
BOA,2021,-9139841000.0,485e070c-e4f0-4d58-b133-e578434990f8,38654000000.0,14061000000.0,52715000000.0,repaired
BOA,2021,-9139841000.0,bbd1e7e0-c821-4ec2-b711-73b8adb4be11,38654000000.0,14061000000.0,52715000000.0,repaired
BOA,2022,-6325188000.0,7b152ba5-1402-4d99-9ccb-d02c3893eef7,35908000000.0,12939000000.0,48847000000.0,repaired
BOA,2022,-6325188000.0,485e070c-e4f0-4d58-b133-e578434990f8,35908000000.0,12939000000.0,48847000000.0,repaired
BOA,2022,-6325188000.0,948a355d-1586-40ff-9998-91d21fa3abb2,35908000000.0,12939000000.0,48847000000.0,repaired
CAP,2021,83350000.0,2b00e6a5-9e40-4d34-a47b-ba7da23d0a99,,83250000.0,,unresolved_no_marketcap
CAP,2021,83350000.0,2b00e6a5-9e40-4d34-a47b-ba7da23d0a99,,83250000.0,,unresolved_no_marketcap
CAP,2021,83350000.0,2b00e6a5-9e40-4d34-a47b-ba7da23d0a99,,83250000.0,,unresolved_no_marketcap
CAP,2021,83350000.0,2b00e6a5-9e40-4d34-a47b-ba7da23d0a99,,83250000.0,,unresolved_no_marketcap
CAP,2022,198740000.0,2b00e6a5-9e40-4d34-a47b-ba7da23d0a99,,197390000.0,,unresolved_no_marketcap
CAP,2022,198740000.0,2b00e6a5-9e40-4d34-a47b-ba7da23d0a99,,197390000.0,,unresolved_no_marketcap
CAP,2022,198740000.0,2b00e6a5-9e40-4d34-a47b-ba7da23d0a99,,197390000.0,,unresolved_no_marketcap
CAP,2022,198740000.0,2b00e6a5-9e40-4d34-a47b-ba7da23d0a99,,197390000.0,,unresolved_no_marketcap
CAP,2023,274830000.0,2b00e6a5-9e40-4d34-a47b-ba7da23d0a99,,268620000.0,,unresolved_no_marketcap
CAP,2023,274830000.0,2b00e6a5-9e40-4d34-a47b-ba7da23d0a99,,268620000.0,,unresolved_no_marketcap
CAP,2023,274830000.0,2b00e6a5-9e40-4d34-a47b-ba7da23d0a99,,268620000.0,,unresolved_no_marketcap
CAP,2023,274830000.0,2b00e6a5-9e40-4d34-a47b-ba7da23d0a99,,268620000.0,,unresolved_no_marketcap
CFG,2022,5072614000.0,41f6f31f-1c7d-4d44-b9c9-0f8b96d7f24f,,1862000000.0,,unresolved_no_marketcap
CFG,2022,5072614000.0,41f6f31f-1c7d-4d44-b9c9-0f8b96d7f24f,,1862000000.0,,unresolved_no_marketcap
CFG,2023,10134673000.0,41f6f31f-1c7d-4d44-b9c9-0f8b96d7f24f,5727000000.0,6223000000.0,11950000000.0,repaired
CFG,2023,10134673000.0,41f6f31f-1c7d-4d44-b9c9-0f8b96d7f24f,5727000000.0,6223000000.0,11950000000.0,repaired
CMA,2021,-93157000.0,41f6f31f-1c7d-4d44-b9c9-0f8b96d7f24f,27428000000.0,-1507000000.0,25921000000.0,repaired
CMA,2021,-93157000.0,41f6f31f-1c7d-4d44-b9c9-0f8b96d7f24f,27428000000.0,-1507000000.0,25921000000.0,repaired
CMA,2021,-93157000.0,41f6f31f-1c7d-4d44-b9c9-0f8b96d7f24f,27428000000.0,-1507000000.0,25921000000.0,repaired
CMA,2021,-93157000.0,41f6f31f-1c7d-4d44-b9c9-0f8b96d7f24f,27428000000.0,-1507000000.0,25921000000.0,repaired
CMA,2021,-93157000.0,41f6f31f-1c7d-4d44-b9c9-0f8b96d7f24f,27428000000.0,-1507000000.0,25921000000.0,repaired
CMA,2021,-93157000.0,41f6f31f-1c7d-4d44-b9c9-0f8b96d7f24f,27428000000.0,-1507000000.0,25921000000.0,repaired
CMA,2021,-93157000.0,41f6f31f-1c7d-4d44-b9c9-0f8b96d7f24f,27428000000.0,-1507000000.0,25921000000.0,repaired
CMA,2021,-93157000.0,41f6f31f-1c7d-4d44-b9c9-0f8b96d7f24f,27428000000.0,-1507000000.0,25921000000.0,repaired
CMA,2021,-93157000.0,41f6f31f-1c7d-4d44-b9c9-0f8b96d7f24f,27428000000.0,-1507000000.0,25921000000.0,repaired
CMA,2022,44306000.0,41f6f31f-1c7d-4d44-b9c9-0f8b96d7f24f,18478000000.0,-263690000.0,18214310000.0,repaired
CMA,2022,44306000.0,41f6f31f-1c7d-4d44-b9c9-0f8b96d7f24f,18478000000.0,-263690000.0,18214310000.0,repaired
CMA,2022,44306000.0,41f6f31f-1c7d-4d44-b9c9-0f8b96d7f24f,18478000000.0,-263690000.0,18214310000.0,repaired
CMA,2022,44306000.0,41f6f31f-1c7d-4d44-b9c9-0f8b96d7f24f,18478000000.0,-263690000.0,18214310000.0,repaired
CMA,2022,44306000.0,41f6f31f-1c7d-4d44-b9c9-0f8b96d7f24f,18478000000.0,-263690000.0,18214310000.0,repaired
CMA,2022,44306000.0,41f6f31f-1c7d-4d44-b9c9-0f8b96d7f24f,18478000000.0,-263690000.0,18214310000.0,repaired
CMA,2022,44306000.0,41f6f31f-1c7d-4d44-b9c9-0f8b96d7f24f,18478000000.0,-263690000.0,18214310000.0,repaired
CMA,2022,44306000.0,41f6f31f-1c7d-4d44-b9c9-0f8b96d7f24f,18478000000.0,-263690000.0,18214310000.0,repaired
CMA,2022,44306000.0,41f6f31f-1c7d-4d44-b9c9-0f8b96d7f24f,18478000000.0,-263690000.0,18214310000.0,repaired
CMA,2023,74759000.0,41f6f31f-1c7d-4d44-b9c9-0f8b96d7f24f,24252000000.0,-587630000.0,23664370000.0,repaired
CMA,2023,74759000.0,41f6f31f-1c7d-4d44-b9c9-0f8b96d7f24f,24252000000.0,-587630000.0,23664370000.0,repaired
CMA,2023,74759000.0,41f6f31f-1c7d-4d44-b9c9-0f8b96d7f24f,24252000000.0,-587630000.0,23664370000.0,repaired
CMA,2023,74759000.0,41f6f31f-1c7d-4d44-b9c9-0f8b96d7f24f,24252000000.0,-587630000.0,23664370000.0,repaired
CMA,2023,74759000.0,41f6f31f-1c7d-4d44-b9c9-0f8b96d7f24f,24252000000.0,-587630000.0,23664370000.0,repaired
CMA,2023,74759000.0,41f6f31f-1c7d-4d44-b9c9-0f8b96d7f24f,24252000000.0,-587630000.0,23664370000.0,repaired
CMA,2024,92920000.0,41f6f31f-1c7d-4d44-b9c9-0f8b96d7f24f,27140000000.0,-673160000.0,26466840000.0,repaired
CMA,2024,92920000.0,41f6f31f-1c7d-4d44-b9c9-0f8b96d7f24f,27140000000.0,-673160000.0,26466840000.0,repaired
CMA,2024,92920000.0,41f6f31f-1c7d-4d44-b9c9-0f8b96d7f24f,27140000000.0,-673160000.0,26466840000.0,repaired
CMA,2024,92920000.0,41f6f31f-1c7d-4d44-b9c9-0f8b96d7f24f,27140000000.0,-673160000.0,26466840000.0,repaired
CMA,2024,92920000.0,41f6f31f-1c7d-4d44-b9c9-0f8b96d7f24f,27140000000.0,-673160000.0,26466840000.0,repaired
CMA,2024,92920000.0,41f6f31f-1c7d-4d44-b9c9-0f8b96d7f24f,27140000000.0,-673160000.0,26466840000.0,repaired
CMG,2021,409660000.0,9626d468-0e7c-4aa1-8d53-07745956dafc,,336420000.0,,unresolved_no_marketcap
CMG,2021,409660000.0,9626d468-0e7c-4aa1-8d53-07745956dafc,,336420000.0,,unresolved_no_marketcap
CMG,2021,409660000.0,9626d468-0e7c-4aa1-8d53-07745956dafc,,336420000.0,,unresolved_no_marketcap
CMG,2021,409660000.0,9626d468-0e7c-4aa1-8d53-07745956dafc,,336420000.0,,unresolved_no_marketcap
CMG,2022,692240000.0,9626d468-0e7c-4aa1-8d53-07745956dafc,,683710000.0,,unresolved_no_marketcap
CMG,2022,692240000.0,9626d468-0e7c-4aa1-8d53-07745956dafc,,683710000.0,,unresolved_no_marketcap
CMG,2022,692240000.0,9626d468-0e7c-4aa1-8d53-07745956dafc,,683710000.0,,unresolved_no_marketcap
CMG,2022,692240000.0,9626d468-0e7c-4aa1-8d53-07745956dafc,,683710000.0,,unresolved_no_marketcap
CMG,2023,601221242.0,41f6f31f-1c7d-4d44-b9c9-0f8b96d7f24f,,567780000.0,,unresolved_no_marketcap
CMG,2023,601221242.0,41f6f31f-1c7d-4d44-b9c9-0f8b96d7f24f,,567780000.0,,unresolved_no_marketcap
CMG,2024,154210633.0,41f6f31f-1c7d-4d44-b9c9-0f8b96d7f24f,4930000000.0,150250000.0,5080250000.0,repaired
CMG,2024,154210633.0,41f6f31f-1c7d-4d44-b9c9-0f8b96d7f24f,4930000000.0,150250000.0,5080250000.0,repaired
CMG,2025,54087304.0,41f6f31f-1c7d-4d44-b9c9-0f8b96d7f24f,6120000000.0,48110000.0,6168110000.0,repaired
CMG,2025,54087304.0,41f6f31f-1c7d-4d44-b9c9-0f8b96d7f24f,6120000000.0,48110000.0,6168110000.0,repaired
CMG,2025,54087304.0,41f6f31f-1c7d-4d44-b9c9-0f8b96d7f24f,6120000000.0,48110000.0,6168110000.0,repaired
CMG,2025,54087304.0,41f6f31f-1c7d-4d44-b9c9-0f8b96d7f24f,6120000000.0,48110000.0,6168110000.0,repaired
CMT,2021,378103867.0,485e070c-e4f0-4d58-b133-e578434990f8,2959000000.0,169440000.0,3128440000.0,repaired
CMT,2021,378103867.0,7b152ba5-1402-4d99-9ccb-d02c3893eef7,2959000000.0,169440000.0,3128440000.0,repaired
CMT,2021,378103867.0,948a355d-1586-40ff-9998-91d21fa3abb2,2959000000.0,169440000.0,3128440000.0,repaired
CMT,2021,378103867.0,41f6f31f-1c7d-4d44-b9c9-0f8b96d7f24f,2959000000.0,169440000.0,3128440000.0,repaired
CMT,2021,378103867.0,485e070c-e4f0-4d58-b133-e578434990f8,2959000000.0,169440000.0,3128440000.0,repaired
CMT,2021,378103867.0,7b152ba5-1402-4d99-9ccb-d02c3893eef7,2959000000.0,169440000.0,3128440000.0,repaired
CMT,2021,378103867.0,948a355d-1586-40ff-9998-91d21fa3abb2,2959000000.0,169440000.0,3128440000.0,repaired
CMT,2021,378103867.0,41f6f31f-1c7d-4d44-b9c9-0f8b96d7f24f,2959000000.0,169440000.0,3128440000.0,repaired
CMT,2021,378103867.0,485e070c-e4f0-4d58-b133-e578434990f8,2959000000.0,169440000.0,3128440000.0,repaired
CMT,2021,378103867.0,7b152ba5-1402-4d99-9ccb-d02c3893eef7,2959000000.0,169440000.0,3128440000.0,repaired
CMT,2021,378103867.0,948a355d-1586-40ff-9998-91d21fa3abb2,2959000000.0,169440000.0,3128440000.0,repaired
CMT,2021,378103867.0,41f6f31f-1c7d-4d44-b9c9-0f8b96d7f24f,2959000000.0,169440000.0,3128440000.0,repaired
CMT,2021,378103867.0,485e070c-e4f0-4d58-b133-e578434990f8,2959000000.0,169440000.0,3128440000.0,repaired
CMT,2021,378103867.0,7b152ba5-1402-4d99-9ccb-d02c3893eef7,2959000000.0,169440000.0,3128440000.0,repaired
CMT,2021,378103867.0,948a355d-1586-40ff-9998-91d21fa3abb2,2959000000.0,169440000.0,3128440000.0,repaired
CMT,2021,378103867.0,41f6f31f-1c7d-4d44-b9c9-0f8b96d7f24f,2959000000.0,169440000.0,3128440000.0,repaired
CMT,2021,378103867.0,485e070c-e4f0-4d58-b133-e578434990f8,2959000000.0,169440000.0,3128440000.0,repaired
CMT,2021,378103867.0,7b152ba5-1402-4d99-9ccb-d02c3893eef7,2959000000.0,169440000.0,3128440000.0,repaired
CMT,2021,378103867.0,948a355d-1586-40ff-9998-91d21fa3abb2,2959000000.0,169440000.0,3128440000.0,repaired
CMT,2021,378103867.0,41f6f31f-1c7d-4d44-b9c9-0f8b96d7f24f,2959000000.0,169440000.0,3128440000.0,repaired
CMT,2021,378103867.0,485e070c-e4f0-4d58-b133-e578434990f8,2959000000.0,169440000.0,3128440000.0,repaired
CMT,2021,378103867.0,7b152ba5-1402-4d99-9ccb-d02c3893eef7,2959000000.0,169440000.0,3128440000.0,repaired
CMT,2021,378103867.0,948a355d-1586-40ff-9998-91d21fa3abb2,2959000000.0,169440000.0,3128440000.0,repaired
CMT,2021,378103867.0,41f6f31f-1c7d-4d44-b9c9-0f8b96d7f24f,2959000000.0,169440000.0,3128440000.0,repaired
CMT,2021,378103867.0,485e070c-e4f0-4d58-b133-e578434990f8,2959000000.0,169440000.0,3128440000.0,repaired
CMT,2021,378103867.0,7b152ba5-1402-4d99-9ccb-d02c3893eef7,2959000000.0,169440000.0,3128440000.0,repaired
CMT,2021,378103867.0,948a355d-1586-40ff-9998-91d21fa3abb2,2959000000.0,169440000.0,3128440000.0,repaired
CMT,2021,378103867.0,41f6f31f-1c7d-4d44-b9c9-0f8b96d7f24f,2959000000.0,169440000.0,3128440000.0,repaired
CMT,2021,378103867.0,485e070c-e4f0-4d58-b133-e578434990f8,2959000000.0,169440000.0,3128440000.0,repaired
CMT,2021,378103867.0,7b152ba5-1402-4d99-9ccb-d02c3893eef7,2959000000.0,169440000.0,3128440000.0,repaired
CMT,2021,378103867.0,948a355d-1586-40ff-9998-91d21fa3abb2,2959000000.0,169440000.0,3128440000.0,repaired
CMT,2021,378103867.0,41f6f31f-1c7d-4d44-b9c9-0f8b96d7f24f,2959000000.0,169440000.0,3128440000.0,repaired
CMT,2021,378103867.0,485e070c-e4f0-4d58-b133-e578434990f8,2959000000.0,169440000.0,3128440000.0,repaired
CMT,2021,378103867.0,7b152ba5-1402-4d99-9ccb-d02c3893eef7,2959000000.0,169440000.0,3128440000.0,repaired
CMT,2021,378103867.0,948a355d-1586-40ff-9998-91d21fa3abb2,2959000000.0,169440000.0,3128440000.0,repaired
CMT,2021,378103867.0,41f6f31f-1c7d-4d44-b9c9-0f8b96d7f24f,2959000000.0,169440000.0,3128440000.0,repaired
CMT,2022,299423022.0,948a355d-1586-40ff-9998-91d21fa3abb2,2824000000.0,298000000.0,3122000000.0,repaired
CMT,2022,299423022.0,485e070c-e4f0-4d58-b133-e578434990f8,2824000000.0,298000000.0,3122000000.0,repaired
CMT,2022,299423022.0,7b152ba5-1402-4d99-9ccb-d02c3893eef7,2824000000.0,298000000.0,3122000000.0,repaired
CMT,2022,299423022.0,948a355d-1586-40ff-9998-91d21fa3abb2,2824000000.0,298000000.0,3122000000.0,repaired
CMT,2022,299423022.0,485e070c-e4f0-4d58-b133-e578434990f8,2824000000.0,298000000.0,3122000000.0,repaired
CMT,2022,299423022.0,7b152ba5-1402-4d99-9ccb-d02c3893eef7,2824000000.0,298000000.0,3122000000.0,repaired
CMT,2022,299423022.0,948a355d-1586-40ff-9998-91d21fa3abb2,2824000000.0,298000000.0,3122000000.0,repaired
CMT,2022,299423022.0,485e070c-e4f0-4d58-b133-e578434990f8,2824000000.0,298000000.0,3122000000.0,repaired
CMT,2022,299423022.0,7b152ba5-1402-4d99-9ccb-d02c3893eef7,2824000000.0,298000000.0,3122000000.0,repaired
CMT,2022,299423022.0,948a355d-1586-40ff-9998-91d21fa3abb2,2824000000.0,298000000.0,3122000000.0,repaired
CMT,2022,299423022.0,485e070c-e4f0-4d58-b133-e578434990f8,2824000000.0,298000000.0,3122000000.0,repaired
CMT,2022,299423022.0,7b152ba5-1402-4d99-9ccb-d02c3893eef7,2824000000.0,298000000.0,3122000000.0,repaired
CMT,2022,299423022.0,948a355d-1586-40ff-9998-91d21fa3abb2,2824000000.0,298000000.0,3122000000.0,repaired
CMT,2022,299423022.0,485e070c-e4f0-4d58-b133-e578434990f8,2824000000.0,298000000.0,3122000000.0,repaired
CMT,2022,299423022.0,7b152ba5-1402-4d99-9ccb-d02c3893eef7,2824000000.0,298000000.0,3122000000.0,repaired
CMT,2022,299423022.0,948a355d-1586-40ff-9998-91d21fa3abb2,2824000000.0,298000000.0,3122000000.0,repaired
CMT,2022,299423022.0,485e070c-e4f0-4d58-b133-e578434990f8,2824000000.0,298000000.0,3122000000.0,repaired
CMT,2022,299423022.0,7b152ba5-1402-4d99-9ccb-d02c3893eef7,2824000000.0,298000000.0,3122000000.0,repaired
CMT,2022,299423022.0,948a355d-1586-40ff-9998-91d21fa3abb2,2824000000.0,298000000.0,3122000000.0,repaired
CMT,2022,299423022.0,485e070c-e4f0-4d58-b133-e578434990f8,2824000000.0,298000000.0,3122000000.0,repaired
CMT,2022,299423022.0,7b152ba5-1402-4d99-9ccb-d02c3893eef7,2824000000.0,298000000.0,3122000000.0,repaired
CMT,2022,299423022.0,948a355d-1586-40ff-9998-91d21fa3abb2,2824000000.0,298000000.0,3122000000.0,repaired
CMT,2022,299423022.0,485e070c-e4f0-4d58-b133-e578434990f8,2824000000.0,298000000.0,3122000000.0,repaired
CMT,2022,299423022.0,7b152ba5-1402-4d99-9ccb-d02c3893eef7,2824000000.0,298000000.0,3122000000.0,repaired
CMT,2022,299423022.0,948a355d-1586-40ff-9998-91d21fa3abb2,2824000000.0,298000000.0,3122000000.0,repaired
CMT,2022,299423022.0,485e070c-e4f0-4d58-b133-e578434990f8,2824000000.0,298000000.0,3122000000.0,repaired
CMT,2022,299423022.0,7b152ba5-1402-4d99-9ccb-d02c3893eef7,2824000000.0,298000000.0,3122000000.0,repaired
COL,2022,17429616.18,41f6f31f-1c7d-4d44-b9c9-0f8b96d7f24f,733000000.0,17430000.0,750430000.0,repaired
COL,2022,17429616.18,41f6f31f-1c7d-4d44-b9c9-0f8b96d7f24f,733000000.0,17430000.0,750430000.0,repaired
COL,2022,17429616.18,41f6f31f-1c7d-4d44-b9c9-0f8b96d7f24f,733000000.0,17430000.0,750430000.0,repaired
COL,2022,17429616.18,41f6f31f-1c7d-4d44-b9c9-0f8b96d7f24f,733000000.0,17430000.0,750430000.0,repaired
COL,2022,17429616.18,41f6f31f-1c7d-4d44-b9c9-0f8b96d7f24f,733000000.0,17430000.0,750430000.0,repaired
COL,2022,17429616.18,41f6f31f-1c7d-4d44-b9c9-0f8b96d7f24f,733000000.0,17430000.0,750430000.0,repaired
COL,2023,4739373.03,485e070c-e4f0-4d58-b133-e578434990f8,749000000.0,-41560000.0,707440000.0,repaired
COL,2023,4739373.03,7b152ba5-1402-4d99-9ccb-d02c3893eef7,749000000.0,-41560000.0,707440000.0,repaired
COL,2023,4739373.03,948a355d-1586-40ff-9998-91d21fa3abb2,749000000.0,-41560000.0,707440000.0,repaired
COL,2023,4739373.24,41f6f31f-1c7d-4d44-b9c9-0f8b96d7f24f,749000000.0,-41560000.0,707440000.0,repaired
COL,2023,4739373.03,485e070c-e4f0-4d58-b133-e578434990f8,749000000.0,-41560000.0,707440000.0,repaired
COL,2023,4739373.03,7b152ba5-1402-4d99-9ccb-d02c3893eef7,749000000.0,-41560000.0,707440000.0,repaired
COL,2023,4739373.03,948a355d-1586-40ff-9998-91d21fa3abb2,749000000.0,-41560000.0,707440000.0,repaired
COL,2023,4739373.24,41f6f31f-1c7d-4d44-b9c9-0f8b96d7f24f,749000000.0,-41560000.0,707440000.0,repaired
COL,2023,4739373.03,485e070c-e4f0-4d58-b133-e578434990f8,749000000.0,-41560000.0,707440000.0,repaired
COL,2023,4739373.03,7b152ba5-1402-4d99-9ccb-d02c3893eef7,749000000.0,-41560000.0,707440000.0,repaired
COL,2023,4739373.03,948a355d-1586-40ff-9998-91d21fa3abb2,749000000.0,-41560000.0,707440000.0,repaired
COL,2023,4739373.24,41f6f31f-1c7d-4d44-b9c9-0f8b96d7f24f,749000000.0,-41560000.0,707440000.0,repaired
COL,2023,4739373.03,485e070c-e4f0-4d58-b133-e578434990f8,749000000.0,-41560000.0,707440000.0,repaired
COL,2023,4739373.03,7b152ba5-1402-4d99-9ccb-d02c3893eef7,749000000.0,-41560000.0,707440000.0,repaired
COL,2023,4739373.03,948a355d-1586-40ff-9998-91d21fa3abb2,749000000.0,-41560000.0,707440000.0,repaired
COL,2023,4739373.24,41f6f31f-1c7d-4d44-b9c9-0f8b96d7f24f,749000000.0,-41560000.0,707440000.0,repaired
COL,2023,4739373.03,485e070c-e4f0-4d58-b133-e578434990f8,749000000.0,-41560000.0,707440000.0,repaired
COL,2023,4739373.03,7b152ba5-1402-4d99-9ccb-d02c3893eef7,749000000.0,-41560000.0,707440000.0,repaired
COL,2023,4739373.03,948a355d-1586-40ff-9998-91d21fa3abb2,749000000.0,-41560000.0,707440000.0,repaired
COL,2023,4739373.24,41f6f31f-1c7d-4d44-b9c9-0f8b96d7f24f,749000000.0,-41560000.0,707440000.0,repaired
COL,2023,4739373.03,485e070c-e4f0-4d58-b133-e578434990f8,749000000.0,-41560000.0,707440000.0,repaired
COL,2023,4739373.03,7b152ba5-1402-4d99-9ccb-d02c3893eef7,749000000.0,-41560000.0,707440000.0,repaired
COL,2023,4739373.03,948a355d-1586-40ff-9998-91d21fa3abb2,749000000.0,-41560000.0,707440000.0,repaired
COL,2023,4739373.24,41f6f31f-1c7d-4d44-b9c9-0f8b96d7f24f,749000000.0,-41560000.0,707440000.0,repaired
CTM,2021,134750000.0,41f6f31f-1c7d-4d44-b9c9-0f8b96d7f24f,907000000.0,56820000.0,963820000.0,repaired
CTM,2021,134750000.0,485e070c-e4f0-4d58-b133-e578434990f8,907000000.0,56820000.0,963820000.0,repaired
CTM,2021,134750000.0,7b152ba5-1402-4d99-9ccb-d02c3893eef7,907000000.0,56820000.0,963820000.0,repaired
CTM,2021,134750000.0,948a355d-1586-40ff-9998-91d21fa3abb2,907000000.0,56820000.0,963820000.0,repaired
CTM,2021,134750000.0,41f6f31f-1c7d-4d44-b9c9-0f8b96d7f24f,907000000.0,56820000.0,963820000.0,repaired
CTM,2021,134750000.0,485e070c-e4f0-4d58-b133-e578434990f8,907000000.0,56820000.0,963820000.0,repaired
CTM,2021,134750000.0,7b152ba5-1402-4d99-9ccb-d02c3893eef7,907000000.0,56820000.0,963820000.0,repaired
CTM,2021,134750000.0,948a355d-1586-40ff-9998-91d21fa3abb2,907000000.0,56820000.0,963820000.0,repaired
CTM,2021,134750000.0,41f6f31f-1c7d-4d44-b9c9-0f8b96d7f24f,907000000.0,56820000.0,963820000.0,repaired
CTM,2021,134750000.0,485e070c-e4f0-4d58-b133-e578434990f8,907000000.0,56820000.0,963820000.0,repaired
CTM,2021,134750000.0,7b152ba5-1402-4d99-9ccb-d02c3893eef7,907000000.0,56820000.0,963820000.0,repaired
CTM,2021,134750000.0,948a355d-1586-40ff-9998-91d21fa3abb2,907000000.0,56820000.0,963820000.0,repaired
CTM,2021,134750000.0,41f6f31f-1c7d-4d44-b9c9-0f8b96d7f24f,907000000.0,56820000.0,963820000.0,repaired
CTM,2021,134750000.0,485e070c-e4f0-4d58-b133-e578434990f8,907000000.0,56820000.0,963820000.0,repaired
CTM,2021,134750000.0,7b152ba5-1402-4d99-9ccb-d02c3893eef7,907000000.0,56820000.0,963820000.0,repaired
CTM,2021,134750000.0,948a355d-1586-40ff-9998-91d21fa3abb2,907000000.0,56820000.0,963820000.0,repaired
CTM,2021,134750000.0,41f6f31f-1c7d-4d44-b9c9-0f8b96d7f24f,907000000.0,56820000.0,963820000.0,repaired
CTM,2021,134750000.0,485e070c-e4f0-4d58-b133-e578434990f8,907000000.0,56820000.0,963820000.0,repaired
CTM,2021,134750000.0,7b152ba5-1402-4d99-9ccb-d02c3893eef7,907000000.0,56820000.0,963820000.0,repaired
CTM,2021,134750000.0,948a355d-1586-40ff-9998-91d21fa3abb2,907000000.0,56820000.0,963820000.0,repaired
CTM,2021,134750000.0,41f6f31f-1c7d-4d44-b9c9-0f8b96d7f24f,907000000.0,56820000.0,963820000.0,repaired
CTM,2021,134750000.0,485e070c-e4f0-4d58-b133-e578434990f8,907000000.0,56820000.0,963820000.0,repaired
CTM,2021,134750000.0,7b152ba5-1402-4d99-9ccb-d02c3893eef7,907000000.0,56820000.0,963820000.0,repaired
CTM,2021,134750000.0,948a355d-1586-40ff-9998-91d21fa3abb2,907000000.0,56820000.0,963820000.0,repaired
CTM,2021,134750000.0,41f6f31f-1c7d-4d44-b9c9-0f8b96d7f24f,907000000.0,56820000.0,963820000.0,repaired
CTM,2021,134750000.0,485e070c-e4f0-4d58-b133-e578434990f8,907000000.0,56820000.0,963820000.0,repaired
CTM,2021,134750000.0,7b152ba5-1402-4d99-9ccb-d02c3893eef7,907000000.0,56820000.0,963820000.0,repaired
CTM,2021,134750000.0,948a355d-1586-40ff-9998-91d21fa3abb2,907000000.0,56820000.0,963820000.0,repaired
CTM,2021,134750000.0,41f6f31f-1c7d-4d44-b9c9-0f8b96d7f24f,907000000.0,56820000.0,963820000.0,repaired
CTM,2021,134750000.0,485e070c-e4f0-4d58-b133-e578434990f8,907000000.0,56820000.0,963820000.0,repaired
CTM,2021,134750000.0,7b152ba5-1402-4d99-9ccb-d02c3893eef7,907000000.0,56820000.0,963820000.0,repaired
CTM,2021,134750000.0,948a355d-1586-40ff-9998-91d21fa3abb2,907000000.0,56820000.0,963820000.0,repaired
CTM,2021,134750000.0,41f6f31f-1c7d-4d44-b9c9-0f8b96d7f24f,907000000.0,56820000.0,963820000.0,repaired
CTM,2021,134750000.0,485e070c-e4f0-4d58-b133-e578434990f8,907000000.0,56820000.0,963820000.0,repaired
CTM,2021,134750000.0,7b152ba5-1402-4d99-9ccb-d02c3893eef7,907000000.0,56820000.0,963820000.0,repaired
CTM,2021,134750000.0,948a355d-1586-40ff-9998-91d21fa3abb2,907000000.0,56820000.0,963820000.0,repaired
CTM,2022,91973000.0,948a355d-1586-40ff-9998-91d21fa3abb2,829000000.0,-23030000.0,805970000.0,repaired
CTM,2022,91973000.0,7b152ba5-1402-4d99-9ccb-d02c3893eef7,829000000.0,-23030000.0,805970000.0,repaired
CTM,2022,91973000.0,485e070c-e4f0-4d58-b133-e578434990f8,829000000.0,-23030000.0,805970000.0,repaired
CTM,2022,91973000.0,41f6f31f-1c7d-4d44-b9c9-0f8b96d7f24f,829000000.0,-23030000.0,805970000.0,repaired
CTM,2022,91973000.0,948a355d-1586-40ff-9998-91d21fa3abb2,829000000.0,-23030000.0,805970000.0,repaired
CTM,2022,91973000.0,7b152ba5-1402-4d99-9ccb-d02c3893eef7,829000000.0,-23030000.0,805970000.0,repaired
CTM,2022,91973000.0,485e070c-e4f0-4d58-b133-e578434990f8,829000000.0,-23030000.0,805970000.0,repaired
CTM,2022,91973000.0,41f6f31f-1c7d-4d44-b9c9-0f8b96d7f24f,829000000.0,-23030000.0,805970000.0,repaired
CTM,2022,91973000.0,948a355d-1586-40ff-9998-91d21fa3abb2,829000000.0,-23030000.0,805970000.0,repaired
CTM,2022,91973000.0,7b152ba5-1402-4d99-9ccb-d02c3893eef7,829000000.0,-23030000.0,805970000.0,repaired
CTM,2022,91973000.0,485e070c-e4f0-4d58-b133-e578434990f8,829000000.0,-23030000.0,805970000.0,repaired
CTM,2022,91973000.0,41f6f31f-1c7d-4d44-b9c9-0f8b96d7f24f,829000000.0,-23030000.0,805970000.0,repaired
CTM,2022,91973000.0,948a355d-1586-40ff-9998-91d21fa3abb2,829000000.0,-23030000.0,805970000.0,repaired
CTM,2022,91973000.0,7b152ba5-1402-4d99-9ccb-d02c3893eef7,829000000.0,-23030000.0,805970000.0,repaired
CTM,2022,91973000.0,485e070c-e4f0-4d58-b133-e578434990f8,829000000.0,-23030000.0,805970000.0,repaired
CTM,2022,91973000.0,41f6f31f-1c7d-4d44-b9c9-0f8b96d7f24f,829000000.0,-23030000.0,805970000.0,repaired
CTM,2022,91973000.0,948a355d-1586-40ff-9998-91d21fa3abb2,829000000.0,-23030000.0,805970000.0,repaired
CTM,2022,91973000.0,7b152ba5-1402-4d99-9ccb-d02c3893eef7,829000000.0,-23030000.0,805970000.0,repaired
CTM,2022,91973000.0,485e070c-e4f0-4d58-b133-e578434990f8,829000000.0,-23030000.0,805970000.0,repaired
CTM,2022,91973000.0,41f6f31f-1c7d-4d44-b9c9-0f8b96d7f24f,829000000.0,-23030000.0,805970000.0,repaired
CTM,2022,91973000.0,948a355d-1586-40ff-9998-91d21fa3abb2,829000000.0,-23030000.0,805970000.0,repaired
CTM,2022,91973000.0,7b152ba5-1402-4d99-9ccb-d02c3893eef7,829000000.0,-23030000.0,805970000.0,repaired
CTM,2022,91973000.0,485e070c-e4f0-4d58-b133-e578434990f8,829000000.0,-23030000.0,805970000.0,repaired
CTM,2022,91973000.0,41f6f31f-1c7d-4d44-b9c9-0f8b96d7f24f,829000000.0,-23030000.0,805970000.0,repaired
CTM,2022,91973000.0,948a355d-1586-40ff-9998-91d21fa3abb2,829000000.0,-23030000.0,805970000.0,repaired
CTM,2022,91973000.0,7b152ba5-1402-4d99-9ccb-d02c3893eef7,829000000.0,-23030000.0,805970000.0,repaired
CTM,2022,91973000.0,485e070c-e4f0-4d58-b133-e578434990f8,829000000.0,-23030000.0,805970000.0,repaired
CTM,2022,91973000.0,41f6f31f-1c7d-4d44-b9c9-0f8b96d7f24f,829000000.0,-23030000.0,805970000.0,repaired
CTM,2022,91973000.0,948a355d-1586-40ff-9998-91d21fa3abb2,829000000.0,-23030000.0,805970000.0,repaired
CTM,2022,91973000.0,7b152ba5-1402-4d99-9ccb-d02c3893eef7,829000000.0,-23030000.0,805970000.0,repaired
CTM,2022,91973000.0,485e070c-e4f0-4d58-b133-e578434990f8,829000000.0,-23030000.0,805970000.0,repaired
CTM,2022,91973000.0,41f6f31f-1c7d-4d44-b9c9-0f8b96d7f24f,829000000.0,-23030000.0,805970000.0,repaired
CTM,2022,91973000.0,948a355d-1586-40ff-9998-91d21fa3abb2,829000000.0,-23030000.0,805970000.0,repaired
CTM,2022,91973000.0,7b152ba5-1402-4d99-9ccb-d02c3893eef7,829000000.0,-23030000.0,805970000.0,repaired
CTM,2022,91973000.0,485e070c-e4f0-4d58-b133-e578434990f8,829000000.0,-23030000.0,805970000.0,repaired
CTM,2022,91973000.0,41f6f31f-1c7d-4d44-b9c9-0f8b96d7f24f,829000000.0,-23030000.0,805970000.0,repaired
DHO,2021,84319130.66999996,41f6f31f-1c7d-4d44-b9c9-0f8b96d7f24f,2891000000.0,72570000.0,2963570000.0,repaired
DHO,2021,84319130.66999996,41f6f31f-1c7d-4d44-b9c9-0f8b96d7f24f,2891000000.0,72570000.0,2963570000.0,repaired
DHO,2021,84319130.66999996,41f6f31f-1c7d-4d44-b9c9-0f8b96d7f24f,2891000000.0,72570000.0,2963570000.0,repaired
DHO,2021,84319130.66999996,41f6f31f-1c7d-4d44-b9c9-0f8b96d7f24f,2891000000.0,72570000.0,2963570000.0,repaired
DHO,2021,84319130.66999996,41f6f31f-1c7d-4d44-b9c9-0f8b96d7f24f,2891000000.0,72570000.0,2963570000.0,repaired
DHO,2021,84319130.66999996,41f6f31f-1c7d-4d44-b9c9-0f8b96d7f24f,2891000000.0,72570000.0,2963570000.0,repaired
DHO,2022,364075791.49,41f6f31f-1c7d-4d44-b9c9-0f8b96d7f24f,2102000000.0,303590000.0,2405590000.0,repaired
DHO,2022,364075791.49,41f6f31f-1c7d-4d44-b9c9-0f8b96d7f24f,2102000000.0,303590000.0,2405590000.0,repaired
DHO,2022,364075791.49,41f6f31f-1c7d-4d44-b9c9-0f8b96d7f24f,2102000000.0,303590000.0,2405590000.0,repaired
DHO,2022,364075791.49,41f6f31f-1c7d-4d44-b9c9-0f8b96d7f24f,2102000000.0,303590000.0,2405590000.0,repaired
DHO,2022,364075791.49,41f6f31f-1c7d-4d44-b9c9-0f8b96d7f24f,2102000000.0,303590000.0,2405590000.0,repaired
DHO,2022,364075791.49,41f6f31f-1c7d-4d44-b9c9-0f8b96d7f24f,2102000000.0,303590000.0,2405590000.0,repaired
DHO,2024,-197656104.36,41f6f31f-1c7d-4d44-b9c9-0f8b96d7f24f,4993000000.0,-234350000.0,4758650000.0,repaired
DHO,2024,-197656104.36,41f6f31f-1c7d-4d44-b9c9-0f8b96d7f24f,4993000000.0,-234350000.0,4758650000.0,repaired
DHO,2024,-197656104.36,41f6f31f-1c7d-4d44-b9c9-0f8b96d7f24f,4993000000.0,-234350000.0,4758650000.0,repaired
DHO,2024,-197656104.36,41f6f31f-1c7d-4d44-b9c9-0f8b96d7f24f,4993000000.0,-234350000.0,4758650000.0,repaired
DHO,2024,-197656104.36,41f6f31f-1c7d-4d44-b9c9-0f8b96d7f24f,4993000000.0,-234350000.0,4758650000.0,repaired
DHO,2024,-197656104.36,41f6f31f-1c7d-4d44-b9c9-0f8b96d7f24f,4993000000.0,-234350000.0,4758650000.0,repaired
DHO,2025,-341114694.85,41f6f31f-1c7d-4d44-b9c9-0f8b96d7f24f,5002000000.0,-466220000.0,4535780000.0,repaired
DHO,2025,-341114694.85,41f6f31f-1c7d-4d44-b9c9-0f8b96d7f24f,5002000000.0,-466220000.0,4535780000.0,repaired
DHO,2025,-341114694.85,41f6f31f-1c7d-4d44-b9c9-0f8b96d7f24f,5002000000.0,-466220000.0,4535780000.0,repaired
DHO,2025,-341114694.85,41f6f31f-1c7d-4d44-b9c9-0f8b96d7f24f,5002000000.0,-466220000.0,4535780000.0,repaired
DWY,2021,-12492946.77,7b152ba5-1402-4d99-9ccb-d02c3893eef7,1329000000.0,-29020000.0,1299980000.0,repaired
DWY,2021,-12492946.77,485e070c-e4f0-4d58-b133-e578434990f8,1329000000.0,-29020000.0,1299980000.0,repaired
DWY,2021,-12492946.77,948a355d-1586-40ff-9998-91d21fa3abb2,1329000000.0,-29020000.0,1299980000.0,repaired
DWY,2021,-12492946.77,7b152ba5-1402-4d99-9ccb-d02c3893eef7,1329000000.0,-29020000.0,1299980000.0,repaired
DWY,2021,-12492946.77,485e070c-e4f0-4d58-b133-e578434990f8,1329000000.0,-29020000.0,1299980000.0,repaired
DWY,2021,-12492946.77,948a355d-1586-40ff-9998-91d21fa3abb2,1329000000.0,-29020000.0,1299980000.0,repaired
DWY,2022,353979287.08,7b152ba5-1402-4d99-9ccb-d02c3893eef7,1263000000.0,353600000.0,1616600000.0,repaired
DWY,2022,353979287.08,485e070c-e4f0-4d58-b133-e578434990f8,1263000000.0,353600000.0,1616600000.0,repaired
DWY,2022,353979287.08,948a355d-1586-40ff-9998-91d21fa3abb2,1263000000.0,353600000.0,1616600000.0,repaired
DWY,2022,353979287.08,7b152ba5-1402-4d99-9ccb-d02c3893eef7,1263000000.0,353600000.0,1616600000.0,repaired
DWY,2022,353979287.08,485e070c-e4f0-4d58-b133-e578434990f8,1263000000.0,353600000.0,1616600000.0,repaired
DWY,2022,353979287.08,948a355d-1586-40ff-9998-91d21fa3abb2,1263000000.0,353600000.0,1616600000.0,repaired
DWY,2023,275936053.91,948a355d-1586-40ff-9998-91d21fa3abb2,1226000000.0,259700000.0,1485700000.0,repaired
DWY,2023,275936053.91,485e070c-e4f0-4d58-b133-e578434990f8,1226000000.0,259700000.0,1485700000.0,repaired
DWY,2023,275936053.91,7b152ba5-1402-4d99-9ccb-d02c3893eef7,1226000000.0,259700000.0,1485700000.0,repaired
DWY,2023,275936053.90999997,41f6f31f-1c7d-4d44-b9c9-0f8b96d7f24f,1226000000.0,259700000.0,1485700000.0,repaired
DWY,2023,275936053.91,948a355d-1586-40ff-9998-91d21fa3abb2,1226000000.0,259700000.0,1485700000.0,repaired
DWY,2023,275936053.91,485e070c-e4f0-4d58-b133-e578434990f8,1226000000.0,259700000.0,1485700000.0,repaired
DWY,2023,275936053.91,7b152ba5-1402-4d99-9ccb-d02c3893eef7,1226000000.0,259700000.0,1485700000.0,repaired
DWY,2023,275936053.90999997,41f6f31f-1c7d-4d44-b9c9-0f8b96d7f24f,1226000000.0,259700000.0,1485700000.0,repaired
DYT,2021,56450000.0,2b00e6a5-9e40-4d34-a47b-ba7da23d0a99,,56450000.0,,unresolved_no_marketcap
DYT,2021,56450000.0,2b00e6a5-9e40-4d34-a47b-ba7da23d0a99,,56450000.0,,unresolved_no_marketcap
DYT,2022,140865840.32,4f3bc6a0-9f96-4fa3-945e-6cf1f11b71f0,210000000.0,140870000.0,350870000.0,repaired
DYT,2022,140865840.32,4f3bc6a0-9f96-4fa3-945e-6cf1f11b71f0,210000000.0,140870000.0,350870000.0,repaired
DYT,2023,139508097.5,4f3bc6a0-9f96-4fa3-945e-6cf1f11b71f0,191000000.0,139510000.0,330510000.0,repaired
DYT,2023,139508097.5,4f3bc6a0-9f96-4fa3-945e-6cf1f11b71f0,191000000.0,139510000.0,330510000.0,repaired
DYT,2024,95407198.16,4f3bc6a0-9f96-4fa3-945e-6cf1f11b71f0,259000000.0,95410000.0,354410000.0,repaired
DYT,2024,95407198.16,4f3bc6a0-9f96-4fa3-945e-6cf1f11b71f0,259000000.0,95410000.0,354410000.0,repaired
DYT,2025,88547645.67000002,4f3bc6a0-9f96-4fa3-945e-6cf1f11b71f0,368000000.0,86410000.0,454410000.0,repaired
DYT,2025,88547645.67000002,4f3bc6a0-9f96-4fa3-945e-6cf1f11b71f0,368000000.0,86410000.0,454410000.0,repaired
EQD,2021,5833775000.0,485e070c-e4f0-4d58-b133-e578434990f8,2278000000.0,6016000000.0,8294000000.0,repaired
EQD,2021,5833775000.0,948a355d-1586-40ff-9998-91d21fa3abb2,2278000000.0,6016000000.0,8294000000.0,repaired
EQD,2021,5833775000.0,7b152ba5-1402-4d99-9ccb-d02c3893eef7,2278000000.0,6016000000.0,8294000000.0,repaired
EQD,2021,5909862000.0,41f6f31f-1c7d-4d44-b9c9-0f8b96d7f24f,2278000000.0,6016000000.0,8294000000.0,repaired
EQD,2021,5833775000.0,485e070c-e4f0-4d58-b133-e578434990f8,2278000000.0,6016000000.0,8294000000.0,repaired
EQD,2021,5833775000.0,948a355d-1586-40ff-9998-91d21fa3abb2,2278000000.0,6016000000.0,8294000000.0,repaired
EQD,2021,5833775000.0,7b152ba5-1402-4d99-9ccb-d02c3893eef7,2278000000.0,6016000000.0,8294000000.0,repaired
EQD,2021,5909862000.0,41f6f31f-1c7d-4d44-b9c9-0f8b96d7f24f,2278000000.0,6016000000.0,8294000000.0,repaired
EQD,2021,5909862000.0,41f6f31f-1c7d-4d44-b9c9-0f8b96d7f24f,2278000000.0,6016000000.0,8294000000.0,repaired
EQD,2021,5909862000.0,41f6f31f-1c7d-4d44-b9c9-0f8b96d7f24f,2278000000.0,6016000000.0,8294000000.0,repaired
EQD,2022,5374849000.0,485e070c-e4f0-4d58-b133-e578434990f8,1420000000.0,5488000000.0,6908000000.0,repaired
EQD,2022,5374849000.0,41f6f31f-1c7d-4d44-b9c9-0f8b96d7f24f,1420000000.0,5488000000.0,6908000000.0,repaired
EQD,2022,5374849000.0,7b152ba5-1402-4d99-9ccb-d02c3893eef7,1420000000.0,5488000000.0,6908000000.0,repaired
EQD,2022,5374849000.0,948a355d-1586-40ff-9998-91d21fa3abb2,1420000000.0,5488000000.0,6908000000.0,repaired
EQD,2022,5374849000.0,485e070c-e4f0-4d58-b133-e578434990f8,1420000000.0,5488000000.0,6908000000.0,repaired
EQD,2022,5374849000.0,41f6f31f-1c7d-4d44-b9c9-0f8b96d7f24f,1420000000.0,5488000000.0,6908000000.0,repaired
EQD,2022,5374849000.0,7b152ba5-1402-4d99-9ccb-d02c3893eef7,1420000000.0,5488000000.0,6908000000.0,repaired
EQD,2022,5374849000.0,948a355d-1586-40ff-9998-91d21fa3abb2,1420000000.0,5488000000.0,6908000000.0,repaired
EQD,2022,5374849000.0,485e070c-e4f0-4d58-b133-e578434990f8,1420000000.0,5488000000.0,6908000000.0,repaired
EQD,2022,5374849000.0,41f6f31f-1c7d-4d44-b9c9-0f8b96d7f24f,1420000000.0,5488000000.0,6908000000.0,repaired
EQD,2022,5374849000.0,7b152ba5-1402-4d99-9ccb-d02c3893eef7,1420000000.0,5488000000.0,6908000000.0,repaired
EQD,2022,5374849000.0,948a355d-1586-40ff-9998-91d21fa3abb2,1420000000.0,5488000000.0,6908000000.0,repaired
EQD,2022,5374849000.0,485e070c-e4f0-4d58-b133-e578434990f8,1420000000.0,5488000000.0,6908000000.0,repaired
EQD,2022,5374849000.0,41f6f31f-1c7d-4d44-b9c9-0f8b96d7f24f,1420000000.0,5488000000.0,6908000000.0,repaired
EQD,2022,5374849000.0,7b152ba5-1402-4d99-9ccb-d02c3893eef7,1420000000.0,5488000000.0,6908000000.0,repaired
EQD,2022,5374849000.0,948a355d-1586-40ff-9998-91d21fa3abb2,1420000000.0,5488000000.0,6908000000.0,repaired
EQD,2023,5579213000.0,41f6f31f-1c7d-4d44-b9c9-0f8b96d7f24f,1649000000.0,5494000000.0,7143000000.0,repaired
EQD,2023,5579213000.0,41f6f31f-1c7d-4d44-b9c9-0f8b96d7f24f,1649000000.0,5494000000.0,7143000000.0,repaired
FBR,2021,52158000.0,41f6f31f-1c7d-4d44-b9c9-0f8b96d7f24f,204000000.0,52160000.0,256160000.0,repaired
FBR,2021,52158000.0,41f6f31f-1c7d-4d44-b9c9-0f8b96d7f24f,204000000.0,52160000.0,256160000.0,repaired
FBR,2022,46466000.0,41f6f31f-1c7d-4d44-b9c9-0f8b96d7f24f,180000000.0,46470000.0,226470000.0,repaired
FBR,2022,46466000.0,41f6f31f-1c7d-4d44-b9c9-0f8b96d7f24f,180000000.0,46470000.0,226470000.0,repaired
FBR,2023,54520000.0,41f6f31f-1c7d-4d44-b9c9-0f8b96d7f24f,136000000.0,54520000.0,190520000.0,repaired
FBR,2023,54520000.0,41f6f31f-1c7d-4d44-b9c9-0f8b96d7f24f,136000000.0,54520000.0,190520000.0,repaired
GTM,2021,1407240000.0,9626d468-0e7c-4aa1-8d53-07745956dafc,,1407000000.0,,unresolved_no_marketcap
GTM,2021,1407240000.0,9626d468-0e7c-4aa1-8d53-07745956dafc,,1407000000.0,,unresolved_no_marketcap
GTM,2021,1407240000.0,9626d468-0e7c-4aa1-8d53-07745956dafc,,1407000000.0,,unresolved_no_marketcap
GTM,2021,1407240000.0,9626d468-0e7c-4aa1-8d53-07745956dafc,,1407000000.0,,unresolved_no_marketcap
GTM,2022,1936200000.0,9626d468-0e7c-4aa1-8d53-07745956dafc,,1809000000.0,,unresolved_no_marketcap
GTM,2022,1936200000.0,9626d468-0e7c-4aa1-8d53-07745956dafc,,1809000000.0,,unresolved_no_marketcap
GTM,2022,1936200000.0,9626d468-0e7c-4aa1-8d53-07745956dafc,,1809000000.0,,unresolved_no_marketcap
GTM,2022,1936200000.0,9626d468-0e7c-4aa1-8d53-07745956dafc,,1809000000.0,,unresolved_no_marketcap
GTM,2023,1347790000.0,9626d468-0e7c-4aa1-8d53-07745956dafc,,1133000000.0,,unresolved_no_marketcap
GTM,2023,1347790000.0,9626d468-0e7c-4aa1-8d53-07745956dafc,,1133000000.0,,unresolved_no_marketcap
GTM,2023,1347790000.0,9626d468-0e7c-4aa1-8d53-07745956dafc,,1133000000.0,,unresolved_no_marketcap
GTM,2023,1347790000.0,9626d468-0e7c-4aa1-8d53-07745956dafc,,1133000000.0,,unresolved_no_marketcap
GTM,2024,1103420000.0,9626d468-0e7c-4aa1-8d53-07745956dafc,,497390000.0,,unresolved_no_marketcap
GTM,2024,1103420000.0,9626d468-0e7c-4aa1-8d53-07745956dafc,,497390000.0,,unresolved_no_marketcap
HPS,2021,-125233097.0,7b152ba5-1402-4d99-9ccb-d02c3893eef7,4770000000.0,-125230000.0,4644770000.0,repaired
HPS,2021,-125233097.0,485e070c-e4f0-4d58-b133-e578434990f8,4770000000.0,-125230000.0,4644770000.0,repaired
HPS,2021,-125233097.0,948a355d-1586-40ff-9998-91d21fa3abb2,4770000000.0,-125230000.0,4644770000.0,repaired
HPS,2021,-125233097.0,41f6f31f-1c7d-4d44-b9c9-0f8b96d7f24f,4770000000.0,-125230000.0,4644770000.0,repaired
HPS,2021,-125233097.0,7b152ba5-1402-4d99-9ccb-d02c3893eef7,4770000000.0,-125230000.0,4644770000.0,repaired
HPS,2021,-125233097.0,485e070c-e4f0-4d58-b133-e578434990f8,4770000000.0,-125230000.0,4644770000.0,repaired
HPS,2021,-125233097.0,948a355d-1586-40ff-9998-91d21fa3abb2,4770000000.0,-125230000.0,4644770000.0,repaired
HPS,2021,-125233097.0,41f6f31f-1c7d-4d44-b9c9-0f8b96d7f24f,4770000000.0,-125230000.0,4644770000.0,repaired
HPS,2021,-125233097.0,7b152ba5-1402-4d99-9ccb-d02c3893eef7,4770000000.0,-125230000.0,4644770000.0,repaired
HPS,2021,-125233097.0,485e070c-e4f0-4d58-b133-e578434990f8,4770000000.0,-125230000.0,4644770000.0,repaired
HPS,2021,-125233097.0,948a355d-1586-40ff-9998-91d21fa3abb2,4770000000.0,-125230000.0,4644770000.0,repaired
HPS,2021,-125233097.0,41f6f31f-1c7d-4d44-b9c9-0f8b96d7f24f,4770000000.0,-125230000.0,4644770000.0,repaired
HPS,2021,-125233097.0,7b152ba5-1402-4d99-9ccb-d02c3893eef7,4770000000.0,-125230000.0,4644770000.0,repaired
HPS,2021,-125233097.0,485e070c-e4f0-4d58-b133-e578434990f8,4770000000.0,-125230000.0,4644770000.0,repaired
HPS,2021,-125233097.0,948a355d-1586-40ff-9998-91d21fa3abb2,4770000000.0,-125230000.0,4644770000.0,repaired
HPS,2021,-125233097.0,41f6f31f-1c7d-4d44-b9c9-0f8b96d7f24f,4770000000.0,-125230000.0,4644770000.0,repaired
HPS,2021,-125233097.0,7b152ba5-1402-4d99-9ccb-d02c3893eef7,4770000000.0,-125230000.0,4644770000.0,repaired
HPS,2021,-125233097.0,485e070c-e4f0-4d58-b133-e578434990f8,4770000000.0,-125230000.0,4644770000.0,repaired
HPS,2021,-125233097.0,948a355d-1586-40ff-9998-91d21fa3abb2,4770000000.0,-125230000.0,4644770000.0,repaired
HPS,2021,-125233097.0,41f6f31f-1c7d-4d44-b9c9-0f8b96d7f24f,4770000000.0,-125230000.0,4644770000.0,repaired
HPS,2021,-125233097.0,7b152ba5-1402-4d99-9ccb-d02c3893eef7,4770000000.0,-125230000.0,4644770000.0,repaired
HPS,2021,-125233097.0,485e070c-e4f0-4d58-b133-e578434990f8,4770000000.0,-125230000.0,4644770000.0,repaired
HPS,2021,-125233097.0,948a355d-1586-40ff-9998-91d21fa3abb2,4770000000.0,-125230000.0,4644770000.0,repaired
HPS,2021,-125233097.0,41f6f31f-1c7d-4d44-b9c9-0f8b96d7f24f,4770000000.0,-125230000.0,4644770000.0,repaired
HPS,2021,-125233097.0,7b152ba5-1402-4d99-9ccb-d02c3893eef7,4770000000.0,-125230000.0,4644770000.0,repaired
HPS,2021,-125233097.0,485e070c-e4f0-4d58-b133-e578434990f8,4770000000.0,-125230000.0,4644770000.0,repaired
HPS,2021,-125233097.0,948a355d-1586-40ff-9998-91d21fa3abb2,4770000000.0,-125230000.0,4644770000.0,repaired
HPS,2021,-125233097.0,41f6f31f-1c7d-4d44-b9c9-0f8b96d7f24f,4770000000.0,-125230000.0,4644770000.0,repaired
HPS,2021,-125233097.0,7b152ba5-1402-4d99-9ccb-d02c3893eef7,4770000000.0,-125230000.0,4644770000.0,repaired
HPS,2021,-125233097.0,485e070c-e4f0-4d58-b133-e578434990f8,4770000000.0,-125230000.0,4644770000.0,repaired
HPS,2021,-125233097.0,948a355d-1586-40ff-9998-91d21fa3abb2,4770000000.0,-125230000.0,4644770000.0,repaired
HPS,2021,-125233097.0,41f6f31f-1c7d-4d44-b9c9-0f8b96d7f24f,4770000000.0,-125230000.0,4644770000.0,repaired
HPS,2021,-125233097.0,7b152ba5-1402-4d99-9ccb-d02c3893eef7,4770000000.0,-125230000.0,4644770000.0,repaired
HPS,2021,-125233097.0,485e070c-e4f0-4d58-b133-e578434990f8,4770000000.0,-125230000.0,4644770000.0,repaired
HPS,2021,-125233097.0,948a355d-1586-40ff-9998-91d21fa3abb2,4770000000.0,-125230000.0,4644770000.0,repaired
HPS,2021,-125233097.0,41f6f31f-1c7d-4d44-b9c9-0f8b96d7f24f,4770000000.0,-125230000.0,4644770000.0,repaired
HPS,2021,-125233097.0,7b152ba5-1402-4d99-9ccb-d02c3893eef7,4770000000.0,-125230000.0,4644770000.0,repaired
HPS,2021,-125233097.0,485e070c-e4f0-4d58-b133-e578434990f8,4770000000.0,-125230000.0,4644770000.0,repaired
HPS,2021,-125233097.0,948a355d-1586-40ff-9998-91d21fa3abb2,4770000000.0,-125230000.0,4644770000.0,repaired
HPS,2021,-125233097.0,41f6f31f-1c7d-4d44-b9c9-0f8b96d7f24f,4770000000.0,-125230000.0,4644770000.0,repaired
HPS,2021,-125233097.0,7b152ba5-1402-4d99-9ccb-d02c3893eef7,4770000000.0,-125230000.0,4644770000.0,repaired
HPS,2021,-125233097.0,485e070c-e4f0-4d58-b133-e578434990f8,4770000000.0,-125230000.0,4644770000.0,repaired
HPS,2021,-125233097.0,948a355d-1586-40ff-9998-91d21fa3abb2,4770000000.0,-125230000.0,4644770000.0,repaired
HPS,2021,-125233097.0,41f6f31f-1c7d-4d44-b9c9-0f8b96d7f24f,4770000000.0,-125230000.0,4644770000.0,repaired
HPS,2021,-125233097.0,7b152ba5-1402-4d99-9ccb-d02c3893eef7,4770000000.0,-125230000.0,4644770000.0,repaired
HPS,2021,-125233097.0,485e070c-e4f0-4d58-b133-e578434990f8,4770000000.0,-125230000.0,4644770000.0,repaired
HPS,2021,-125233097.0,948a355d-1586-40ff-9998-91d21fa3abb2,4770000000.0,-125230000.0,4644770000.0,repaired
HPS,2021,-125233097.0,41f6f31f-1c7d-4d44-b9c9-0f8b96d7f24f,4770000000.0,-125230000.0,4644770000.0,repaired
HPS,2021,-125233097.0,7b152ba5-1402-4d99-9ccb-d02c3893eef7,4770000000.0,-125230000.0,4644770000.0,repaired
HPS,2021,-125233097.0,485e070c-e4f0-4d58-b133-e578434990f8,4770000000.0,-125230000.0,4644770000.0,repaired
HPS,2021,-125233097.0,948a355d-1586-40ff-9998-91d21fa3abb2,4770000000.0,-125230000.0,4644770000.0,repaired
HPS,2021,-125233097.0,41f6f31f-1c7d-4d44-b9c9-0f8b96d7f24f,4770000000.0,-125230000.0,4644770000.0,repaired
HPS,2021,-125233097.0,7b152ba5-1402-4d99-9ccb-d02c3893eef7,4770000000.0,-125230000.0,4644770000.0,repaired
HPS,2021,-125233097.0,485e070c-e4f0-4d58-b133-e578434990f8,4770000000.0,-125230000.0,4644770000.0,repaired
HPS,2021,-125233097.0,948a355d-1586-40ff-9998-91d21fa3abb2,4770000000.0,-125230000.0,4644770000.0,repaired
HPS,2021,-125233097.0,41f6f31f-1c7d-4d44-b9c9-0f8b96d7f24f,4770000000.0,-125230000.0,4644770000.0,repaired
HPS,2021,-125233097.0,7b152ba5-1402-4d99-9ccb-d02c3893eef7,4770000000.0,-125230000.0,4644770000.0,repaired
HPS,2021,-125233097.0,485e070c-e4f0-4d58-b133-e578434990f8,4770000000.0,-125230000.0,4644770000.0,repaired
HPS,2021,-125233097.0,948a355d-1586-40ff-9998-91d21fa3abb2,4770000000.0,-125230000.0,4644770000.0,repaired
HPS,2021,-125233097.0,41f6f31f-1c7d-4d44-b9c9-0f8b96d7f24f,4770000000.0,-125230000.0,4644770000.0,repaired
HPS,2021,-125233097.0,7b152ba5-1402-4d99-9ccb-d02c3893eef7,4770000000.0,-125230000.0,4644770000.0,repaired
HPS,2021,-125233097.0,485e070c-e4f0-4d58-b133-e578434990f8,4770000000.0,-125230000.0,4644770000.0,repaired
HPS,2021,-125233097.0,948a355d-1586-40ff-9998-91d21fa3abb2,4770000000.0,-125230000.0,4644770000.0,repaired
HPS,2021,-125233097.0,41f6f31f-1c7d-4d44-b9c9-0f8b96d7f24f,4770000000.0,-125230000.0,4644770000.0,repaired
HPS,2022,-88344785.0,948a355d-1586-40ff-9998-91d21fa3abb2,4573000000.0,-88340000.0,4484660000.0,repaired
HPS,2022,-88344785.0,7b152ba5-1402-4d99-9ccb-d02c3893eef7,4573000000.0,-88340000.0,4484660000.0,repaired
HPS,2022,-88344785.0,41f6f31f-1c7d-4d44-b9c9-0f8b96d7f24f,4573000000.0,-88340000.0,4484660000.0,repaired
HPS,2022,-88344785.0,485e070c-e4f0-4d58-b133-e578434990f8,4573000000.0,-88340000.0,4484660000.0,repaired
HPS,2022,-88344785.0,948a355d-1586-40ff-9998-91d21fa3abb2,4573000000.0,-88340000.0,4484660000.0,repaired
HPS,2022,-88344785.0,7b152ba5-1402-4d99-9ccb-d02c3893eef7,4573000000.0,-88340000.0,4484660000.0,repaired
HPS,2022,-88344785.0,41f6f31f-1c7d-4d44-b9c9-0f8b96d7f24f,4573000000.0,-88340000.0,4484660000.0,repaired
HPS,2022,-88344785.0,485e070c-e4f0-4d58-b133-e578434990f8,4573000000.0,-88340000.0,4484660000.0,repaired
HPS,2022,-88344785.0,948a355d-1586-40ff-9998-91d21fa3abb2,4573000000.0,-88340000.0,4484660000.0,repaired
HPS,2022,-88344785.0,7b152ba5-1402-4d99-9ccb-d02c3893eef7,4573000000.0,-88340000.0,4484660000.0,repaired
HPS,2022,-88344785.0,41f6f31f-1c7d-4d44-b9c9-0f8b96d7f24f,4573000000.0,-88340000.0,4484660000.0,repaired
HPS,2022,-88344785.0,485e070c-e4f0-4d58-b133-e578434990f8,4573000000.0,-88340000.0,4484660000.0,repaired
HPS,2022,-88344785.0,948a355d-1586-40ff-9998-91d21fa3abb2,4573000000.0,-88340000.0,4484660000.0,repaired
HPS,2022,-88344785.0,7b152ba5-1402-4d99-9ccb-d02c3893eef7,4573000000.0,-88340000.0,4484660000.0,repaired
HPS,2022,-88344785.0,41f6f31f-1c7d-4d44-b9c9-0f8b96d7f24f,4573000000.0,-88340000.0,4484660000.0,repaired
HPS,2022,-88344785.0,485e070c-e4f0-4d58-b133-e578434990f8,4573000000.0,-88340000.0,4484660000.0,repaired
HPS,2022,-88344785.0,948a355d-1586-40ff-9998-91d21fa3abb2,4573000000.0,-88340000.0,4484660000.0,repaired
HPS,2022,-88344785.0,7b152ba5-1402-4d99-9ccb-d02c3893eef7,4573000000.0,-88340000.0,4484660000.0,repaired
HPS,2022,-88344785.0,41f6f31f-1c7d-4d44-b9c9-0f8b96d7f24f,4573000000.0,-88340000.0,4484660000.0,repaired
HPS,2022,-88344785.0,485e070c-e4f0-4d58-b133-e578434990f8,4573000000.0,-88340000.0,4484660000.0,repaired
HPS,2022,-88344785.0,948a355d-1586-40ff-9998-91d21fa3abb2,4573000000.0,-88340000.0,4484660000.0,repaired
HPS,2022,-88344785.0,7b152ba5-1402-4d99-9ccb-d02c3893eef7,4573000000.0,-88340000.0,4484660000.0,repaired
HPS,2022,-88344785.0,41f6f31f-1c7d-4d44-b9c9-0f8b96d7f24f,4573000000.0,-88340000.0,4484660000.0,repaired
HPS,2022,-88344785.0,485e070c-e4f0-4d58-b133-e578434990f8,4573000000.0,-88340000.0,4484660000.0,repaired
HPS,2022,-88344785.0,948a355d-1586-40ff-9998-91d21fa3abb2,4573000000.0,-88340000.0,4484660000.0,repaired
HPS,2022,-88344785.0,7b152ba5-1402-4d99-9ccb-d02c3893eef7,4573000000.0,-88340000.0,4484660000.0,repaired
HPS,2022,-88344785.0,41f6f31f-1c7d-4d44-b9c9-0f8b96d7f24f,4573000000.0,-88340000.0,4484660000.0,repaired
HPS,2022,-88344785.0,485e070c-e4f0-4d58-b133-e578434990f8,4573000000.0,-88340000.0,4484660000.0,repaired
HPS,2022,-88344785.0,948a355d-1586-40ff-9998-91d21fa3abb2,4573000000.0,-88340000.0,4484660000.0,repaired
HPS,2022,-88344785.0,7b152ba5-1402-4d99-9ccb-d02c3893eef7,4573000000.0,-88340000.0,4484660000.0,repaired
HPS,2022,-88344785.0,41f6f31f-1c7d-4d44-b9c9-0f8b96d7f24f,4573000000.0,-88340000.0,4484660000.0,repaired
HPS,2022,-88344785.0,485e070c-e4f0-4d58-b133-e578434990f8,4573000000.0,-88340000.0,4484660000.0,repaired
HPS,2022,-88344785.0,948a355d-1586-40ff-9998-91d21fa3abb2,4573000000.0,-88340000.0,4484660000.0,repaired
HPS,2022,-88344785.0,7b152ba5-1402-4d99-9ccb-d02c3893eef7,4573000000.0,-88340000.0,4484660000.0,repaired
HPS,2022,-88344785.0,41f6f31f-1c7d-4d44-b9c9-0f8b96d7f24f,4573000000.0,-88340000.0,4484660000.0,repaired
HPS,2022,-88344785.0,485e070c-e4f0-4d58-b133-e578434990f8,4573000000.0,-88340000.0,4484660000.0,repaired
HPS,2022,-88344785.0,948a355d-1586-40ff-9998-91d21fa3abb2,4573000000.0,-88340000.0,4484660000.0,repaired
HPS,2022,-88344785.0,7b152ba5-1402-4d99-9ccb-d02c3893eef7,4573000000.0,-88340000.0,4484660000.0,repaired
HPS,2022,-88344785.0,41f6f31f-1c7d-4d44-b9c9-0f8b96d7f24f,4573000000.0,-88340000.0,4484660000.0,repaired
HPS,2022,-88344785.0,485e070c-e4f0-4d58-b133-e578434990f8,4573000000.0,-88340000.0,4484660000.0,repaired
HPS,2022,-88344785.0,948a355d-1586-40ff-9998-91d21fa3abb2,4573000000.0,-88340000.0,4484660000.0,repaired
HPS,2022,-88344785.0,7b152ba5-1402-4d99-9ccb-d02c3893eef7,4573000000.0,-88340000.0,4484660000.0,repaired
HPS,2022,-88344785.0,41f6f31f-1c7d-4d44-b9c9-0f8b96d7f24f,4573000000.0,-88340000.0,4484660000.0,repaired
HPS,2022,-88344785.0,485e070c-e4f0-4d58-b133-e578434990f8,4573000000.0,-88340000.0,4484660000.0,repaired
HPS,2022,-88344785.0,948a355d-1586-40ff-9998-91d21fa3abb2,4573000000.0,-88340000.0,4484660000.0,repaired
HPS,2022,-88344785.0,7b152ba5-1402-4d99-9ccb-d02c3893eef7,4573000000.0,-88340000.0,4484660000.0,repaired
HPS,2022,-88344785.0,41f6f31f-1c7d-4d44-b9c9-0f8b96d7f24f,4573000000.0,-88340000.0,4484660000.0,repaired
HPS,2022,-88344785.0,485e070c-e4f0-4d58-b133-e578434990f8,4573000000.0,-88340000.0,4484660000.0,repaired
HPS,2022,-88344785.0,948a355d-1586-40ff-9998-91d21fa3abb2,4573000000.0,-88340000.0,4484660000.0,repaired
HPS,2022,-88344785.0,7b152ba5-1402-4d99-9ccb-d02c3893eef7,4573000000.0,-88340000.0,4484660000.0,repaired
HPS,2022,-88344785.0,41f6f31f-1c7d-4d44-b9c9-0f8b96d7f24f,4573000000.0,-88340000.0,4484660000.0,repaired
HPS,2022,-88344785.0,485e070c-e4f0-4d58-b133-e578434990f8,4573000000.0,-88340000.0,4484660000.0,repaired
HPS,2022,-88344785.0,948a355d-1586-40ff-9998-91d21fa3abb2,4573000000.0,-88340000.0,4484660000.0,repaired
HPS,2022,-88344785.0,7b152ba5-1402-4d99-9ccb-d02c3893eef7,4573000000.0,-88340000.0,4484660000.0,repaired
HPS,2022,-88344785.0,41f6f31f-1c7d-4d44-b9c9-0f8b96d7f24f,4573000000.0,-88340000.0,4484660000.0,repaired
HPS,2022,-88344785.0,485e070c-e4f0-4d58-b133-e578434990f8,4573000000.0,-88340000.0,4484660000.0,repaired
HPS,2022,-88344785.0,948a355d-1586-40ff-9998-91d21fa3abb2,4573000000.0,-88340000.0,4484660000.0,repaired
HPS,2022,-88344785.0,7b152ba5-1402-4d99-9ccb-d02c3893eef7,4573000000.0,-88340000.0,4484660000.0,repaired
HPS,2022,-88344785.0,41f6f31f-1c7d-4d44-b9c9-0f8b96d7f24f,4573000000.0,-88340000.0,4484660000.0,repaired
HPS,2022,-88344785.0,485e070c-e4f0-4d58-b133-e578434990f8,4573000000.0,-88340000.0,4484660000.0,repaired
HPS,2022,-88344785.0,948a355d-1586-40ff-9998-91d21fa3abb2,4573000000.0,-88340000.0,4484660000.0,repaired
HPS,2022,-88344785.0,7b152ba5-1402-4d99-9ccb-d02c3893eef7,4573000000.0,-88340000.0,4484660000.0,repaired
HPS,2022,-88344785.0,41f6f31f-1c7d-4d44-b9c9-0f8b96d7f24f,4573000000.0,-88340000.0,4484660000.0,repaired
HPS,2022,-88344785.0,485e070c-e4f0-4d58-b133-e578434990f8,4573000000.0,-88340000.0,4484660000.0,repaired
HPS,2023,-94897893.0,948a355d-1586-40ff-9998-91d21fa3abb2,4607000000.0,-94900000.0,4512100000.0,repaired
HPS,2023,-94897893.0,7b152ba5-1402-4d99-9ccb-d02c3893eef7,4607000000.0,-94900000.0,4512100000.0,repaired
HPS,2023,-94897893.0,41f6f31f-1c7d-4d44-b9c9-0f8b96d7f24f,4607000000.0,-94900000.0,4512100000.0,repaired
HPS,2023,-94897893.0,485e070c-e4f0-4d58-b133-e578434990f8,4607000000.0,-94900000.0,4512100000.0,repaired
HPS,2023,-94897893.0,948a355d-1586-40ff-9998-91d21fa3abb2,4607000000.0,-94900000.0,4512100000.0,repaired
HPS,2023,-94897893.0,7b152ba5-1402-4d99-9ccb-d02c3893eef7,4607000000.0,-94900000.0,4512100000.0,repaired
HPS,2023,-94897893.0,41f6f31f-1c7d-4d44-b9c9-0f8b96d7f24f,4607000000.0,-94900000.0,4512100000.0,repaired
HPS,2023,-94897893.0,485e070c-e4f0-4d58-b133-e578434990f8,4607000000.0,-94900000.0,4512100000.0,repaired
HPS,2023,-94897893.0,948a355d-1586-40ff-9998-91d21fa3abb2,4607000000.0,-94900000.0,4512100000.0,repaired
HPS,2023,-94897893.0,7b152ba5-1402-4d99-9ccb-d02c3893eef7,4607000000.0,-94900000.0,4512100000.0,repaired
HPS,2023,-94897893.0,41f6f31f-1c7d-4d44-b9c9-0f8b96d7f24f,4607000000.0,-94900000.0,4512100000.0,repaired
HPS,2023,-94897893.0,485e070c-e4f0-4d58-b133-e578434990f8,4607000000.0,-94900000.0,4512100000.0,repaired
HPS,2023,-94897893.0,948a355d-1586-40ff-9998-91d21fa3abb2,4607000000.0,-94900000.0,4512100000.0,repaired
HPS,2023,-94897893.0,7b152ba5-1402-4d99-9ccb-d02c3893eef7,4607000000.0,-94900000.0,4512100000.0,repaired
HPS,2023,-94897893.0,41f6f31f-1c7d-4d44-b9c9-0f8b96d7f24f,4607000000.0,-94900000.0,4512100000.0,repaired
HPS,2023,-94897893.0,485e070c-e4f0-4d58-b133-e578434990f8,4607000000.0,-94900000.0,4512100000.0,repaired
HPS,2023,-94897893.0,948a355d-1586-40ff-9998-91d21fa3abb2,4607000000.0,-94900000.0,4512100000.0,repaired
HPS,2023,-94897893.0,7b152ba5-1402-4d99-9ccb-d02c3893eef7,4607000000.0,-94900000.0,4512100000.0,repaired
HPS,2023,-94897893.0,41f6f31f-1c7d-4d44-b9c9-0f8b96d7f24f,4607000000.0,-94900000.0,4512100000.0,repaired
HPS,2023,-94897893.0,485e070c-e4f0-4d58-b133-e578434990f8,4607000000.0,-94900000.0,4512100000.0,repaired
HPS,2023,-94897893.0,948a355d-1586-40ff-9998-91d21fa3abb2,4607000000.0,-94900000.0,4512100000.0,repaired
HPS,2023,-94897893.0,7b152ba5-1402-4d99-9ccb-d02c3893eef7,4607000000.0,-94900000.0,4512100000.0,repaired
HPS,2023,-94897893.0,41f6f31f-1c7d-4d44-b9c9-0f8b96d7f24f,4607000000.0,-94900000.0,4512100000.0,repaired
HPS,2023,-94897893.0,485e070c-e4f0-4d58-b133-e578434990f8,4607000000.0,-94900000.0,4512100000.0,repaired
HPS,2023,-94897893.0,948a355d-1586-40ff-9998-91d21fa3abb2,4607000000.0,-94900000.0,4512100000.0,repaired
HPS,2023,-94897893.0,7b152ba5-1402-4d99-9ccb-d02c3893eef7,4607000000.0,-94900000.0,4512100000.0,repaired
HPS,2023,-94897893.0,41f6f31f-1c7d-4d44-b9c9-0f8b96d7f24f,4607000000.0,-94900000.0,4512100000.0,repaired
HPS,2023,-94897893.0,485e070c-e4f0-4d58-b133-e578434990f8,4607000000.0,-94900000.0,4512100000.0,repaired
HPS,2023,-94897893.0,948a355d-1586-40ff-9998-91d21fa3abb2,4607000000.0,-94900000.0,4512100000.0,repaired
HPS,2023,-94897893.0,7b152ba5-1402-4d99-9ccb-d02c3893eef7,4607000000.0,-94900000.0,4512100000.0,repaired
HPS,2023,-94897893.0,41f6f31f-1c7d-4d44-b9c9-0f8b96d7f24f,4607000000.0,-94900000.0,4512100000.0,repaired
HPS,2023,-94897893.0,485e070c-e4f0-4d58-b133-e578434990f8,4607000000.0,-94900000.0,4512100000.0,repaired
HPS,2023,-94897893.0,948a355d-1586-40ff-9998-91d21fa3abb2,4607000000.0,-94900000.0,4512100000.0,repaired
HPS,2023,-94897893.0,7b152ba5-1402-4d99-9ccb-d02c3893eef7,4607000000.0,-94900000.0,4512100000.0,repaired
HPS,2023,-94897893.0,41f6f31f-1c7d-4d44-b9c9-0f8b96d7f24f,4607000000.0,-94900000.0,4512100000.0,repaired
HPS,2023,-94897893.0,485e070c-e4f0-4d58-b133-e578434990f8,4607000000.0,-94900000.0,4512100000.0,repaired
HPS,2023,-94897893.0,948a355d-1586-40ff-9998-91d21fa3abb2,4607000000.0,-94900000.0,4512100000.0,repaired
HPS,2023,-94897893.0,7b152ba5-1402-4d99-9ccb-d02c3893eef7,4607000000.0,-94900000.0,4512100000.0,repaired
HPS,2023,-94897893.0,41f6f31f-1c7d-4d44-b9c9-0f8b96d7f24f,4607000000.0,-94900000.0,4512100000.0,repaired
HPS,2023,-94897893.0,485e070c-e4f0-4d58-b133-e578434990f8,4607000000.0,-94900000.0,4512100000.0,repaired
HPS,2023,-94897893.0,948a355d-1586-40ff-9998-91d21fa3abb2,4607000000.0,-94900000.0,4512100000.0,repaired
HPS,2023,-94897893.0,7b152ba5-1402-4d99-9ccb-d02c3893eef7,4607000000.0,-94900000.0,4512100000.0,repaired
HPS,2023,-94897893.0,41f6f31f-1c7d-4d44-b9c9-0f8b96d7f24f,4607000000.0,-94900000.0,4512100000.0,repaired
HPS,2023,-94897893.0,485e070c-e4f0-4d58-b133-e578434990f8,4607000000.0,-94900000.0,4512100000.0,repaired
HPS,2023,-94897893.0,948a355d-1586-40ff-9998-91d21fa3abb2,4607000000.0,-94900000.0,4512100000.0,repaired
HPS,2023,-94897893.0,7b152ba5-1402-4d99-9ccb-d02c3893eef7,4607000000.0,-94900000.0,4512100000.0,repaired
HPS,2023,-94897893.0,41f6f31f-1c7d-4d44-b9c9-0f8b96d7f24f,4607000000.0,-94900000.0,4512100000.0,repaired
HPS,2023,-94897893.0,485e070c-e4f0-4d58-b133-e578434990f8,4607000000.0,-94900000.0,4512100000.0,repaired
HPS,2023,-94897893.0,948a355d-1586-40ff-9998-91d21fa3abb2,4607000000.0,-94900000.0,4512100000.0,repaired
HPS,2023,-94897893.0,7b152ba5-1402-4d99-9ccb-d02c3893eef7,4607000000.0,-94900000.0,4512100000.0,repaired
HPS,2023,-94897893.0,41f6f31f-1c7d-4d44-b9c9-0f8b96d7f24f,4607000000.0,-94900000.0,4512100000.0,repaired
HPS,2023,-94897893.0,485e070c-e4f0-4d58-b133-e578434990f8,4607000000.0,-94900000.0,4512100000.0,repaired
HPS,2023,-94897893.0,948a355d-1586-40ff-9998-91d21fa3abb2,4607000000.0,-94900000.0,4512100000.0,repaired
HPS,2023,-94897893.0,7b152ba5-1402-4d99-9ccb-d02c3893eef7,4607000000.0,-94900000.0,4512100000.0,repaired
HPS,2023,-94897893.0,41f6f31f-1c7d-4d44-b9c9-0f8b96d7f24f,4607000000.0,-94900000.0,4512100000.0,repaired
HPS,2023,-94897893.0,485e070c-e4f0-4d58-b133-e578434990f8,4607000000.0,-94900000.0,4512100000.0,repaired
HPS,2023,-94897893.0,948a355d-1586-40ff-9998-91d21fa3abb2,4607000000.0,-94900000.0,4512100000.0,repaired
HPS,2023,-94897893.0,7b152ba5-1402-4d99-9ccb-d02c3893eef7,4607000000.0,-94900000.0,4512100000.0,repaired
HPS,2023,-94897893.0,41f6f31f-1c7d-4d44-b9c9-0f8b96d7f24f,4607000000.0,-94900000.0,4512100000.0,repaired
HPS,2023,-94897893.0,485e070c-e4f0-4d58-b133-e578434990f8,4607000000.0,-94900000.0,4512100000.0,repaired
HPS,2023,-94897893.0,948a355d-1586-40ff-9998-91d21fa3abb2,4607000000.0,-94900000.0,4512100000.0,repaired
HPS,2023,-94897893.0,7b152ba5-1402-4d99-9ccb-d02c3893eef7,4607000000.0,-94900000.0,4512100000.0,repaired
HPS,2023,-94897893.0,41f6f31f-1c7d-4d44-b9c9-0f8b96d7f24f,4607000000.0,-94900000.0,4512100000.0,repaired
HPS,2023,-94897893.0,485e070c-e4f0-4d58-b133-e578434990f8,4607000000.0,-94900000.0,4512100000.0,repaired
IAM,2021,14420000000.0,9626d468-0e7c-4aa1-8d53-07745956dafc,122534462156580.0,14420000000.0,122548882156580.0,repaired
IAM,2021,14420000000.0,9626d468-0e7c-4aa1-8d53-07745956dafc,122534462156580.0,14420000000.0,122548882156580.0,repaired
IAM,2021,14420000000.0,9626d468-0e7c-4aa1-8d53-07745956dafc,122534462156580.0,14420000000.0,122548882156580.0,repaired
IAM,2021,14420000000.0,9626d468-0e7c-4aa1-8d53-07745956dafc,122534462156580.0,14420000000.0,122548882156580.0,repaired
IAM,2021,14420000000.0,9626d468-0e7c-4aa1-8d53-07745956dafc,122534462156580.0,14420000000.0,122548882156580.0,repaired
IAM,2021,14420000000.0,9626d468-0e7c-4aa1-8d53-07745956dafc,122534462156580.0,14420000000.0,122548882156580.0,repaired
IAM,2021,14420000000.0,9626d468-0e7c-4aa1-8d53-07745956dafc,122534462156580.0,14420000000.0,122548882156580.0,repaired
IAM,2021,14420000000.0,9626d468-0e7c-4aa1-8d53-07745956dafc,122534462156580.0,14420000000.0,122548882156580.0,repaired
IAM,2021,14420000000.0,9626d468-0e7c-4aa1-8d53-07745956dafc,122534462156580.0,14420000000.0,122548882156580.0,repaired
IMO,2021,-3243000.0,948a355d-1586-40ff-9998-91d21fa3abb2,941000000.0,47510000.0,988510000.0,repaired
IMO,2021,-3243000.0,485e070c-e4f0-4d58-b133-e578434990f8,941000000.0,47510000.0,988510000.0,repaired
IMO,2021,-3243000.0,7b152ba5-1402-4d99-9ccb-d02c3893eef7,941000000.0,47510000.0,988510000.0,repaired
IMO,2021,-3243000.0,948a355d-1586-40ff-9998-91d21fa3abb2,941000000.0,47510000.0,988510000.0,repaired
IMO,2021,-3243000.0,485e070c-e4f0-4d58-b133-e578434990f8,941000000.0,47510000.0,988510000.0,repaired
IMO,2021,-3243000.0,7b152ba5-1402-4d99-9ccb-d02c3893eef7,941000000.0,47510000.0,988510000.0,repaired
IMO,2021,-3243000.0,948a355d-1586-40ff-9998-91d21fa3abb2,941000000.0,47510000.0,988510000.0,repaired
IMO,2021,-3243000.0,485e070c-e4f0-4d58-b133-e578434990f8,941000000.0,47510000.0,988510000.0,repaired
IMO,2021,-3243000.0,7b152ba5-1402-4d99-9ccb-d02c3893eef7,941000000.0,47510000.0,988510000.0,repaired
IMO,2022,-9758000.0,948a355d-1586-40ff-9998-91d21fa3abb2,867000000.0,-9760000.0,857240000.0,repaired
IMO,2022,-9758000.0,7b152ba5-1402-4d99-9ccb-d02c3893eef7,867000000.0,-9760000.0,857240000.0,repaired
IMO,2022,-9758000.0,485e070c-e4f0-4d58-b133-e578434990f8,867000000.0,-9760000.0,857240000.0,repaired
IMO,2022,-9758000.0,948a355d-1586-40ff-9998-91d21fa3abb2,867000000.0,-9760000.0,857240000.0,repaired
IMO,2022,-9758000.0,7b152ba5-1402-4d99-9ccb-d02c3893eef7,867000000.0,-9760000.0,857240000.0,repaired
IMO,2022,-9758000.0,485e070c-e4f0-4d58-b133-e578434990f8,867000000.0,-9760000.0,857240000.0,repaired
IMO,2022,-9758000.0,948a355d-1586-40ff-9998-91d21fa3abb2,867000000.0,-9760000.0,857240000.0,repaired
IMO,2022,-9758000.0,7b152ba5-1402-4d99-9ccb-d02c3893eef7,867000000.0,-9760000.0,857240000.0,repaired
IMO,2022,-9758000.0,485e070c-e4f0-4d58-b133-e578434990f8,867000000.0,-9760000.0,857240000.0,repaired
IMO,2022,-9758000.0,948a355d-1586-40ff-9998-91d21fa3abb2,867000000.0,-9760000.0,857240000.0,repaired
IMO,2022,-9758000.0,7b152ba5-1402-4d99-9ccb-d02c3893eef7,867000000.0,-9760000.0,857240000.0,repaired
IMO,2022,-9758000.0,485e070c-e4f0-4d58-b133-e578434990f8,867000000.0,-9760000.0,857240000.0,repaired
IMO,2022,-9758000.0,948a355d-1586-40ff-9998-91d21fa3abb2,867000000.0,-9760000.0,857240000.0,repaired
IMO,2022,-9758000.0,7b152ba5-1402-4d99-9ccb-d02c3893eef7,867000000.0,-9760000.0,857240000.0,repaired
IMO,2022,-9758000.0,485e070c-e4f0-4d58-b133-e578434990f8,867000000.0,-9760000.0,857240000.0,repaired
IMO,2022,-9758000.0,948a355d-1586-40ff-9998-91d21fa3abb2,867000000.0,-9760000.0,857240000.0,repaired
IMO,2022,-9758000.0,7b152ba5-1402-4d99-9ccb-d02c3893eef7,867000000.0,-9760000.0,857240000.0,repaired
IMO,2022,-9758000.0,485e070c-e4f0-4d58-b133-e578434990f8,867000000.0,-9760000.0,857240000.0,repaired
IMO,2022,-9758000.0,948a355d-1586-40ff-9998-91d21fa3abb2,867000000.0,-9760000.0,857240000.0,repaired
IMO,2022,-9758000.0,7b152ba5-1402-4d99-9ccb-d02c3893eef7,867000000.0,-9760000.0,857240000.0,repaired
IMO,2022,-9758000.0,485e070c-e4f0-4d58-b133-e578434990f8,867000000.0,-9760000.0,857240000.0,repaired
IMO,2022,-9758000.0,948a355d-1586-40ff-9998-91d21fa3abb2,867000000.0,-9760000.0,857240000.0,repaired
IMO,2022,-9758000.0,7b152ba5-1402-4d99-9ccb-d02c3893eef7,867000000.0,-9760000.0,857240000.0,repaired
IMO,2022,-9758000.0,485e070c-e4f0-4d58-b133-e578434990f8,867000000.0,-9760000.0,857240000.0,repaired
IMO,2022,-9758000.0,948a355d-1586-40ff-9998-91d21fa3abb2,867000000.0,-9760000.0,857240000.0,repaired
IMO,2022,-9758000.0,7b152ba5-1402-4d99-9ccb-d02c3893eef7,867000000.0,-9760000.0,857240000.0,repaired
IMO,2022,-9758000.0,485e070c-e4f0-4d58-b133-e578434990f8,867000000.0,-9760000.0,857240000.0,repaired
IMO,2023,92054000.0,41f6f31f-1c7d-4d44-b9c9-0f8b96d7f24f,838000000.0,92050000.0,930050000.0,repaired
IMO,2023,92054000.0,7b152ba5-1402-4d99-9ccb-d02c3893eef7,838000000.0,92050000.0,930050000.0,repaired
IMO,2023,92054000.0,485e070c-e4f0-4d58-b133-e578434990f8,838000000.0,92050000.0,930050000.0,repaired
IMO,2023,92054000.0,948a355d-1586-40ff-9998-91d21fa3abb2,838000000.0,92050000.0,930050000.0,repaired
IMO,2023,92054000.0,41f6f31f-1c7d-4d44-b9c9-0f8b96d7f24f,838000000.0,92050000.0,930050000.0,repaired
IMO,2023,92054000.0,7b152ba5-1402-4d99-9ccb-d02c3893eef7,838000000.0,92050000.0,930050000.0,repaired
IMO,2023,92054000.0,485e070c-e4f0-4d58-b133-e578434990f8,838000000.0,92050000.0,930050000.0,repaired
IMO,2023,92054000.0,948a355d-1586-40ff-9998-91d21fa3abb2,838000000.0,92050000.0,930050000.0,repaired
IMO,2023,92054000.0,41f6f31f-1c7d-4d44-b9c9-0f8b96d7f24f,838000000.0,92050000.0,930050000.0,repaired
IMO,2023,92054000.0,7b152ba5-1402-4d99-9ccb-d02c3893eef7,838000000.0,92050000.0,930050000.0,repaired
IMO,2023,92054000.0,485e070c-e4f0-4d58-b133-e578434990f8,838000000.0,92050000.0,930050000.0,repaired
IMO,2023,92054000.0,948a355d-1586-40ff-9998-91d21fa3abb2,838000000.0,92050000.0,930050000.0,repaired
IMO,2023,92054000.0,41f6f31f-1c7d-4d44-b9c9-0f8b96d7f24f,838000000.0,92050000.0,930050000.0,repaired
IMO,2023,92054000.0,7b152ba5-1402-4d99-9ccb-d02c3893eef7,838000000.0,92050000.0,930050000.0,repaired
IMO,2023,92054000.0,485e070c-e4f0-4d58-b133-e578434990f8,838000000.0,92050000.0,930050000.0,repaired
IMO,2023,92054000.0,948a355d-1586-40ff-9998-91d21fa3abb2,838000000.0,92050000.0,930050000.0,repaired
IMO,2023,92054000.0,41f6f31f-1c7d-4d44-b9c9-0f8b96d7f24f,838000000.0,92050000.0,930050000.0,repaired
IMO,2023,92054000.0,7b152ba5-1402-4d99-9ccb-d02c3893eef7,838000000.0,92050000.0,930050000.0,repaired
IMO,2023,92054000.0,485e070c-e4f0-4d58-b133-e578434990f8,838000000.0,92050000.0,930050000.0,repaired
IMO,2023,92054000.0,948a355d-1586-40ff-9998-91d21fa3abb2,838000000.0,92050000.0,930050000.0,repaired
IMO,2023,92054000.0,41f6f31f-1c7d-4d44-b9c9-0f8b96d7f24f,838000000.0,92050000.0,930050000.0,repaired
IMO,2023,92054000.0,7b152ba5-1402-4d99-9ccb-d02c3893eef7,838000000.0,92050000.0,930050000.0,repaired
IMO,2023,92054000.0,485e070c-e4f0-4d58-b133-e578434990f8,838000000.0,92050000.0,930050000.0,repaired
IMO,2023,92054000.0,948a355d-1586-40ff-9998-91d21fa3abb2,838000000.0,92050000.0,930050000.0,repaired
IMO,2023,92054000.0,41f6f31f-1c7d-4d44-b9c9-0f8b96d7f24f,838000000.0,92050000.0,930050000.0,repaired
IMO,2023,92054000.0,7b152ba5-1402-4d99-9ccb-d02c3893eef7,838000000.0,92050000.0,930050000.0,repaired
IMO,2023,92054000.0,485e070c-e4f0-4d58-b133-e578434990f8,838000000.0,92050000.0,930050000.0,repaired
IMO,2023,92054000.0,948a355d-1586-40ff-9998-91d21fa3abb2,838000000.0,92050000.0,930050000.0,repaired
IMO,2023,92054000.0,41f6f31f-1c7d-4d44-b9c9-0f8b96d7f24f,838000000.0,92050000.0,930050000.0,repaired
IMO,2023,92054000.0,7b152ba5-1402-4d99-9ccb-d02c3893eef7,838000000.0,92050000.0,930050000.0,repaired
IMO,2023,92054000.0,485e070c-e4f0-4d58-b133-e578434990f8,838000000.0,92050000.0,930050000.0,repaired
IMO,2023,92054000.0,948a355d-1586-40ff-9998-91d21fa3abb2,838000000.0,92050000.0,930050000.0,repaired
IMO,2023,92054000.0,41f6f31f-1c7d-4d44-b9c9-0f8b96d7f24f,838000000.0,92050000.0,930050000.0,repaired
IMO,2023,92054000.0,7b152ba5-1402-4d99-9ccb-d02c3893eef7,838000000.0,92050000.0,930050000.0,repaired
IMO,2023,92054000.0,485e070c-e4f0-4d58-b133-e578434990f8,838000000.0,92050000.0,930050000.0,repaired
IMO,2023,92054000.0,948a355d-1586-40ff-9998-91d21fa3abb2,838000000.0,92050000.0,930050000.0,repaired
INV,2020,30672070.499999996,41f6f31f-1c7d-4d44-b9c9-0f8b96d7f24f,45000000.0,30570000.0,75570000.0,repaired
INV,2020,30672070.499999996,41f6f31f-1c7d-4d44-b9c9-0f8b96d7f24f,45000000.0,30570000.0,75570000.0,repaired
INV,2020,30672070.499999996,41f6f31f-1c7d-4d44-b9c9-0f8b96d7f24f,45000000.0,30570000.0,75570000.0,repaired
INV,2020,30672070.499999996,41f6f31f-1c7d-4d44-b9c9-0f8b96d7f24f,45000000.0,30570000.0,75570000.0,repaired
INV,2020,30672070.499999996,41f6f31f-1c7d-4d44-b9c9-0f8b96d7f24f,45000000.0,30570000.0,75570000.0,repaired
INV,2020,30672070.499999996,41f6f31f-1c7d-4d44-b9c9-0f8b96d7f24f,45000000.0,30570000.0,75570000.0,repaired
INV,2020,30672070.499999996,41f6f31f-1c7d-4d44-b9c9-0f8b96d7f24f,45000000.0,30570000.0,75570000.0,repaired
INV,2020,30672070.499999996,41f6f31f-1c7d-4d44-b9c9-0f8b96d7f24f,45000000.0,30570000.0,75570000.0,repaired
INV,2020,30672070.499999996,41f6f31f-1c7d-4d44-b9c9-0f8b96d7f24f,45000000.0,30570000.0,75570000.0,repaired
INV,2020,30672070.499999996,41f6f31f-1c7d-4d44-b9c9-0f8b96d7f24f,45000000.0,30570000.0,75570000.0,repaired
INV,2020,30672070.499999996,41f6f31f-1c7d-4d44-b9c9-0f8b96d7f24f,45000000.0,30570000.0,75570000.0,repaired
INV,2020,30672070.499999996,41f6f31f-1c7d-4d44-b9c9-0f8b96d7f24f,45000000.0,30570000.0,75570000.0,repaired
INV,2020,30672070.499999996,41f6f31f-1c7d-4d44-b9c9-0f8b96d7f24f,45000000.0,30570000.0,75570000.0,repaired
INV,2020,30672070.499999996,41f6f31f-1c7d-4d44-b9c9-0f8b96d7f24f,45000000.0,30570000.0,75570000.0,repaired
INV,2020,30672070.499999996,41f6f31f-1c7d-4d44-b9c9-0f8b96d7f24f,45000000.0,30570000.0,75570000.0,repaired
INV,2020,30672070.499999996,41f6f31f-1c7d-4d44-b9c9-0f8b96d7f24f,45000000.0,30570000.0,75570000.0,repaired
INV,2021,21673708.29,485e070c-e4f0-4d58-b133-e578434990f8,48000000.0,21580000.0,69580000.0,repaired
INV,2021,21674030.180000003,41f6f31f-1c7d-4d44-b9c9-0f8b96d7f24f,48000000.0,21580000.0,69580000.0,repaired
INV,2021,21673708.29,7b152ba5-1402-4d99-9ccb-d02c3893eef7,48000000.0,21580000.0,69580000.0,repaired
INV,2021,21673708.29,948a355d-1586-40ff-9998-91d21fa3abb2,48000000.0,21580000.0,69580000.0,repaired
INV,2021,21673708.29,485e070c-e4f0-4d58-b133-e578434990f8,48000000.0,21580000.0,69580000.0,repaired
INV,2021,21674030.180000003,41f6f31f-1c7d-4d44-b9c9-0f8b96d7f24f,48000000.0,21580000.0,69580000.0,repaired
INV,2021,21673708.29,7b152ba5-1402-4d99-9ccb-d02c3893eef7,48000000.0,21580000.0,69580000.0,repaired
INV,2021,21673708.29,948a355d-1586-40ff-9998-91d21fa3abb2,48000000.0,21580000.0,69580000.0,repaired
INV,2021,21673708.29,485e070c-e4f0-4d58-b133-e578434990f8,48000000.0,21580000.0,69580000.0,repaired
INV,2021,21674030.180000003,41f6f31f-1c7d-4d44-b9c9-0f8b96d7f24f,48000000.0,21580000.0,69580000.0,repaired
INV,2021,21673708.29,7b152ba5-1402-4d99-9ccb-d02c3893eef7,48000000.0,21580000.0,69580000.0,repaired
INV,2021,21673708.29,948a355d-1586-40ff-9998-91d21fa3abb2,48000000.0,21580000.0,69580000.0,repaired
INV,2021,21673708.29,485e070c-e4f0-4d58-b133-e578434990f8,48000000.0,21580000.0,69580000.0,repaired
INV,2021,21674030.180000003,41f6f31f-1c7d-4d44-b9c9-0f8b96d7f24f,48000000.0,21580000.0,69580000.0,repaired
INV,2021,21673708.29,7b152ba5-1402-4d99-9ccb-d02c3893eef7,48000000.0,21580000.0,69580000.0,repaired
INV,2021,21673708.29,948a355d-1586-40ff-9998-91d21fa3abb2,48000000.0,21580000.0,69580000.0,repaired
INV,2021,21673708.29,485e070c-e4f0-4d58-b133-e578434990f8,48000000.0,21580000.0,69580000.0,repaired
INV,2021,21674030.180000003,41f6f31f-1c7d-4d44-b9c9-0f8b96d7f24f,48000000.0,21580000.0,69580000.0,repaired
INV,2021,21673708.29,7b152ba5-1402-4d99-9ccb-d02c3893eef7,48000000.0,21580000.0,69580000.0,repaired
INV,2021,21673708.29,948a355d-1586-40ff-9998-91d21fa3abb2,48000000.0,21580000.0,69580000.0,repaired
INV,2021,21673708.29,485e070c-e4f0-4d58-b133-e578434990f8,48000000.0,21580000.0,69580000.0,repaired
INV,2021,21674030.180000003,41f6f31f-1c7d-4d44-b9c9-0f8b96d7f24f,48000000.0,21580000.0,69580000.0,repaired
INV,2021,21673708.29,7b152ba5-1402-4d99-9ccb-d02c3893eef7,48000000.0,21580000.0,69580000.0,repaired
INV,2021,21673708.29,948a355d-1586-40ff-9998-91d21fa3abb2,48000000.0,21580000.0,69580000.0,repaired
INV,2021,21673708.29,485e070c-e4f0-4d58-b133-e578434990f8,48000000.0,21580000.0,69580000.0,repaired
INV,2021,21674030.180000003,41f6f31f-1c7d-4d44-b9c9-0f8b96d7f24f,48000000.0,21580000.0,69580000.0,repaired
INV,2021,21673708.29,7b152ba5-1402-4d99-9ccb-d02c3893eef7,48000000.0,21580000.0,69580000.0,repaired
INV,2021,21673708.29,948a355d-1586-40ff-9998-91d21fa3abb2,48000000.0,21580000.0,69580000.0,repaired
INV,2021,21673708.29,485e070c-e4f0-4d58-b133-e578434990f8,48000000.0,21580000.0,69580000.0,repaired
INV,2021,21674030.180000003,41f6f31f-1c7d-4d44-b9c9-0f8b96d7f24f,48000000.0,21580000.0,69580000.0,repaired
INV,2021,21673708.29,7b152ba5-1402-4d99-9ccb-d02c3893eef7,48000000.0,21580000.0,69580000.0,repaired
INV,2021,21673708.29,948a355d-1586-40ff-9998-91d21fa3abb2,48000000.0,21580000.0,69580000.0,repaired
INV,2021,21673708.29,485e070c-e4f0-4d58-b133-e578434990f8,48000000.0,21580000.0,69580000.0,repaired
INV,2021,21674030.180000003,41f6f31f-1c7d-4d44-b9c9-0f8b96d7f24f,48000000.0,21580000.0,69580000.0,repaired
INV,2021,21673708.29,7b152ba5-1402-4d99-9ccb-d02c3893eef7,48000000.0,21580000.0,69580000.0,repaired
INV,2021,21673708.29,948a355d-1586-40ff-9998-91d21fa3abb2,48000000.0,21580000.0,69580000.0,repaired
INV,2021,21673708.29,485e070c-e4f0-4d58-b133-e578434990f8,48000000.0,21580000.0,69580000.0,repaired
INV,2021,21674030.180000003,41f6f31f-1c7d-4d44-b9c9-0f8b96d7f24f,48000000.0,21580000.0,69580000.0,repaired
INV,2021,21673708.29,7b152ba5-1402-4d99-9ccb-d02c3893eef7,48000000.0,21580000.0,69580000.0,repaired
INV,2021,21673708.29,948a355d-1586-40ff-9998-91d21fa3abb2,48000000.0,21580000.0,69580000.0,repaired
INV,2021,21673708.29,485e070c-e4f0-4d58-b133-e578434990f8,48000000.0,21580000.0,69580000.0,repaired
INV,2021,21674030.180000003,41f6f31f-1c7d-4d44-b9c9-0f8b96d7f24f,48000000.0,21580000.0,69580000.0,repaired
INV,2021,21673708.29,7b152ba5-1402-4d99-9ccb-d02c3893eef7,48000000.0,21580000.0,69580000.0,repaired
INV,2021,21673708.29,948a355d-1586-40ff-9998-91d21fa3abb2,48000000.0,21580000.0,69580000.0,repaired
INV,2021,21673708.29,485e070c-e4f0-4d58-b133-e578434990f8,48000000.0,21580000.0,69580000.0,repaired
INV,2021,21674030.180000003,41f6f31f-1c7d-4d44-b9c9-0f8b96d7f24f,48000000.0,21580000.0,69580000.0,repaired
INV,2021,21673708.29,7b152ba5-1402-4d99-9ccb-d02c3893eef7,48000000.0,21580000.0,69580000.0,repaired
INV,2021,21673708.29,948a355d-1586-40ff-9998-91d21fa3abb2,48000000.0,21580000.0,69580000.0,repaired
INV,2022,25703008.34,7b152ba5-1402-4d99-9ccb-d02c3893eef7,40000000.0,25610000.0,65610000.0,repaired
INV,2022,25702986.16,41f6f31f-1c7d-4d44-b9c9-0f8b96d7f24f,40000000.0,25610000.0,65610000.0,repaired
INV,2022,25703008.34,948a355d-1586-40ff-9998-91d21fa3abb2,40000000.0,25610000.0,65610000.0,repaired
INV,2022,25703008.34,485e070c-e4f0-4d58-b133-e578434990f8,40000000.0,25610000.0,65610000.0,repaired
INV,2022,25703008.34,7b152ba5-1402-4d99-9ccb-d02c3893eef7,40000000.0,25610000.0,65610000.0,repaired
INV,2022,25702986.16,41f6f31f-1c7d-4d44-b9c9-0f8b96d7f24f,40000000.0,25610000.0,65610000.0,repaired
INV,2022,25703008.34,948a355d-1586-40ff-9998-91d21fa3abb2,40000000.0,25610000.0,65610000.0,repaired
INV,2022,25703008.34,485e070c-e4f0-4d58-b133-e578434990f8,40000000.0,25610000.0,65610000.0,repaired
INV,2022,25703008.34,7b152ba5-1402-4d99-9ccb-d02c3893eef7,40000000.0,25610000.0,65610000.0,repaired
INV,2022,25702986.16,41f6f31f-1c7d-4d44-b9c9-0f8b96d7f24f,40000000.0,25610000.0,65610000.0,repaired
INV,2022,25703008.34,948a355d-1586-40ff-9998-91d21fa3abb2,40000000.0,25610000.0,65610000.0,repaired
INV,2022,25703008.34,485e070c-e4f0-4d58-b133-e578434990f8,40000000.0,25610000.0,65610000.0,repaired
INV,2022,25703008.34,7b152ba5-1402-4d99-9ccb-d02c3893eef7,40000000.0,25610000.0,65610000.0,repaired
INV,2022,25702986.16,41f6f31f-1c7d-4d44-b9c9-0f8b96d7f24f,40000000.0,25610000.0,65610000.0,repaired
INV,2022,25703008.34,948a355d-1586-40ff-9998-91d21fa3abb2,40000000.0,25610000.0,65610000.0,repaired
INV,2022,25703008.34,485e070c-e4f0-4d58-b133-e578434990f8,40000000.0,25610000.0,65610000.0,repaired
INV,2022,25703008.34,7b152ba5-1402-4d99-9ccb-d02c3893eef7,40000000.0,25610000.0,65610000.0,repaired
INV,2022,25702986.16,41f6f31f-1c7d-4d44-b9c9-0f8b96d7f24f,40000000.0,25610000.0,65610000.0,repaired
INV,2022,25703008.34,948a355d-1586-40ff-9998-91d21fa3abb2,40000000.0,25610000.0,65610000.0,repaired
INV,2022,25703008.34,485e070c-e4f0-4d58-b133-e578434990f8,40000000.0,25610000.0,65610000.0,repaired
INV,2022,25703008.34,7b152ba5-1402-4d99-9ccb-d02c3893eef7,40000000.0,25610000.0,65610000.0,repaired
INV,2022,25702986.16,41f6f31f-1c7d-4d44-b9c9-0f8b96d7f24f,40000000.0,25610000.0,65610000.0,repaired
INV,2022,25703008.34,948a355d-1586-40ff-9998-91d21fa3abb2,40000000.0,25610000.0,65610000.0,repaired
INV,2022,25703008.34,485e070c-e4f0-4d58-b133-e578434990f8,40000000.0,25610000.0,65610000.0,repaired
INV,2022,25703008.34,7b152ba5-1402-4d99-9ccb-d02c3893eef7,40000000.0,25610000.0,65610000.0,repaired
INV,2022,25702986.16,41f6f31f-1c7d-4d44-b9c9-0f8b96d7f24f,40000000.0,25610000.0,65610000.0,repaired
INV,2022,25703008.34,948a355d-1586-40ff-9998-91d21fa3abb2,40000000.0,25610000.0,65610000.0,repaired
INV,2022,25703008.34,485e070c-e4f0-4d58-b133-e578434990f8,40000000.0,25610000.0,65610000.0,repaired
INV,2022,25703008.34,7b152ba5-1402-4d99-9ccb-d02c3893eef7,40000000.0,25610000.0,65610000.0,repaired
INV,2022,25702986.16,41f6f31f-1c7d-4d44-b9c9-0f8b96d7f24f,40000000.0,25610000.0,65610000.0,repaired
INV,2022,25703008.34,948a355d-1586-40ff-9998-91d21fa3abb2,40000000.0,25610000.0,65610000.0,repaired
INV,2022,25703008.34,485e070c-e4f0-4d58-b133-e578434990f8,40000000.0,25610000.0,65610000.0,repaired
INV,2022,25703008.34,7b152ba5-1402-4d99-9ccb-d02c3893eef7,40000000.0,25610000.0,65610000.0,repaired
INV,2022,25702986.16,41f6f31f-1c7d-4d44-b9c9-0f8b96d7f24f,40000000.0,25610000.0,65610000.0,repaired
INV,2022,25703008.34,948a355d-1586-40ff-9998-91d21fa3abb2,40000000.0,25610000.0,65610000.0,repaired
INV,2022,25703008.34,485e070c-e4f0-4d58-b133-e578434990f8,40000000.0,25610000.0,65610000.0,repaired
INV,2022,25703008.34,7b152ba5-1402-4d99-9ccb-d02c3893eef7,40000000.0,25610000.0,65610000.0,repaired
INV,2022,25702986.16,41f6f31f-1c7d-4d44-b9c9-0f8b96d7f24f,40000000.0,25610000.0,65610000.0,repaired
INV,2022,25703008.34,948a355d-1586-40ff-9998-91d21fa3abb2,40000000.0,25610000.0,65610000.0,repaired
INV,2022,25703008.34,485e070c-e4f0-4d58-b133-e578434990f8,40000000.0,25610000.0,65610000.0,repaired
INV,2022,25703008.34,7b152ba5-1402-4d99-9ccb-d02c3893eef7,40000000.0,25610000.0,65610000.0,repaired
INV,2022,25702986.16,41f6f31f-1c7d-4d44-b9c9-0f8b96d7f24f,40000000.0,25610000.0,65610000.0,repaired
INV,2022,25703008.34,948a355d-1586-40ff-9998-91d21fa3abb2,40000000.0,25610000.0,65610000.0,repaired
INV,2022,25703008.34,485e070c-e4f0-4d58-b133-e578434990f8,40000000.0,25610000.0,65610000.0,repaired
INV,2022,25703008.34,7b152ba5-1402-4d99-9ccb-d02c3893eef7,40000000.0,25610000.0,65610000.0,repaired
INV,2022,25702986.16,41f6f31f-1c7d-4d44-b9c9-0f8b96d7f24f,40000000.0,25610000.0,65610000.0,repaired
INV,2022,25703008.34,948a355d-1586-40ff-9998-91d21fa3abb2,40000000.0,25610000.0,65610000.0,repaired
INV,2022,25703008.34,485e070c-e4f0-4d58-b133-e578434990f8,40000000.0,25610000.0,65610000.0,repaired
LBV,2021,2909298000.0,948a355d-1586-40ff-9998-91d21fa3abb2,14053000000.0,2691000000.0,16744000000.0,repaired
LBV,2021,2909298000.0,485e070c-e4f0-4d58-b133-e578434990f8,14053000000.0,2691000000.0,16744000000.0,repaired
LBV,2021,2909297696.29,41f6f31f-1c7d-4d44-b9c9-0f8b96d7f24f,14053000000.0,2691000000.0,16744000000.0,repaired
LBV,2021,2909298000.0,7b152ba5-1402-4d99-9ccb-d02c3893eef7,14053000000.0,2691000000.0,16744000000.0,repaired
LBV,2021,2909298000.0,948a355d-1586-40ff-9998-91d21fa3abb2,14053000000.0,2691000000.0,16744000000.0,repaired
LBV,2021,2909298000.0,485e070c-e4f0-4d58-b133-e578434990f8,14053000000.0,2691000000.0,16744000000.0,repaired
LBV,2021,2909297696.29,41f6f31f-1c7d-4d44-b9c9-0f8b96d7f24f,14053000000.0,2691000000.0,16744000000.0,repaired
LBV,2021,2909298000.0,7b152ba5-1402-4d99-9ccb-d02c3893eef7,14053000000.0,2691000000.0,16744000000.0,repaired
LBV,2022,3267318000.0,948a355d-1586-40ff-9998-91d21fa3abb2,13457000000.0,3030000000.0,16487000000.0,repaired
LBV,2022,3267318000.0,485e070c-e4f0-4d58-b133-e578434990f8,13457000000.0,3030000000.0,16487000000.0,repaired
LBV,2022,3267318000.0,7b152ba5-1402-4d99-9ccb-d02c3893eef7,13457000000.0,3030000000.0,16487000000.0,repaired
LBV,2022,3267318290.63,41f6f31f-1c7d-4d44-b9c9-0f8b96d7f24f,13457000000.0,3030000000.0,16487000000.0,repaired
LBV,2022,3267318000.0,948a355d-1586-40ff-9998-91d21fa3abb2,13457000000.0,3030000000.0,16487000000.0,repaired
LBV,2022,3267318000.0,485e070c-e4f0-4d58-b133-e578434990f8,13457000000.0,3030000000.0,16487000000.0,repaired
LBV,2022,3267318000.0,7b152ba5-1402-4d99-9ccb-d02c3893eef7,13457000000.0,3030000000.0,16487000000.0,repaired
LBV,2022,3267318290.63,41f6f31f-1c7d-4d44-b9c9-0f8b96d7f24f,13457000000.0,3030000000.0,16487000000.0,repaired
LBV,2023,3827646322.06,7b152ba5-1402-4d99-9ccb-d02c3893eef7,12155000000.0,3650000000.0,15805000000.0,repaired
LBV,2023,3827646322.06,948a355d-1586-40ff-9998-91d21fa3abb2,12155000000.0,3650000000.0,15805000000.0,repaired
LBV,2023,3827646322.06,485e070c-e4f0-4d58-b133-e578434990f8,12155000000.0,3650000000.0,15805000000.0,repaired
LBV,2023,3827646322.06,7b152ba5-1402-4d99-9ccb-d02c3893eef7,12155000000.0,3650000000.0,15805000000.0,repaired
LBV,2023,3827646322.06,948a355d-1586-40ff-9998-91d21fa3abb2,12155000000.0,3650000000.0,15805000000.0,repaired
LBV,2023,3827646322.06,485e070c-e4f0-4d58-b133-e578434990f8,12155000000.0,3650000000.0,15805000000.0,repaired
LES,2022,-917000000.0,485e070c-e4f0-4d58-b133-e578434990f8,6355000000.0,-917000000.0,5438000000.0,repaired
LES,2022,-917000000.0,7b152ba5-1402-4d99-9ccb-d02c3893eef7,6355000000.0,-917000000.0,5438000000.0,repaired
LES,2022,-917000000.0,948a355d-1586-40ff-9998-91d21fa3abb2,6355000000.0,-917000000.0,5438000000.0,repaired
LES,2022,-917000000.0,485e070c-e4f0-4d58-b133-e578434990f8,6355000000.0,-917000000.0,5438000000.0,repaired
LES,2022,-917000000.0,7b152ba5-1402-4d99-9ccb-d02c3893eef7,6355000000.0,-917000000.0,5438000000.0,repaired
LES,2022,-917000000.0,948a355d-1586-40ff-9998-91d21fa3abb2,6355000000.0,-917000000.0,5438000000.0,repaired
LES,2022,-917000000.0,485e070c-e4f0-4d58-b133-e578434990f8,6355000000.0,-917000000.0,5438000000.0,repaired
LES,2022,-917000000.0,7b152ba5-1402-4d99-9ccb-d02c3893eef7,6355000000.0,-917000000.0,5438000000.0,repaired
LES,2022,-917000000.0,948a355d-1586-40ff-9998-91d21fa3abb2,6355000000.0,-917000000.0,5438000000.0,repaired
LES,2022,-917000000.0,485e070c-e4f0-4d58-b133-e578434990f8,6355000000.0,-917000000.0,5438000000.0,repaired
LES,2022,-917000000.0,7b152ba5-1402-4d99-9ccb-d02c3893eef7,6355000000.0,-917000000.0,5438000000.0,repaired
LES,2022,-917000000.0,948a355d-1586-40ff-9998-91d21fa3abb2,6355000000.0,-917000000.0,5438000000.0,repaired
LES,2022,-917000000.0,485e070c-e4f0-4d58-b133-e578434990f8,6355000000.0,-917000000.0,5438000000.0,repaired
LES,2022,-917000000.0,7b152ba5-1402-4d99-9ccb-d02c3893eef7,6355000000.0,-917000000.0,5438000000.0,repaired
LES,2022,-917000000.0,948a355d-1586-40ff-9998-91d21fa3abb2,6355000000.0,-917000000.0,5438000000.0,repaired
LES,2022,-917000000.0,485e070c-e4f0-4d58-b133-e578434990f8,6355000000.0,-917000000.0,5438000000.0,repaired
LES,2022,-917000000.0,7b152ba5-1402-4d99-9ccb-d02c3893eef7,6355000000.0,-917000000.0,5438000000.0,repaired
LES,2022,-917000000.0,948a355d-1586-40ff-9998-91d21fa3abb2,6355000000.0,-917000000.0,5438000000.0,repaired
LES,2022,-917000000.0,485e070c-e4f0-4d58-b133-e578434990f8,6355000000.0,-917000000.0,5438000000.0,repaired
LES,2022,-917000000.0,7b152ba5-1402-4d99-9ccb-d02c3893eef7,6355000000.0,-917000000.0,5438000000.0,repaired
LES,2022,-917000000.0,948a355d-1586-40ff-9998-91d21fa3abb2,6355000000.0,-917000000.0,5438000000.0,repaired
LES,2022,-917000000.0,485e070c-e4f0-4d58-b133-e578434990f8,6355000000.0,-917000000.0,5438000000.0,repaired
LES,2022,-917000000.0,7b152ba5-1402-4d99-9ccb-d02c3893eef7,6355000000.0,-917000000.0,5438000000.0,repaired
LES,2022,-917000000.0,948a355d-1586-40ff-9998-91d21fa3abb2,6355000000.0,-917000000.0,5438000000.0,repaired
LES,2022,-917000000.0,485e070c-e4f0-4d58-b133-e578434990f8,6355000000.0,-917000000.0,5438000000.0,repaired
LES,2022,-917000000.0,7b152ba5-1402-4d99-9ccb-d02c3893eef7,6355000000.0,-917000000.0,5438000000.0,repaired
LES,2022,-917000000.0,948a355d-1586-40ff-9998-91d21fa3abb2,6355000000.0,-917000000.0,5438000000.0,repaired
M2M,2020,-142202389.54,41f6f31f-1c7d-4d44-b9c9-0f8b96d7f24f,,-142202389.54,,unresolved_no_marketcap
M2M,2020,-142202389.54,7b152ba5-1402-4d99-9ccb-d02c3893eef7,,-142202389.54,,unresolved_no_marketcap
M2M,2020,-142202389.54,485e070c-e4f0-4d58-b133-e578434990f8,,-142202389.54,,unresolved_no_marketcap
M2M,2020,-142202389.54,948a355d-1586-40ff-9998-91d21fa3abb2,,-142202389.54,,unresolved_no_marketcap
M2M,2021,-131916616.74,948a355d-1586-40ff-9998-91d21fa3abb2,423000000.0,-132960000.00000001,290040000.0,repaired
M2M,2021,-133294107.55,41f6f31f-1c7d-4d44-b9c9-0f8b96d7f24f,423000000.0,-132960000.00000001,290040000.0,repaired
M2M,2021,-131916616.74,485e070c-e4f0-4d58-b133-e578434990f8,423000000.0,-132960000.00000001,290040000.0,repaired
M2M,2021,-131916616.74,7b152ba5-1402-4d99-9ccb-d02c3893eef7,423000000.0,-132960000.00000001,290040000.0,repaired
M2M,2021,-131916616.74,948a355d-1586-40ff-9998-91d21fa3abb2,423000000.0,-132960000.00000001,290040000.0,repaired
M2M,2021,-133294107.55,41f6f31f-1c7d-4d44-b9c9-0f8b96d7f24f,423000000.0,-132960000.00000001,290040000.0,repaired
M2M,2021,-131916616.74,485e070c-e4f0-4d58-b133-e578434990f8,423000000.0,-132960000.00000001,290040000.0,repaired
M2M,2021,-131916616.74,7b152ba5-1402-4d99-9ccb-d02c3893eef7,423000000.0,-132960000.00000001,290040000.0,repaired
M2M,2021,-131916616.74,948a355d-1586-40ff-9998-91d21fa3abb2,423000000.0,-132960000.00000001,290040000.0,repaired
M2M,2021,-133294107.55,41f6f31f-1c7d-4d44-b9c9-0f8b96d7f24f,423000000.0,-132960000.00000001,290040000.0,repaired
M2M,2021,-131916616.74,485e070c-e4f0-4d58-b133-e578434990f8,423000000.0,-132960000.00000001,290040000.0,repaired
M2M,2021,-131916616.74,7b152ba5-1402-4d99-9ccb-d02c3893eef7,423000000.0,-132960000.00000001,290040000.0,repaired
M2M,2021,-131916616.74,948a355d-1586-40ff-9998-91d21fa3abb2,423000000.0,-132960000.00000001,290040000.0,repaired
M2M,2021,-133294107.55,41f6f31f-1c7d-4d44-b9c9-0f8b96d7f24f,423000000.0,-132960000.00000001,290040000.0,repaired
M2M,2021,-131916616.74,485e070c-e4f0-4d58-b133-e578434990f8,423000000.0,-132960000.00000001,290040000.0,repaired
M2M,2021,-131916616.74,7b152ba5-1402-4d99-9ccb-d02c3893eef7,423000000.0,-132960000.00000001,290040000.0,repaired
M2M,2022,-38050518.46,41f6f31f-1c7d-4d44-b9c9-0f8b96d7f24f,511000000.0,-129039999.99999999,381960000.0,repaired
M2M,2022,-38050518.46,41f6f31f-1c7d-4d44-b9c9-0f8b96d7f24f,511000000.0,-129039999.99999999,381960000.0,repaired
M2M,2022,-38050518.46,41f6f31f-1c7d-4d44-b9c9-0f8b96d7f24f,511000000.0,-129039999.99999999,381960000.0,repaired
M2M,2022,-38050518.46,41f6f31f-1c7d-4d44-b9c9-0f8b96d7f24f,511000000.0,-129039999.99999999,381960000.0,repaired
M2M,2023,-23068641.58,41f6f31f-1c7d-4d44-b9c9-0f8b96d7f24f,401000000.0,-115950000.0,285050000.0,repaired
M2M,2023,-23068641.58,41f6f31f-1c7d-4d44-b9c9-0f8b96d7f24f,401000000.0,-115950000.0,285050000.0,repaired
MAB,2023,11251679000.0,41f6f31f-1c7d-4d44-b9c9-0f8b96d7f24f,1260000000.0,11141000000.0,12401000000.0,repaired
MAB,2023,11140673000.0,948a355d-1586-40ff-9998-91d21fa3abb2,1260000000.0,11141000000.0,12401000000.0,repaired
MAB,2023,11140673000.0,485e070c-e4f0-4d58-b133-e578434990f8,1260000000.0,11141000000.0,12401000000.0,repaired
MAB,2023,11140673000.0,7b152ba5-1402-4d99-9ccb-d02c3893eef7,1260000000.0,11141000000.0,12401000000.0,repaired
MAB,2023,11251679000.0,41f6f31f-1c7d-4d44-b9c9-0f8b96d7f24f,1260000000.0,11141000000.0,12401000000.0,repaired
MAB,2023,11140673000.0,948a355d-1586-40ff-9998-91d21fa3abb2,1260000000.0,11141000000.0,12401000000.0,repaired
MAB,2023,11140673000.0,485e070c-e4f0-4d58-b133-e578434990f8,1260000000.0,11141000000.0,12401000000.0,repaired
MAB,2023,11140673000.0,7b152ba5-1402-4d99-9ccb-d02c3893eef7,1260000000.0,11141000000.0,12401000000.0,repaired
MAB,2023,11251679000.0,41f6f31f-1c7d-4d44-b9c9-0f8b96d7f24f,1260000000.0,11141000000.0,12401000000.0,repaired
MAB,2023,11140673000.0,948a355d-1586-40ff-9998-91d21fa3abb2,1260000000.0,11141000000.0,12401000000.0,repaired
MAB,2023,11140673000.0,485e070c-e4f0-4d58-b133-e578434990f8,1260000000.0,11141000000.0,12401000000.0,repaired
MAB,2023,11140673000.0,7b152ba5-1402-4d99-9ccb-d02c3893eef7,1260000000.0,11141000000.0,12401000000.0,repaired
MAB,2023,11251679000.0,41f6f31f-1c7d-4d44-b9c9-0f8b96d7f24f,1260000000.0,11141000000.0,12401000000.0,repaired
MAB,2023,11140673000.0,948a355d-1586-40ff-9998-91d21fa3abb2,1260000000.0,11141000000.0,12401000000.0,repaired
MAB,2023,11140673000.0,485e070c-e4f0-4d58-b133-e578434990f8,1260000000.0,11141000000.0,12401000000.0,repaired
MAB,2023,11140673000.0,7b152ba5-1402-4d99-9ccb-d02c3893eef7,1260000000.0,11141000000.0,12401000000.0,repaired
MAB,2023,11251679000.0,41f6f31f-1c7d-4d44-b9c9-0f8b96d7f24f,1260000000.0,11141000000.0,12401000000.0,repaired
MAB,2023,11140673000.0,948a355d-1586-40ff-9998-91d21fa3abb2,1260000000.0,11141000000.0,12401000000.0,repaired
MAB,2023,11140673000.0,485e070c-e4f0-4d58-b133-e578434990f8,1260000000.0,11141000000.0,12401000000.0,repaired
MAB,2023,11140673000.0,7b152ba5-1402-4d99-9ccb-d02c3893eef7,1260000000.0,11141000000.0,12401000000.0,repaired
MAB,2023,11251679000.0,41f6f31f-1c7d-4d44-b9c9-0f8b96d7f24f,1260000000.0,11141000000.0,12401000000.0,repaired
MAB,2023,11140673000.0,948a355d-1586-40ff-9998-91d21fa3abb2,1260000000.0,11141000000.0,12401000000.0,repaired
MAB,2023,11140673000.0,485e070c-e4f0-4d58-b133-e578434990f8,1260000000.0,11141000000.0,12401000000.0,repaired
MAB,2023,11140673000.0,7b152ba5-1402-4d99-9ccb-d02c3893eef7,1260000000.0,11141000000.0,12401000000.0,repaired
MAB,2023,11251679000.0,41f6f31f-1c7d-4d44-b9c9-0f8b96d7f24f,1260000000.0,11141000000.0,12401000000.0,repaired
MAB,2023,11140673000.0,948a355d-1586-40ff-9998-91d21fa3abb2,1260000000.0,11141000000.0,12401000000.0,repaired
MAB,2023,11140673000.0,485e070c-e4f0-4d58-b133-e578434990f8,1260000000.0,11141000000.0,12401000000.0,repaired
MAB,2023,11140673000.0,7b152ba5-1402-4d99-9ccb-d02c3893eef7,1260000000.0,11141000000.0,12401000000.0,repaired
MAB,2023,11251679000.0,41f6f31f-1c7d-4d44-b9c9-0f8b96d7f24f,1260000000.0,11141000000.0,12401000000.0,repaired
MAB,2023,11140673000.0,948a355d-1586-40ff-9998-91d21fa3abb2,1260000000.0,11141000000.0,12401000000.0,repaired
MAB,2023,11140673000.0,485e070c-e4f0-4d58-b133-e578434990f8,1260000000.0,11141000000.0,12401000000.0,repaired
MAB,2023,11140673000.0,7b152ba5-1402-4d99-9ccb-d02c3893eef7,1260000000.0,11141000000.0,12401000000.0,repaired
MAB,2023,11251679000.0,41f6f31f-1c7d-4d44-b9c9-0f8b96d7f24f,1260000000.0,11141000000.0,12401000000.0,repaired
MAB,2023,11140673000.0,948a355d-1586-40ff-9998-91d21fa3abb2,1260000000.0,11141000000.0,12401000000.0,repaired
MAB,2023,11140673000.0,485e070c-e4f0-4d58-b133-e578434990f8,1260000000.0,11141000000.0,12401000000.0,repaired
MAB,2023,11140673000.0,7b152ba5-1402-4d99-9ccb-d02c3893eef7,1260000000.0,11141000000.0,12401000000.0,repaired
MDP,2021,173493007.97,485e070c-e4f0-4d58-b133-e578434990f8,56000000.0,173490000.0,229490000.0,repaired
MDP,2021,173493007.97,7b152ba5-1402-4d99-9ccb-d02c3893eef7,56000000.0,173490000.0,229490000.0,repaired
MDP,2021,173493007.97,948a355d-1586-40ff-9998-91d21fa3abb2,56000000.0,173490000.0,229490000.0,repaired
MDP,2021,173493007.97,41f6f31f-1c7d-4d44-b9c9-0f8b96d7f24f,56000000.0,173490000.0,229490000.0,repaired
MDP,2021,173493007.97,485e070c-e4f0-4d58-b133-e578434990f8,56000000.0,173490000.0,229490000.0,repaired
MDP,2021,173493007.97,7b152ba5-1402-4d99-9ccb-d02c3893eef7,56000000.0,173490000.0,229490000.0,repaired
MDP,2021,173493007.97,948a355d-1586-40ff-9998-91d21fa3abb2,56000000.0,173490000.0,229490000.0,repaired
MDP,2021,173493007.97,41f6f31f-1c7d-4d44-b9c9-0f8b96d7f24f,56000000.0,173490000.0,229490000.0,repaired
MDP,2022,191434775.04,485e070c-e4f0-4d58-b133-e578434990f8,130000000.0,191430000.0,321430000.0,repaired
MDP,2022,191434775.04,7b152ba5-1402-4d99-9ccb-d02c3893eef7,130000000.0,191430000.0,321430000.0,repaired
MDP,2022,191434775.04,41f6f31f-1c7d-4d44-b9c9-0f8b96d7f24f,130000000.0,191430000.0,321430000.0,repaired
MDP,2022,191434775.04,948a355d-1586-40ff-9998-91d21fa3abb2,130000000.0,191430000.0,321430000.0,repaired
MDP,2022,191434775.04,485e070c-e4f0-4d58-b133-e578434990f8,130000000.0,191430000.0,321430000.0,repaired
MDP,2022,191434775.04,7b152ba5-1402-4d99-9ccb-d02c3893eef7,130000000.0,191430000.0,321430000.0,repaired
MDP,2022,191434775.04,41f6f31f-1c7d-4d44-b9c9-0f8b96d7f24f,130000000.0,191430000.0,321430000.0,repaired
MDP,2022,191434775.04,948a355d-1586-40ff-9998-91d21fa3abb2,130000000.0,191430000.0,321430000.0,repaired
MDP,2023,208068773.14,948a355d-1586-40ff-9998-91d21fa3abb2,98000000.0,208070000.0,306070000.0,repaired
MDP,2023,208068773.14000002,41f6f31f-1c7d-4d44-b9c9-0f8b96d7f24f,98000000.0,208070000.0,306070000.0,repaired
MDP,2023,208068773.14,485e070c-e4f0-4d58-b133-e578434990f8,98000000.0,208070000.0,306070000.0,repaired
MDP,2023,208068773.14,7b152ba5-1402-4d99-9ccb-d02c3893eef7,98000000.0,208070000.0,306070000.0,repaired
MDP,2023,208068773.14,948a355d-1586-40ff-9998-91d21fa3abb2,98000000.0,208070000.0,306070000.0,repaired
MDP,2023,208068773.14000002,41f6f31f-1c7d-4d44-b9c9-0f8b96d7f24f,98000000.0,208070000.0,306070000.0,repaired
MDP,2023,208068773.14,485e070c-e4f0-4d58-b133-e578434990f8,98000000.0,208070000.0,306070000.0,repaired
MDP,2023,208068773.14,7b152ba5-1402-4d99-9ccb-d02c3893eef7,98000000.0,208070000.0,306070000.0,repaired
MIC,2020,2088423.75,41f6f31f-1c7d-4d44-b9c9-0f8b96d7f24f,974000000.0,-9930000.0,964070000.0,repaired
MIC,2020,2088423.75,41f6f31f-1c7d-4d44-b9c9-0f8b96d7f24f,974000000.0,-9930000.0,964070000.0,repaired
MIC,2020,2088423.75,41f6f31f-1c7d-4d44-b9c9-0f8b96d7f24f,974000000.0,-9930000.0,964070000.0,repaired
MIC,2020,2088423.75,41f6f31f-1c7d-4d44-b9c9-0f8b96d7f24f,974000000.0,-9930000.0,964070000.0,repaired
MIC,2021,42913127.019999996,41f6f31f-1c7d-4d44-b9c9-0f8b96d7f24f,1141000000.0,42910000.0,1183910000.0,repaired
MIC,2021,42913127.02,948a355d-1586-40ff-9998-91d21fa3abb2,1141000000.0,42910000.0,1183910000.0,repaired
MIC,2021,42913127.02,7b152ba5-1402-4d99-9ccb-d02c3893eef7,1141000000.0,42910000.0,1183910000.0,repaired
MIC,2021,42913127.02,485e070c-e4f0-4d58-b133-e578434990f8,1141000000.0,42910000.0,1183910000.0,repaired
MIC,2021,42913127.019999996,41f6f31f-1c7d-4d44-b9c9-0f8b96d7f24f,1141000000.0,42910000.0,1183910000.0,repaired
MIC,2021,42913127.02,948a355d-1586-40ff-9998-91d21fa3abb2,1141000000.0,42910000.0,1183910000.0,repaired
MIC,2021,42913127.02,7b152ba5-1402-4d99-9ccb-d02c3893eef7,1141000000.0,42910000.0,1183910000.0,repaired
MIC,2021,42913127.02,485e070c-e4f0-4d58-b133-e578434990f8,1141000000.0,42910000.0,1183910000.0,repaired
MIC,2021,42913127.019999996,41f6f31f-1c7d-4d44-b9c9-0f8b96d7f24f,1141000000.0,42910000.0,1183910000.0,repaired
MIC,2021,42913127.02,948a355d-1586-40ff-9998-91d21fa3abb2,1141000000.0,42910000.0,1183910000.0,repaired
MIC,2021,42913127.02,7b152ba5-1402-4d99-9ccb-d02c3893eef7,1141000000.0,42910000.0,1183910000.0,repaired
MIC,2021,42913127.02,485e070c-e4f0-4d58-b133-e578434990f8,1141000000.0,42910000.0,1183910000.0,repaired
MIC,2021,42913127.019999996,41f6f31f-1c7d-4d44-b9c9-0f8b96d7f24f,1141000000.0,42910000.0,1183910000.0,repaired
MIC,2021,42913127.02,948a355d-1586-40ff-9998-91d21fa3abb2,1141000000.0,42910000.0,1183910000.0,repaired
MIC,2021,42913127.02,7b152ba5-1402-4d99-9ccb-d02c3893eef7,1141000000.0,42910000.0,1183910000.0,repaired
MIC,2021,42913127.02,485e070c-e4f0-4d58-b133-e578434990f8,1141000000.0,42910000.0,1183910000.0,repaired
MIC,2022,40394815.30000001,41f6f31f-1c7d-4d44-b9c9-0f8b96d7f24f,910000000.0,40390000.0,950390000.0,repaired
MIC,2022,40394815.30000001,485e070c-e4f0-4d58-b133-e578434990f8,910000000.0,40390000.0,950390000.0,repaired
MIC,2022,40394815.30000001,948a355d-1586-40ff-9998-91d21fa3abb2,910000000.0,40390000.0,950390000.0,repaired
MIC,2022,40394815.30000001,7b152ba5-1402-4d99-9ccb-d02c3893eef7,910000000.0,40390000.0,950390000.0,repaired
MIC,2022,40394815.30000001,41f6f31f-1c7d-4d44-b9c9-0f8b96d7f24f,910000000.0,40390000.0,950390000.0,repaired
MIC,2022,40394815.30000001,485e070c-e4f0-4d58-b133-e578434990f8,910000000.0,40390000.0,950390000.0,repaired
MIC,2022,40394815.30000001,948a355d-1586-40ff-9998-91d21fa3abb2,910000000.0,40390000.0,950390000.0,repaired
MIC,2022,40394815.30000001,7b152ba5-1402-4d99-9ccb-d02c3893eef7,910000000.0,40390000.0,950390000.0,repaired
MIC,2023,15609176.27,485e070c-e4f0-4d58-b133-e578434990f8,1008000000.0,15610000.0,1023610000.0,repaired
MIC,2023,15609176.27,948a355d-1586-40ff-9998-91d21fa3abb2,1008000000.0,15610000.0,1023610000.0,repaired
MIC,2023,15609176.27,7b152ba5-1402-4d99-9ccb-d02c3893eef7,1008000000.0,15610000.0,1023610000.0,repaired
MIC,2023,15609176.270000003,41f6f31f-1c7d-4d44-b9c9-0f8b96d7f24f,1008000000.0,15610000.0,1023610000.0,repaired
MIC,2023,15609176.27,485e070c-e4f0-4d58-b133-e578434990f8,1008000000.0,15610000.0,1023610000.0,repaired
MIC,2023,15609176.27,948a355d-1586-40ff-9998-91d21fa3abb2,1008000000.0,15610000.0,1023610000.0,repaired
MIC,2023,15609176.27,7b152ba5-1402-4d99-9ccb-d02c3893eef7,1008000000.0,15610000.0,1023610000.0,repaired
MIC,2023,15609176.270000003,41f6f31f-1c7d-4d44-b9c9-0f8b96d7f24f,1008000000.0,15610000.0,1023610000.0,repaired
MNG,2024,10390800000.0,41f6f31f-1c7d-4d44-b9c9-0f8b96d7f24f,34277000000.0,10391000000.0,44668000000.0,repaired
MNG,2024,10390800000.0,41f6f31f-1c7d-4d44-b9c9-0f8b96d7f24f,34277000000.0,10391000000.0,44668000000.0,repaired
MNG,2024,10390800000.0,41f6f31f-1c7d-4d44-b9c9-0f8b96d7f24f,34277000000.0,10391000000.0,44668000000.0,repaired
MNG,2024,10390800000.0,41f6f31f-1c7d-4d44-b9c9-0f8b96d7f24f,34277000000.0,10391000000.0,44668000000.0,repaired
MNG,2025,12641100000.0,41f6f31f-1c7d-4d44-b9c9-0f8b96d7f24f,196954000000.0,12641000000.0,209595000000.0,repaired
MNG,2025,12641100000.0,41f6f31f-1c7d-4d44-b9c9-0f8b96d7f24f,196954000000.0,12641000000.0,209595000000.0,repaired
MNG,2025,12641100000.0,41f6f31f-1c7d-4d44-b9c9-0f8b96d7f24f,196954000000.0,12641000000.0,209595000000.0,repaired
MNG,2025,12641100000.0,41f6f31f-1c7d-4d44-b9c9-0f8b96d7f24f,196954000000.0,12641000000.0,209595000000.0,repaired
MOX,2022,78971000.0,7b152ba5-1402-4d99-9ccb-d02c3893eef7,199000000.0,78960000.0,277960000.0,repaired
MOX,2022,78971000.0,485e070c-e4f0-4d58-b133-e578434990f8,199000000.0,78960000.0,277960000.0,repaired
MOX,2022,78971000.0,948a355d-1586-40ff-9998-91d21fa3abb2,199000000.0,78960000.0,277960000.0,repaired
MOX,2022,78971000.0,41f6f31f-1c7d-4d44-b9c9-0f8b96d7f24f,199000000.0,78960000.0,277960000.0,repaired
MOX,2022,78971000.0,7b152ba5-1402-4d99-9ccb-d02c3893eef7,199000000.0,78960000.0,277960000.0,repaired
MOX,2022,78971000.0,485e070c-e4f0-4d58-b133-e578434990f8,199000000.0,78960000.0,277960000.0,repaired
MOX,2022,78971000.0,948a355d-1586-40ff-9998-91d21fa3abb2,199000000.0,78960000.0,277960000.0,repaired
MOX,2022,78971000.0,41f6f31f-1c7d-4d44-b9c9-0f8b96d7f24f,199000000.0,78960000.0,277960000.0,repaired
MOX,2022,78971000.0,7b152ba5-1402-4d99-9ccb-d02c3893eef7,199000000.0,78960000.0,277960000.0,repaired
MOX,2022,78971000.0,485e070c-e4f0-4d58-b133-e578434990f8,199000000.0,78960000.0,277960000.0,repaired
MOX,2022,78971000.0,948a355d-1586-40ff-9998-91d21fa3abb2,199000000.0,78960000.0,277960000.0,repaired
MOX,2022,78971000.0,41f6f31f-1c7d-4d44-b9c9-0f8b96d7f24f,199000000.0,78960000.0,277960000.0,repaired
MOX,2022,78971000.0,7b152ba5-1402-4d99-9ccb-d02c3893eef7,199000000.0,78960000.0,277960000.0,repaired
MOX,2022,78971000.0,485e070c-e4f0-4d58-b133-e578434990f8,199000000.0,78960000.0,277960000.0,repaired
MOX,2022,78971000.0,948a355d-1586-40ff-9998-91d21fa3abb2,199000000.0,78960000.0,277960000.0,repaired
MOX,2022,78971000.0,41f6f31f-1c7d-4d44-b9c9-0f8b96d7f24f,199000000.0,78960000.0,277960000.0,repaired
MOX,2022,78971000.0,7b152ba5-1402-4d99-9ccb-d02c3893eef7,199000000.0,78960000.0,277960000.0,repaired
MOX,2022,78971000.0,485e070c-e4f0-4d58-b133-e578434990f8,199000000.0,78960000.0,277960000.0,repaired
MOX,2022,78971000.0,948a355d-1586-40ff-9998-91d21fa3abb2,199000000.0,78960000.0,277960000.0,repaired
MOX,2022,78971000.0,41f6f31f-1c7d-4d44-b9c9-0f8b96d7f24f,199000000.0,78960000.0,277960000.0,repaired
MOX,2022,78971000.0,7b152ba5-1402-4d99-9ccb-d02c3893eef7,199000000.0,78960000.0,277960000.0,repaired
MOX,2022,78971000.0,485e070c-e4f0-4d58-b133-e578434990f8,199000000.0,78960000.0,277960000.0,repaired
MOX,2022,78971000.0,948a355d-1586-40ff-9998-91d21fa3abb2,199000000.0,78960000.0,277960000.0,repaired
MOX,2022,78971000.0,41f6f31f-1c7d-4d44-b9c9-0f8b96d7f24f,199000000.0,78960000.0,277960000.0,repaired
MOX,2022,78971000.0,7b152ba5-1402-4d99-9ccb-d02c3893eef7,199000000.0,78960000.0,277960000.0,repaired
MOX,2022,78971000.0,485e070c-e4f0-4d58-b133-e578434990f8,199000000.0,78960000.0,277960000.0,repaired
MOX,2022,78971000.0,948a355d-1586-40ff-9998-91d21fa3abb2,199000000.0,78960000.0,277960000.0,repaired
MOX,2022,78971000.0,41f6f31f-1c7d-4d44-b9c9-0f8b96d7f24f,199000000.0,78960000.0,277960000.0,repaired
MOX,2022,78971000.0,7b152ba5-1402-4d99-9ccb-d02c3893eef7,199000000.0,78960000.0,277960000.0,repaired
MOX,2022,78971000.0,485e070c-e4f0-4d58-b133-e578434990f8,199000000.0,78960000.0,277960000.0,repaired
MOX,2022,78971000.0,948a355d-1586-40ff-9998-91d21fa3abb2,199000000.0,78960000.0,277960000.0,repaired
MOX,2022,78971000.0,41f6f31f-1c7d-4d44-b9c9-0f8b96d7f24f,199000000.0,78960000.0,277960000.0,repaired
MOX,2022,78971000.0,7b152ba5-1402-4d99-9ccb-d02c3893eef7,199000000.0,78960000.0,277960000.0,repaired
MOX,2022,78971000.0,485e070c-e4f0-4d58-b133-e578434990f8,199000000.0,78960000.0,277960000.0,repaired
MOX,2022,78971000.0,948a355d-1586-40ff-9998-91d21fa3abb2,199000000.0,78960000.0,277960000.0,repaired
MOX,2022,78971000.0,41f6f31f-1c7d-4d44-b9c9-0f8b96d7f24f,199000000.0,78960000.0,277960000.0,repaired
MUT,2021,840012000.0,41f6f31f-1c7d-4d44-b9c9-0f8b96d7f24f,1983000000.0,772740000.0,2755740000.0,repaired
MUT,2021,840012000.0,41f6f31f-1c7d-4d44-b9c9-0f8b96d7f24f,1983000000.0,772740000.0,2755740000.0,repaired
MUT,2021,840012000.0,41f6f31f-1c7d-4d44-b9c9-0f8b96d7f24f,1983000000.0,772740000.0,2755740000.0,repaired
MUT,2021,840012000.0,41f6f31f-1c7d-4d44-b9c9-0f8b96d7f24f,1983000000.0,772740000.0,2755740000.0,repaired
MUT,2021,840012000.0,41f6f31f-1c7d-4d44-b9c9-0f8b96d7f24f,1983000000.0,772740000.0,2755740000.0,repaired
MUT,2021,840012000.0,41f6f31f-1c7d-4d44-b9c9-0f8b96d7f24f,1983000000.0,772740000.0,2755740000.0,repaired
MUT,2022,835604000.0,41f6f31f-1c7d-4d44-b9c9-0f8b96d7f24f,2016000000.0,814300000.0,2830300000.0,repaired
MUT,2022,835604000.0,41f6f31f-1c7d-4d44-b9c9-0f8b96d7f24f,2016000000.0,814300000.0,2830300000.0,repaired
MUT,2022,835604000.0,41f6f31f-1c7d-4d44-b9c9-0f8b96d7f24f,2016000000.0,814300000.0,2830300000.0,repaired
MUT,2022,835604000.0,41f6f31f-1c7d-4d44-b9c9-0f8b96d7f24f,2016000000.0,814300000.0,2830300000.0,repaired
MUT,2022,835604000.0,41f6f31f-1c7d-4d44-b9c9-0f8b96d7f24f,2016000000.0,814300000.0,2830300000.0,repaired
MUT,2022,835604000.0,41f6f31f-1c7d-4d44-b9c9-0f8b96d7f24f,2016000000.0,814300000.0,2830300000.0,repaired
MUT,2023,1204431000.0,948a355d-1586-40ff-9998-91d21fa3abb2,2312000000.0,1139000000.0,3451000000.0,repaired
MUT,2023,1204431000.0,7b152ba5-1402-4d99-9ccb-d02c3893eef7,2312000000.0,1139000000.0,3451000000.0,repaired
MUT,2023,1204431000.0,41f6f31f-1c7d-4d44-b9c9-0f8b96d7f24f,2312000000.0,1139000000.0,3451000000.0,repaired
MUT,2023,1204431000.0,485e070c-e4f0-4d58-b133-e578434990f8,2312000000.0,1139000000.0,3451000000.0,repaired
MUT,2023,1204431000.0,948a355d-1586-40ff-9998-91d21fa3abb2,2312000000.0,1139000000.0,3451000000.0,repaired
MUT,2023,1204431000.0,7b152ba5-1402-4d99-9ccb-d02c3893eef7,2312000000.0,1139000000.0,3451000000.0,repaired
MUT,2023,1204431000.0,41f6f31f-1c7d-4d44-b9c9-0f8b96d7f24f,2312000000.0,1139000000.0,3451000000.0,repaired
MUT,2023,1204431000.0,485e070c-e4f0-4d58-b133-e578434990f8,2312000000.0,1139000000.0,3451000000.0,repaired
MUT,2023,1204431000.0,948a355d-1586-40ff-9998-91d21fa3abb2,2312000000.0,1139000000.0,3451000000.0,repaired
MUT,2023,1204431000.0,7b152ba5-1402-4d99-9ccb-d02c3893eef7,2312000000.0,1139000000.0,3451000000.0,repaired
MUT,2023,1204431000.0,41f6f31f-1c7d-4d44-b9c9-0f8b96d7f24f,2312000000.0,1139000000.0,3451000000.0,repaired
MUT,2023,1204431000.0,485e070c-e4f0-4d58-b133-e578434990f8,2312000000.0,1139000000.0,3451000000.0,repaired
MUT,2023,1204431000.0,948a355d-1586-40ff-9998-91d21fa3abb2,2312000000.0,1139000000.0,3451000000.0,repaired
MUT,2023,1204431000.0,7b152ba5-1402-4d99-9ccb-d02c3893eef7,2312000000.0,1139000000.0,3451000000.0,repaired
MUT,2023,1204431000.0,41f6f31f-1c7d-4d44-b9c9-0f8b96d7f24f,2312000000.0,1139000000.0,3451000000.0,repaired
MUT,2023,1204431000.0,485e070c-e4f0-4d58-b133-e578434990f8,2312000000.0,1139000000.0,3451000000.0,repaired
MUT,2023,1204431000.0,948a355d-1586-40ff-9998-91d21fa3abb2,2312000000.0,1139000000.0,3451000000.0,repaired
MUT,2023,1204431000.0,7b152ba5-1402-4d99-9ccb-d02c3893eef7,2312000000.0,1139000000.0,3451000000.0,repaired
MUT,2023,1204431000.0,41f6f31f-1c7d-4d44-b9c9-0f8b96d7f24f,2312000000.0,1139000000.0,3451000000.0,repaired
MUT,2023,1204431000.0,485e070c-e4f0-4d58-b133-e578434990f8,2312000000.0,1139000000.0,3451000000.0,repaired
MUT,2023,1204431000.0,948a355d-1586-40ff-9998-91d21fa3abb2,2312000000.0,1139000000.0,3451000000.0,repaired
MUT,2023,1204431000.0,7b152ba5-1402-4d99-9ccb-d02c3893eef7,2312000000.0,1139000000.0,3451000000.0,repaired
MUT,2023,1204431000.0,41f6f31f-1c7d-4d44-b9c9-0f8b96d7f24f,2312000000.0,1139000000.0,3451000000.0,repaired
MUT,2023,1204431000.0,485e070c-e4f0-4d58-b133-e578434990f8,2312000000.0,1139000000.0,3451000000.0,repaired
NKL,2021,-11188498.0,948a355d-1586-40ff-9998-91d21fa3abb2,,-11188498.0,,unresolved_no_marketcap
NKL,2021,-11188498.0,485e070c-e4f0-4d58-b133-e578434990f8,,-11188498.0,,unresolved_no_marketcap
NKL,2021,-11188498.0,7b152ba5-1402-4d99-9ccb-d02c3893eef7,,-11188498.0,,unresolved_no_marketcap
OUL,2021,1069671000.0,948a355d-1586-40ff-9998-91d21fa3abb2,2079000000.0,1070000000.0,3149000000.0,repaired
OUL,2021,1069671000.0,485e070c-e4f0-4d58-b133-e578434990f8,2079000000.0,1070000000.0,3149000000.0,repaired
OUL,2021,1069671000.0,41f6f31f-1c7d-4d44-b9c9-0f8b96d7f24f,2079000000.0,1070000000.0,3149000000.0,repaired
OUL,2021,1069671000.0,7b152ba5-1402-4d99-9ccb-d02c3893eef7,2079000000.0,1070000000.0,3149000000.0,repaired
OUL,2021,1069671000.0,948a355d-1586-40ff-9998-91d21fa3abb2,2079000000.0,1070000000.0,3149000000.0,repaired
OUL,2021,1069671000.0,485e070c-e4f0-4d58-b133-e578434990f8,2079000000.0,1070000000.0,3149000000.0,repaired
OUL,2021,1069671000.0,41f6f31f-1c7d-4d44-b9c9-0f8b96d7f24f,2079000000.0,1070000000.0,3149000000.0,repaired
OUL,2021,1069671000.0,7b152ba5-1402-4d99-9ccb-d02c3893eef7,2079000000.0,1070000000.0,3149000000.0,repaired
OUL,2021,1069671000.0,948a355d-1586-40ff-9998-91d21fa3abb2,2079000000.0,1070000000.0,3149000000.0,repaired
OUL,2021,1069671000.0,485e070c-e4f0-4d58-b133-e578434990f8,2079000000.0,1070000000.0,3149000000.0,repaired
OUL,2021,1069671000.0,41f6f31f-1c7d-4d44-b9c9-0f8b96d7f24f,2079000000.0,1070000000.0,3149000000.0,repaired
OUL,2021,1069671000.0,7b152ba5-1402-4d99-9ccb-d02c3893eef7,2079000000.0,1070000000.0,3149000000.0,repaired
OUL,2021,1069671000.0,948a355d-1586-40ff-9998-91d21fa3abb2,2079000000.0,1070000000.0,3149000000.0,repaired
OUL,2021,1069671000.0,485e070c-e4f0-4d58-b133-e578434990f8,2079000000.0,1070000000.0,3149000000.0,repaired
OUL,2021,1069671000.0,41f6f31f-1c7d-4d44-b9c9-0f8b96d7f24f,2079000000.0,1070000000.0,3149000000.0,repaired
OUL,2021,1069671000.0,7b152ba5-1402-4d99-9ccb-d02c3893eef7,2079000000.0,1070000000.0,3149000000.0,repaired
OUL,2021,1069671000.0,948a355d-1586-40ff-9998-91d21fa3abb2,2079000000.0,1070000000.0,3149000000.0,repaired
OUL,2021,1069671000.0,485e070c-e4f0-4d58-b133-e578434990f8,2079000000.0,1070000000.0,3149000000.0,repaired
OUL,2021,1069671000.0,41f6f31f-1c7d-4d44-b9c9-0f8b96d7f24f,2079000000.0,1070000000.0,3149000000.0,repaired
OUL,2021,1069671000.0,7b152ba5-1402-4d99-9ccb-d02c3893eef7,2079000000.0,1070000000.0,3149000000.0,repaired
OUL,2021,1069671000.0,948a355d-1586-40ff-9998-91d21fa3abb2,2079000000.0,1070000000.0,3149000000.0,repaired
OUL,2021,1069671000.0,485e070c-e4f0-4d58-b133-e578434990f8,2079000000.0,1070000000.0,3149000000.0,repaired
OUL,2021,1069671000.0,41f6f31f-1c7d-4d44-b9c9-0f8b96d7f24f,2079000000.0,1070000000.0,3149000000.0,repaired
OUL,2021,1069671000.0,7b152ba5-1402-4d99-9ccb-d02c3893eef7,2079000000.0,1070000000.0,3149000000.0,repaired
OUL,2022,1140752000.0,948a355d-1586-40ff-9998-91d21fa3abb2,3077000000.0,1141000000.0,4218000000.0,repaired
OUL,2022,1140752000.0,7b152ba5-1402-4d99-9ccb-d02c3893eef7,3077000000.0,1141000000.0,4218000000.0,repaired
OUL,2022,1140752000.0,485e070c-e4f0-4d58-b133-e578434990f8,3077000000.0,1141000000.0,4218000000.0,repaired
OUL,2022,1140752000.0,41f6f31f-1c7d-4d44-b9c9-0f8b96d7f24f,3077000000.0,1141000000.0,4218000000.0,repaired
OUL,2022,1140752000.0,948a355d-1586-40ff-9998-91d21fa3abb2,3077000000.0,1141000000.0,4218000000.0,repaired
OUL,2022,1140752000.0,7b152ba5-1402-4d99-9ccb-d02c3893eef7,3077000000.0,1141000000.0,4218000000.0,repaired
OUL,2022,1140752000.0,485e070c-e4f0-4d58-b133-e578434990f8,3077000000.0,1141000000.0,4218000000.0,repaired
OUL,2022,1140752000.0,41f6f31f-1c7d-4d44-b9c9-0f8b96d7f24f,3077000000.0,1141000000.0,4218000000.0,repaired
OUL,2022,1140752000.0,948a355d-1586-40ff-9998-91d21fa3abb2,3077000000.0,1141000000.0,4218000000.0,repaired
OUL,2022,1140752000.0,7b152ba5-1402-4d99-9ccb-d02c3893eef7,3077000000.0,1141000000.0,4218000000.0,repaired
OUL,2022,1140752000.0,485e070c-e4f0-4d58-b133-e578434990f8,3077000000.0,1141000000.0,4218000000.0,repaired
OUL,2022,1140752000.0,41f6f31f-1c7d-4d44-b9c9-0f8b96d7f24f,3077000000.0,1141000000.0,4218000000.0,repaired
OUL,2022,1140752000.0,948a355d-1586-40ff-9998-91d21fa3abb2,3077000000.0,1141000000.0,4218000000.0,repaired
OUL,2022,1140752000.0,7b152ba5-1402-4d99-9ccb-d02c3893eef7,3077000000.0,1141000000.0,4218000000.0,repaired
OUL,2022,1140752000.0,485e070c-e4f0-4d58-b133-e578434990f8,3077000000.0,1141000000.0,4218000000.0,repaired
OUL,2022,1140752000.0,41f6f31f-1c7d-4d44-b9c9-0f8b96d7f24f,3077000000.0,1141000000.0,4218000000.0,repaired
OUL,2022,1140752000.0,948a355d-1586-40ff-9998-91d21fa3abb2,3077000000.0,1141000000.0,4218000000.0,repaired
OUL,2022,1140752000.0,7b152ba5-1402-4d99-9ccb-d02c3893eef7,3077000000.0,1141000000.0,4218000000.0,repaired
OUL,2022,1140752000.0,485e070c-e4f0-4d58-b133-e578434990f8,3077000000.0,1141000000.0,4218000000.0,repaired
OUL,2022,1140752000.0,41f6f31f-1c7d-4d44-b9c9-0f8b96d7f24f,3077000000.0,1141000000.0,4218000000.0,repaired
OUL,2022,1140752000.0,948a355d-1586-40ff-9998-91d21fa3abb2,3077000000.0,1141000000.0,4218000000.0,repaired
OUL,2022,1140752000.0,7b152ba5-1402-4d99-9ccb-d02c3893eef7,3077000000.0,1141000000.0,4218000000.0,repaired
OUL,2022,1140752000.0,485e070c-e4f0-4d58-b133-e578434990f8,3077000000.0,1141000000.0,4218000000.0,repaired
OUL,2022,1140752000.0,41f6f31f-1c7d-4d44-b9c9-0f8b96d7f24f,3077000000.0,1141000000.0,4218000000.0,repaired
OUL,2023,1335085000.0,7b152ba5-1402-4d99-9ccb-d02c3893eef7,2671000000.0,1334000000.0,4005000000.0,repaired
OUL,2023,1335085000.0,948a355d-1586-40ff-9998-91d21fa3abb2,2671000000.0,1334000000.0,4005000000.0,repaired
OUL,2023,1335085000.0,41f6f31f-1c7d-4d44-b9c9-0f8b96d7f24f,2671000000.0,1334000000.0,4005000000.0,repaired
OUL,2023,1335085000.0,485e070c-e4f0-4d58-b133-e578434990f8,2671000000.0,1334000000.0,4005000000.0,repaired
OUL,2023,1335085000.0,7b152ba5-1402-4d99-9ccb-d02c3893eef7,2671000000.0,1334000000.0,4005000000.0,repaired
OUL,2023,1335085000.0,948a355d-1586-40ff-9998-91d21fa3abb2,2671000000.0,1334000000.0,4005000000.0,repaired
OUL,2023,1335085000.0,41f6f31f-1c7d-4d44-b9c9-0f8b96d7f24f,2671000000.0,1334000000.0,4005000000.0,repaired
OUL,2023,1335085000.0,485e070c-e4f0-4d58-b133-e578434990f8,2671000000.0,1334000000.0,4005000000.0,repaired
OUL,2023,1335085000.0,7b152ba5-1402-4d99-9ccb-d02c3893eef7,2671000000.0,1334000000.0,4005000000.0,repaired
OUL,2023,1335085000.0,948a355d-1586-40ff-9998-91d21fa3abb2,2671000000.0,1334000000.0,4005000000.0,repaired
OUL,2023,1335085000.0,41f6f31f-1c7d-4d44-b9c9-0f8b96d7f24f,2671000000.0,1334000000.0,4005000000.0,repaired
OUL,2023,1335085000.0,485e070c-e4f0-4d58-b133-e578434990f8,2671000000.0,1334000000.0,4005000000.0,repaired
OUL,2023,1335085000.0,7b152ba5-1402-4d99-9ccb-d02c3893eef7,2671000000.0,1334000000.0,4005000000.0,repaired
OUL,2023,1335085000.0,948a355d-1586-40ff-9998-91d21fa3abb2,2671000000.0,1334000000.0,4005000000.0,repaired
OUL,2023,1335085000.0,41f6f31f-1c7d-4d44-b9c9-0f8b96d7f24f,2671000000.0,1334000000.0,4005000000.0,repaired
OUL,2023,1335085000.0,485e070c-e4f0-4d58-b133-e578434990f8,2671000000.0,1334000000.0,4005000000.0,repaired
OUL,2023,1335085000.0,7b152ba5-1402-4d99-9ccb-d02c3893eef7,2671000000.0,1334000000.0,4005000000.0,repaired
OUL,2023,1335085000.0,948a355d-1586-40ff-9998-91d21fa3abb2,2671000000.0,1334000000.0,4005000000.0,repaired
OUL,2023,1335085000.0,41f6f31f-1c7d-4d44-b9c9-0f8b96d7f24f,2671000000.0,1334000000.0,4005000000.0,repaired
OUL,2023,1335085000.0,485e070c-e4f0-4d58-b133-e578434990f8,2671000000.0,1334000000.0,4005000000.0,repaired
OUL,2023,1335085000.0,7b152ba5-1402-4d99-9ccb-d02c3893eef7,2671000000.0,1334000000.0,4005000000.0,repaired
OUL,2023,1335085000.0,948a355d-1586-40ff-9998-91d21fa3abb2,2671000000.0,1334000000.0,4005000000.0,repaired
OUL,2023,1335085000.0,41f6f31f-1c7d-4d44-b9c9-0f8b96d7f24f,2671000000.0,1334000000.0,4005000000.0,repaired
OUL,2023,1335085000.0,485e070c-e4f0-4d58-b133-e578434990f8,2671000000.0,1334000000.0,4005000000.0,repaired
RDS,2022,1977720000.0,7b152ba5-1402-4d99-9ccb-d02c3893eef7,472000000.0,1978000000.0,2450000000.0,repaired
RDS,2022,1977720000.0,948a355d-1586-40ff-9998-91d21fa3abb2,472000000.0,1978000000.0,2450000000.0,repaired
RDS,2022,1977720000.0,e17a8c6e-6fc3-4a8e-80f9-b5344c85c3b2,472000000.0,1978000000.0,2450000000.0,repaired
RDS,2022,1977720000.0,485e070c-e4f0-4d58-b133-e578434990f8,472000000.0,1978000000.0,2450000000.0,repaired
RDS,2022,1977720000.0,7b152ba5-1402-4d99-9ccb-d02c3893eef7,472000000.0,1978000000.0,2450000000.0,repaired
RDS,2022,1977720000.0,948a355d-1586-40ff-9998-91d21fa3abb2,472000000.0,1978000000.0,2450000000.0,repaired
RDS,2022,1977720000.0,e17a8c6e-6fc3-4a8e-80f9-b5344c85c3b2,472000000.0,1978000000.0,2450000000.0,repaired
RDS,2022,1977720000.0,485e070c-e4f0-4d58-b133-e578434990f8,472000000.0,1978000000.0,2450000000.0,repaired
RIS,2020,1252340000.0,948a355d-1586-40ff-9998-91d21fa3abb2,,1252340000.0,,unresolved_no_marketcap
RIS,2020,1252340000.0,485e070c-e4f0-4d58-b133-e578434990f8,,1252340000.0,,unresolved_no_marketcap
RIS,2020,1252340000.0,7b152ba5-1402-4d99-9ccb-d02c3893eef7,,1252340000.0,,unresolved_no_marketcap
RIS,2021,1790144000.0,485e070c-e4f0-4d58-b133-e578434990f8,1572000000.0,1790000000.0,3362000000.0,repaired
RIS,2021,1790144000.0,948a355d-1586-40ff-9998-91d21fa3abb2,1572000000.0,1790000000.0,3362000000.0,repaired
RIS,2021,1790144000.0,7b152ba5-1402-4d99-9ccb-d02c3893eef7,1572000000.0,1790000000.0,3362000000.0,repaired
RIS,2022,1445655000.0,7b152ba5-1402-4d99-9ccb-d02c3893eef7,1633000000.0,1446000000.0,3079000000.0,repaired
RIS,2022,1445655000.0,485e070c-e4f0-4d58-b133-e578434990f8,1633000000.0,1446000000.0,3079000000.0,repaired
RIS,2022,1445655000.0,948a355d-1586-40ff-9998-91d21fa3abb2,1633000000.0,1446000000.0,3079000000.0,repaired
S2M,2023,3391198.0,41f6f31f-1c7d-4d44-b9c9-0f8b96d7f24f,146000000.0,3390000.0,149390000.0,repaired
S2M,2023,3391198.0,41f6f31f-1c7d-4d44-b9c9-0f8b96d7f24f,146000000.0,3390000.0,149390000.0,repaired
S2M,2023,3391198.0,41f6f31f-1c7d-4d44-b9c9-0f8b96d7f24f,146000000.0,3390000.0,149390000.0,repaired
S2M,2023,3391198.0,41f6f31f-1c7d-4d44-b9c9-0f8b96d7f24f,146000000.0,3390000.0,149390000.0,repaired
S2M,2023,3391198.0,41f6f31f-1c7d-4d44-b9c9-0f8b96d7f24f,146000000.0,3390000.0,149390000.0,repaired
S2M,2023,3391198.0,41f6f31f-1c7d-4d44-b9c9-0f8b96d7f24f,146000000.0,3390000.0,149390000.0,repaired
S2M,2024,-19864278.0,41f6f31f-1c7d-4d44-b9c9-0f8b96d7f24f,191000000.0,-24860000.0,166140000.0,repaired
S2M,2024,-19864278.0,41f6f31f-1c7d-4d44-b9c9-0f8b96d7f24f,191000000.0,-24860000.0,166140000.0,repaired
S2M,2024,-19864278.0,41f6f31f-1c7d-4d44-b9c9-0f8b96d7f24f,191000000.0,-24860000.0,166140000.0,repaired
S2M,2024,-19864278.0,41f6f31f-1c7d-4d44-b9c9-0f8b96d7f24f,191000000.0,-24860000.0,166140000.0,repaired
S2M,2024,-19864278.0,41f6f31f-1c7d-4d44-b9c9-0f8b96d7f24f,191000000.0,-24860000.0,166140000.0,repaired
S2M,2024,-19864278.0,41f6f31f-1c7d-4d44-b9c9-0f8b96d7f24f,191000000.0,-24860000.0,166140000.0,repaired
SBM,2021,4373000.0,485e070c-e4f0-4d58-b133-e578434990f8,8093000000.0,-663070000.0,7429930000.0,repaired
SBM,2021,4373000.0,948a355d-1586-40ff-9998-91d21fa3abb2,8093000000.0,-663070000.0,7429930000.0,repaired
SBM,2021,4373000.0,41f6f31f-1c7d-4d44-b9c9-0f8b96d7f24f,8093000000.0,-663070000.0,7429930000.0,repaired
SBM,2021,4373000.0,7b152ba5-1402-4d99-9ccb-d02c3893eef7,8093000000.0,-663070000.0,7429930000.0,repaired
SBM,2021,4373000.0,485e070c-e4f0-4d58-b133-e578434990f8,8093000000.0,-663070000.0,7429930000.0,repaired
SBM,2021,4373000.0,948a355d-1586-40ff-9998-91d21fa3abb2,8093000000.0,-663070000.0,7429930000.0,repaired
SBM,2021,4373000.0,41f6f31f-1c7d-4d44-b9c9-0f8b96d7f24f,8093000000.0,-663070000.0,7429930000.0,repaired
SBM,2021,4373000.0,7b152ba5-1402-4d99-9ccb-d02c3893eef7,8093000000.0,-663070000.0,7429930000.0,repaired
SBM,2022,26765000.0,7b152ba5-1402-4d99-9ccb-d02c3893eef7,6786000000.0,-849480000.0,5936520000.0,repaired
SBM,2022,26765000.0,948a355d-1586-40ff-9998-91d21fa3abb2,6786000000.0,-849480000.0,5936520000.0,repaired
SBM,2022,26765000.0,41f6f31f-1c7d-4d44-b9c9-0f8b96d7f24f,6786000000.0,-849480000.0,5936520000.0,repaired
SBM,2022,26765000.0,485e070c-e4f0-4d58-b133-e578434990f8,6786000000.0,-849480000.0,5936520000.0,repaired
SBM,2022,26765000.0,7b152ba5-1402-4d99-9ccb-d02c3893eef7,6786000000.0,-849480000.0,5936520000.0,repaired
SBM,2022,26765000.0,948a355d-1586-40ff-9998-91d21fa3abb2,6786000000.0,-849480000.0,5936520000.0,repaired
SBM,2022,26765000.0,41f6f31f-1c7d-4d44-b9c9-0f8b96d7f24f,6786000000.0,-849480000.0,5936520000.0,repaired
SBM,2022,26765000.0,485e070c-e4f0-4d58-b133-e578434990f8,6786000000.0,-849480000.0,5936520000.0,repaired
SBM,2023,78689000.0,485e070c-e4f0-4d58-b133-e578434990f8,6387000000.0,-944860000.0,5442140000.0,repaired
SBM,2023,78689000.0,948a355d-1586-40ff-9998-91d21fa3abb2,6387000000.0,-944860000.0,5442140000.0,repaired
SBM,2023,78689000.0,41f6f31f-1c7d-4d44-b9c9-0f8b96d7f24f,6387000000.0,-944860000.0,5442140000.0,repaired
SBM,2023,78689000.0,7b152ba5-1402-4d99-9ccb-d02c3893eef7,6387000000.0,-944860000.0,5442140000.0,repaired
SBM,2023,78689000.0,485e070c-e4f0-4d58-b133-e578434990f8,6387000000.0,-944860000.0,5442140000.0,repaired
SBM,2023,78689000.0,948a355d-1586-40ff-9998-91d21fa3abb2,6387000000.0,-944860000.0,5442140000.0,repaired
SBM,2023,78689000.0,41f6f31f-1c7d-4d44-b9c9-0f8b96d7f24f,6387000000.0,-944860000.0,5442140000.0,repaired
SBM,2023,78689000.0,7b152ba5-1402-4d99-9ccb-d02c3893eef7,6387000000.0,-944860000.0,5442140000.0,repaired
SBM,2023,78689000.0,485e070c-e4f0-4d58-b133-e578434990f8,6387000000.0,-944860000.0,5442140000.0,repaired
SBM,2023,78689000.0,948a355d-1586-40ff-9998-91d21fa3abb2,6387000000.0,-944860000.0,5442140000.0,repaired
SBM,2023,78689000.0,41f6f31f-1c7d-4d44-b9c9-0f8b96d7f24f,6387000000.0,-944860000.0,5442140000.0,repaired
SBM,2023,78689000.0,7b152ba5-1402-4d99-9ccb-d02c3893eef7,6387000000.0,-944860000.0,5442140000.0,repaired
SBM,2023,78689000.0,485e070c-e4f0-4d58-b133-e578434990f8,6387000000.0,-944860000.0,5442140000.0,repaired
SBM,2023,78689000.0,948a355d-1586-40ff-9998-91d21fa3abb2,6387000000.0,-944860000.0,5442140000.0,repaired
SBM,2023,78689000.0,41f6f31f-1c7d-4d44-b9c9-0f8b96d7f24f,6387000000.0,-944860000.0,5442140000.0,repaired
SBM,2023,78689000.0,7b152ba5-1402-4d99-9ccb-d02c3893eef7,6387000000.0,-944860000.0,5442140000.0,repaired
SID,2020,-742553000.0,948a355d-1586-40ff-9998-91d21fa3abb2,,-742553000.0,,unresolved_no_marketcap
SID,2020,-742553000.0,41f6f31f-1c7d-4d44-b9c9-0f8b96d7f24f,,-742553000.0,,unresolved_no_marketcap
SID,2020,-742553000.0,485e070c-e4f0-4d58-b133-e578434990f8,,-742553000.0,,unresolved_no_marketcap
SID,2020,-742553000.0,7b152ba5-1402-4d99-9ccb-d02c3893eef7,,-742553000.0,,unresolved_no_marketcap
SID,2021,-864166000.0,41f6f31f-1c7d-4d44-b9c9-0f8b96d7f24f,2399000000.0,-865790000.0,1533210000.0,repaired
SID,2021,-864166000.0,948a355d-1586-40ff-9998-91d21fa3abb2,2399000000.0,-865790000.0,1533210000.0,repaired
SID,2021,-864166000.0,485e070c-e4f0-4d58-b133-e578434990f8,2399000000.0,-865790000.0,1533210000.0,repaired
SID,2021,-864166000.0,7b152ba5-1402-4d99-9ccb-d02c3893eef7,2399000000.0,-865790000.0,1533210000.0,repaired
SID,2021,-864166000.0,41f6f31f-1c7d-4d44-b9c9-0f8b96d7f24f,2399000000.0,-865790000.0,1533210000.0,repaired
SID,2021,-864166000.0,948a355d-1586-40ff-9998-91d21fa3abb2,2399000000.0,-865790000.0,1533210000.0,repaired
SID,2021,-864166000.0,485e070c-e4f0-4d58-b133-e578434990f8,2399000000.0,-865790000.0,1533210000.0,repaired
SID,2021,-864166000.0,7b152ba5-1402-4d99-9ccb-d02c3893eef7,2399000000.0,-865790000.0,1533210000.0,repaired
SID,2021,-864166000.0,41f6f31f-1c7d-4d44-b9c9-0f8b96d7f24f,2399000000.0,-865790000.0,1533210000.0,repaired
SID,2021,-864166000.0,948a355d-1586-40ff-9998-91d21fa3abb2,2399000000.0,-865790000.0,1533210000.0,repaired
SID,2021,-864166000.0,485e070c-e4f0-4d58-b133-e578434990f8,2399000000.0,-865790000.0,1533210000.0,repaired
SID,2021,-864166000.0,7b152ba5-1402-4d99-9ccb-d02c3893eef7,2399000000.0,-865790000.0,1533210000.0,repaired
SID,2021,-864166000.0,41f6f31f-1c7d-4d44-b9c9-0f8b96d7f24f,2399000000.0,-865790000.0,1533210000.0,repaired
SID,2021,-864166000.0,948a355d-1586-40ff-9998-91d21fa3abb2,2399000000.0,-865790000.0,1533210000.0,repaired
SID,2021,-864166000.0,485e070c-e4f0-4d58-b133-e578434990f8,2399000000.0,-865790000.0,1533210000.0,repaired
SID,2021,-864166000.0,7b152ba5-1402-4d99-9ccb-d02c3893eef7,2399000000.0,-865790000.0,1533210000.0,repaired
SID,2021,-864166000.0,41f6f31f-1c7d-4d44-b9c9-0f8b96d7f24f,2399000000.0,-865790000.0,1533210000.0,repaired
SID,2021,-864166000.0,948a355d-1586-40ff-9998-91d21fa3abb2,2399000000.0,-865790000.0,1533210000.0,repaired
SID,2021,-864166000.0,485e070c-e4f0-4d58-b133-e578434990f8,2399000000.0,-865790000.0,1533210000.0,repaired
SID,2021,-864166000.0,7b152ba5-1402-4d99-9ccb-d02c3893eef7,2399000000.0,-865790000.0,1533210000.0,repaired
SID,2021,-864166000.0,41f6f31f-1c7d-4d44-b9c9-0f8b96d7f24f,2399000000.0,-865790000.0,1533210000.0,repaired
SID,2021,-864166000.0,948a355d-1586-40ff-9998-91d21fa3abb2,2399000000.0,-865790000.0,1533210000.0,repaired
SID,2021,-864166000.0,485e070c-e4f0-4d58-b133-e578434990f8,2399000000.0,-865790000.0,1533210000.0,repaired
SID,2021,-864166000.0,7b152ba5-1402-4d99-9ccb-d02c3893eef7,2399000000.0,-865790000.0,1533210000.0,repaired
SID,2021,-864166000.0,41f6f31f-1c7d-4d44-b9c9-0f8b96d7f24f,2399000000.0,-865790000.0,1533210000.0,repaired
SID,2021,-864166000.0,948a355d-1586-40ff-9998-91d21fa3abb2,2399000000.0,-865790000.0,1533210000.0,repaired
SID,2021,-864166000.0,485e070c-e4f0-4d58-b133-e578434990f8,2399000000.0,-865790000.0,1533210000.0,repaired
SID,2021,-864166000.0,7b152ba5-1402-4d99-9ccb-d02c3893eef7,2399000000.0,-865790000.0,1533210000.0,repaired
SID,2021,-864166000.0,41f6f31f-1c7d-4d44-b9c9-0f8b96d7f24f,2399000000.0,-865790000.0,1533210000.0,repaired
SID,2021,-864166000.0,948a355d-1586-40ff-9998-91d21fa3abb2,2399000000.0,-865790000.0,1533210000.0,repaired
SID,2021,-864166000.0,485e070c-e4f0-4d58-b133-e578434990f8,2399000000.0,-865790000.0,1533210000.0,repaired
SID,2021,-864166000.0,7b152ba5-1402-4d99-9ccb-d02c3893eef7,2399000000.0,-865790000.0,1533210000.0,repaired
SID,2021,-864166000.0,41f6f31f-1c7d-4d44-b9c9-0f8b96d7f24f,2399000000.0,-865790000.0,1533210000.0,repaired
SID,2021,-864166000.0,948a355d-1586-40ff-9998-91d21fa3abb2,2399000000.0,-865790000.0,1533210000.0,repaired
SID,2021,-864166000.0,485e070c-e4f0-4d58-b133-e578434990f8,2399000000.0,-865790000.0,1533210000.0,repaired
SID,2021,-864166000.0,7b152ba5-1402-4d99-9ccb-d02c3893eef7,2399000000.0,-865790000.0,1533210000.0,repaired
SID,2022,-742591000.0,485e070c-e4f0-4d58-b133-e578434990f8,2028000000.0,-767000000.0,1261000000.0,repaired
SID,2022,-742591000.0,948a355d-1586-40ff-9998-91d21fa3abb2,2028000000.0,-767000000.0,1261000000.0,repaired
SID,2022,-742591000.0,41f6f31f-1c7d-4d44-b9c9-0f8b96d7f24f,2028000000.0,-767000000.0,1261000000.0,repaired
SID,2022,-742591000.0,7b152ba5-1402-4d99-9ccb-d02c3893eef7,2028000000.0,-767000000.0,1261000000.0,repaired
SID,2022,-742591000.0,485e070c-e4f0-4d58-b133-e578434990f8,2028000000.0,-767000000.0,1261000000.0,repaired
SID,2022,-742591000.0,948a355d-1586-40ff-9998-91d21fa3abb2,2028000000.0,-767000000.0,1261000000.0,repaired
SID,2022,-742591000.0,41f6f31f-1c7d-4d44-b9c9-0f8b96d7f24f,2028000000.0,-767000000.0,1261000000.0,repaired
SID,2022,-742591000.0,7b152ba5-1402-4d99-9ccb-d02c3893eef7,2028000000.0,-767000000.0,1261000000.0,repaired
SID,2022,-742591000.0,485e070c-e4f0-4d58-b133-e578434990f8,2028000000.0,-767000000.0,1261000000.0,repaired
SID,2022,-742591000.0,948a355d-1586-40ff-9998-91d21fa3abb2,2028000000.0,-767000000.0,1261000000.0,repaired
SID,2022,-742591000.0,41f6f31f-1c7d-4d44-b9c9-0f8b96d7f24f,2028000000.0,-767000000.0,1261000000.0,repaired
SID,2022,-742591000.0,7b152ba5-1402-4d99-9ccb-d02c3893eef7,2028000000.0,-767000000.0,1261000000.0,repaired
SID,2022,-742591000.0,485e070c-e4f0-4d58-b133-e578434990f8,2028000000.0,-767000000.0,1261000000.0,repaired
SID,2022,-742591000.0,948a355d-1586-40ff-9998-91d21fa3abb2,2028000000.0,-767000000.0,1261000000.0,repaired
SID,2022,-742591000.0,41f6f31f-1c7d-4d44-b9c9-0f8b96d7f24f,2028000000.0,-767000000.0,1261000000.0,repaired
SID,2022,-742591000.0,7b152ba5-1402-4d99-9ccb-d02c3893eef7,2028000000.0,-767000000.0,1261000000.0,repaired
SID,2022,-742591000.0,485e070c-e4f0-4d58-b133-e578434990f8,2028000000.0,-767000000.0,1261000000.0,repaired
SID,2022,-742591000.0,948a355d-1586-40ff-9998-91d21fa3abb2,2028000000.0,-767000000.0,1261000000.0,repaired
SID,2022,-742591000.0,41f6f31f-1c7d-4d44-b9c9-0f8b96d7f24f,2028000000.0,-767000000.0,1261000000.0,repaired
SID,2022,-742591000.0,7b152ba5-1402-4d99-9ccb-d02c3893eef7,2028000000.0,-767000000.0,1261000000.0,repaired
SID,2022,-742591000.0,485e070c-e4f0-4d58-b133-e578434990f8,2028000000.0,-767000000.0,1261000000.0,repaired
SID,2022,-742591000.0,948a355d-1586-40ff-9998-91d21fa3abb2,2028000000.0,-767000000.0,1261000000.0,repaired
SID,2022,-742591000.0,41f6f31f-1c7d-4d44-b9c9-0f8b96d7f24f,2028000000.0,-767000000.0,1261000000.0,repaired
SID,2022,-742591000.0,7b152ba5-1402-4d99-9ccb-d02c3893eef7,2028000000.0,-767000000.0,1261000000.0,repaired
SID,2022,-742591000.0,485e070c-e4f0-4d58-b133-e578434990f8,2028000000.0,-767000000.0,1261000000.0,repaired
SID,2022,-742591000.0,948a355d-1586-40ff-9998-91d21fa3abb2,2028000000.0,-767000000.0,1261000000.0,repaired
SID,2022,-742591000.0,41f6f31f-1c7d-4d44-b9c9-0f8b96d7f24f,2028000000.0,-767000000.0,1261000000.0,repaired
SID,2022,-742591000.0,7b152ba5-1402-4d99-9ccb-d02c3893eef7,2028000000.0,-767000000.0,1261000000.0,repaired
SID,2022,-742591000.0,485e070c-e4f0-4d58-b133-e578434990f8,2028000000.0,-767000000.0,1261000000.0,repaired
SID,2022,-742591000.0,948a355d-1586-40ff-9998-91d21fa3abb2,2028000000.0,-767000000.0,1261000000.0,repaired
SID,2022,-742591000.0,41f6f31f-1c7d-4d44-b9c9-0f8b96d7f24f,2028000000.0,-767000000.0,1261000000.0,repaired
SID,2022,-742591000.0,7b152ba5-1402-4d99-9ccb-d02c3893eef7,2028000000.0,-767000000.0,1261000000.0,repaired
SID,2022,-742591000.0,485e070c-e4f0-4d58-b133-e578434990f8,2028000000.0,-767000000.0,1261000000.0,repaired
SID,2022,-742591000.0,948a355d-1586-40ff-9998-91d21fa3abb2,2028000000.0,-767000000.0,1261000000.0,repaired
SID,2022,-742591000.0,41f6f31f-1c7d-4d44-b9c9-0f8b96d7f24f,2028000000.0,-767000000.0,1261000000.0,repaired
SID,2022,-742591000.0,7b152ba5-1402-4d99-9ccb-d02c3893eef7,2028000000.0,-767000000.0,1261000000.0,repaired
SID,2023,-658378000.0,948a355d-1586-40ff-9998-91d21fa3abb2,2574000000.0,-668300000.0,1905700000.0,repaired
SID,2023,-658378000.0,485e070c-e4f0-4d58-b133-e578434990f8,2574000000.0,-668300000.0,1905700000.0,repaired
SID,2023,-658378000.0,41f6f31f-1c7d-4d44-b9c9-0f8b96d7f24f,2574000000.0,-668300000.0,1905700000.0,repaired
SID,2023,-658378000.0,7b152ba5-1402-4d99-9ccb-d02c3893eef7,2574000000.0,-668300000.0,1905700000.0,repaired
SID,2023,-658378000.0,948a355d-1586-40ff-9998-91d21fa3abb2,2574000000.0,-668300000.0,1905700000.0,repaired
SID,2023,-658378000.0,485e070c-e4f0-4d58-b133-e578434990f8,2574000000.0,-668300000.0,1905700000.0,repaired
SID,2023,-658378000.0,41f6f31f-1c7d-4d44-b9c9-0f8b96d7f24f,2574000000.0,-668300000.0,1905700000.0,repaired
SID,2023,-658378000.0,7b152ba5-1402-4d99-9ccb-d02c3893eef7,2574000000.0,-668300000.0,1905700000.0,repaired
SID,2023,-658378000.0,948a355d-1586-40ff-9998-91d21fa3abb2,2574000000.0,-668300000.0,1905700000.0,repaired
SID,2023,-658378000.0,485e070c-e4f0-4d58-b133-e578434990f8,2574000000.0,-668300000.0,1905700000.0,repaired
SID,2023,-658378000.0,41f6f31f-1c7d-4d44-b9c9-0f8b96d7f24f,2574000000.0,-668300000.0,1905700000.0,repaired
SID,2023,-658378000.0,7b152ba5-1402-4d99-9ccb-d02c3893eef7,2574000000.0,-668300000.0,1905700000.0,repaired
SID,2023,-658378000.0,948a355d-1586-40ff-9998-91d21fa3abb2,2574000000.0,-668300000.0,1905700000.0,repaired
SID,2023,-658378000.0,485e070c-e4f0-4d58-b133-e578434990f8,2574000000.0,-668300000.0,1905700000.0,repaired
SID,2023,-658378000.0,41f6f31f-1c7d-4d44-b9c9-0f8b96d7f24f,2574000000.0,-668300000.0,1905700000.0,repaired
SID,2023,-658378000.0,7b152ba5-1402-4d99-9ccb-d02c3893eef7,2574000000.0,-668300000.0,1905700000.0,repaired
SID,2023,-658378000.0,948a355d-1586-40ff-9998-91d21fa3abb2,2574000000.0,-668300000.0,1905700000.0,repaired
SID,2023,-658378000.0,485e070c-e4f0-4d58-b133-e578434990f8,2574000000.0,-668300000.0,1905700000.0,repaired
SID,2023,-658378000.0,41f6f31f-1c7d-4d44-b9c9-0f8b96d7f24f,2574000000.0,-668300000.0,1905700000.0,repaired
SID,2023,-658378000.0,7b152ba5-1402-4d99-9ccb-d02c3893eef7,2574000000.0,-668300000.0,1905700000.0,repaired
SID,2023,-658378000.0,948a355d-1586-40ff-9998-91d21fa3abb2,2574000000.0,-668300000.0,1905700000.0,repaired
SID,2023,-658378000.0,485e070c-e4f0-4d58-b133-e578434990f8,2574000000.0,-668300000.0,1905700000.0,repaired
SID,2023,-658378000.0,41f6f31f-1c7d-4d44-b9c9-0f8b96d7f24f,2574000000.0,-668300000.0,1905700000.0,repaired
SID,2023,-658378000.0,7b152ba5-1402-4d99-9ccb-d02c3893eef7,2574000000.0,-668300000.0,1905700000.0,repaired
SID,2023,-658378000.0,948a355d-1586-40ff-9998-91d21fa3abb2,2574000000.0,-668300000.0,1905700000.0,repaired
SID,2023,-658378000.0,485e070c-e4f0-4d58-b133-e578434990f8,2574000000.0,-668300000.0,1905700000.0,repaired
SID,2023,-658378000.0,41f6f31f-1c7d-4d44-b9c9-0f8b96d7f24f,2574000000.0,-668300000.0,1905700000.0,repaired
SID,2023,-658378000.0,7b152ba5-1402-4d99-9ccb-d02c3893eef7,2574000000.0,-668300000.0,1905700000.0,repaired
SID,2023,-658378000.0,948a355d-1586-40ff-9998-91d21fa3abb2,2574000000.0,-668300000.0,1905700000.0,repaired
SID,2023,-658378000.0,485e070c-e4f0-4d58-b133-e578434990f8,2574000000.0,-668300000.0,1905700000.0,repaired
SID,2023,-658378000.0,41f6f31f-1c7d-4d44-b9c9-0f8b96d7f24f,2574000000.0,-668300000.0,1905700000.0,repaired
SID,2023,-658378000.0,7b152ba5-1402-4d99-9ccb-d02c3893eef7,2574000000.0,-668300000.0,1905700000.0,repaired
SID,2023,-658378000.0,948a355d-1586-40ff-9998-91d21fa3abb2,2574000000.0,-668300000.0,1905700000.0,repaired
SID,2023,-658378000.0,485e070c-e4f0-4d58-b133-e578434990f8,2574000000.0,-668300000.0,1905700000.0,repaired
SID,2023,-658378000.0,41f6f31f-1c7d-4d44-b9c9-0f8b96d7f24f,2574000000.0,-668300000.0,1905700000.0,repaired
SID,2023,-658378000.0,7b152ba5-1402-4d99-9ccb-d02c3893eef7,2574000000.0,-668300000.0,1905700000.0,repaired
SLF,2020,2229328000.0,41f6f31f-1c7d-4d44-b9c9-0f8b96d7f24f,,2229328000.0,,unresolved_no_marketcap
SLF,2024,1333930000.0,2b00e6a5-9e40-4d34-a47b-ba7da23d0a99,1712000000.0,1334000000.0,3046000000.0,repaired
SLF,2024,1333930000.0,2b00e6a5-9e40-4d34-a47b-ba7da23d0a99,1712000000.0,1334000000.0,3046000000.0,repaired
SLF,2024,1333930000.0,2b00e6a5-9e40-4d34-a47b-ba7da23d0a99,1712000000.0,1334000000.0,3046000000.0,repaired
SLF,2024,1333930000.0,2b00e6a5-9e40-4d34-a47b-ba7da23d0a99,1712000000.0,1334000000.0,3046000000.0,repaired
SLF,2025,1579930000.0,2b00e6a5-9e40-4d34-a47b-ba7da23d0a99,1537000000.0,1580000000.0,3117000000.0,repaired
SLF,2025,1579930000.0,2b00e6a5-9e40-4d34-a47b-ba7da23d0a99,1537000000.0,1580000000.0,3117000000.0,repaired
SLF,2025,1579930000.0,2b00e6a5-9e40-4d34-a47b-ba7da23d0a99,1537000000.0,1580000000.0,3117000000.0,repaired
SLF,2025,1579930000.0,2b00e6a5-9e40-4d34-a47b-ba7da23d0a99,1537000000.0,1580000000.0,3117000000.0,repaired
SMI,2021,119368130.54,948a355d-1586-40ff-9998-91d21fa3abb2,2466000000.0,119370000.0,2585370000.0,repaired
SMI,2021,119368130.53999999,41f6f31f-1c7d-4d44-b9c9-0f8b96d7f24f,2466000000.0,119370000.0,2585370000.0,repaired
SMI,2021,119368130.54,7b152ba5-1402-4d99-9ccb-d02c3893eef7,2466000000.0,119370000.0,2585370000.0,repaired
SMI,2021,119368130.54,485e070c-e4f0-4d58-b133-e578434990f8,2466000000.0,119370000.0,2585370000.0,repaired
SMI,2021,119368130.54,948a355d-1586-40ff-9998-91d21fa3abb2,2466000000.0,119370000.0,2585370000.0,repaired
SMI,2021,119368130.53999999,41f6f31f-1c7d-4d44-b9c9-0f8b96d7f24f,2466000000.0,119370000.0,2585370000.0,repaired
SMI,2021,119368130.54,7b152ba5-1402-4d99-9ccb-d02c3893eef7,2466000000.0,119370000.0,2585370000.0,repaired
SMI,2021,119368130.54,485e070c-e4f0-4d58-b133-e578434990f8,2466000000.0,119370000.0,2585370000.0,repaired
SMI,2021,119368130.54,948a355d-1586-40ff-9998-91d21fa3abb2,2466000000.0,119370000.0,2585370000.0,repaired
SMI,2021,119368130.53999999,41f6f31f-1c7d-4d44-b9c9-0f8b96d7f24f,2466000000.0,119370000.0,2585370000.0,repaired
SMI,2021,119368130.54,7b152ba5-1402-4d99-9ccb-d02c3893eef7,2466000000.0,119370000.0,2585370000.0,repaired
SMI,2021,119368130.54,485e070c-e4f0-4d58-b133-e578434990f8,2466000000.0,119370000.0,2585370000.0,repaired
SMI,2021,119368130.54,948a355d-1586-40ff-9998-91d21fa3abb2,2466000000.0,119370000.0,2585370000.0,repaired
SMI,2021,119368130.53999999,41f6f31f-1c7d-4d44-b9c9-0f8b96d7f24f,2466000000.0,119370000.0,2585370000.0,repaired
SMI,2021,119368130.54,7b152ba5-1402-4d99-9ccb-d02c3893eef7,2466000000.0,119370000.0,2585370000.0,repaired
SMI,2021,119368130.54,485e070c-e4f0-4d58-b133-e578434990f8,2466000000.0,119370000.0,2585370000.0,repaired
SMI,2021,119368130.54,948a355d-1586-40ff-9998-91d21fa3abb2,2466000000.0,119370000.0,2585370000.0,repaired
SMI,2021,119368130.53999999,41f6f31f-1c7d-4d44-b9c9-0f8b96d7f24f,2466000000.0,119370000.0,2585370000.0,repaired
SMI,2021,119368130.54,7b152ba5-1402-4d99-9ccb-d02c3893eef7,2466000000.0,119370000.0,2585370000.0,repaired
SMI,2021,119368130.54,485e070c-e4f0-4d58-b133-e578434990f8,2466000000.0,119370000.0,2585370000.0,repaired
SMI,2021,119368130.54,948a355d-1586-40ff-9998-91d21fa3abb2,2466000000.0,119370000.0,2585370000.0,repaired
SMI,2021,119368130.53999999,41f6f31f-1c7d-4d44-b9c9-0f8b96d7f24f,2466000000.0,119370000.0,2585370000.0,repaired
SMI,2021,119368130.54,7b152ba5-1402-4d99-9ccb-d02c3893eef7,2466000000.0,119370000.0,2585370000.0,repaired
SMI,2021,119368130.54,485e070c-e4f0-4d58-b133-e578434990f8,2466000000.0,119370000.0,2585370000.0,repaired
SMI,2021,119368130.54,948a355d-1586-40ff-9998-91d21fa3abb2,2466000000.0,119370000.0,2585370000.0,repaired
SMI,2021,119368130.53999999,41f6f31f-1c7d-4d44-b9c9-0f8b96d7f24f,2466000000.0,119370000.0,2585370000.0,repaired
SMI,2021,119368130.54,7b152ba5-1402-4d99-9ccb-d02c3893eef7,2466000000.0,119370000.0,2585370000.0,repaired
SMI,2021,119368130.54,485e070c-e4f0-4d58-b133-e578434990f8,2466000000.0,119370000.0,2585370000.0,repaired
SMI,2021,119368130.54,948a355d-1586-40ff-9998-91d21fa3abb2,2466000000.0,119370000.0,2585370000.0,repaired
SMI,2021,119368130.53999999,41f6f31f-1c7d-4d44-b9c9-0f8b96d7f24f,2466000000.0,119370000.0,2585370000.0,repaired
SMI,2021,119368130.54,7b152ba5-1402-4d99-9ccb-d02c3893eef7,2466000000.0,119370000.0,2585370000.0,repaired
SMI,2021,119368130.54,485e070c-e4f0-4d58-b133-e578434990f8,2466000000.0,119370000.0,2585370000.0,repaired
SMI,2021,119368130.54,948a355d-1586-40ff-9998-91d21fa3abb2,2466000000.0,119370000.0,2585370000.0,repaired
SMI,2021,119368130.53999999,41f6f31f-1c7d-4d44-b9c9-0f8b96d7f24f,2466000000.0,119370000.0,2585370000.0,repaired
SMI,2021,119368130.54,7b152ba5-1402-4d99-9ccb-d02c3893eef7,2466000000.0,119370000.0,2585370000.0,repaired
SMI,2021,119368130.54,485e070c-e4f0-4d58-b133-e578434990f8,2466000000.0,119370000.0,2585370000.0,repaired
SMI,2023,18765296.48,948a355d-1586-40ff-9998-91d21fa3abb2,2176000000.0,18770000.0,2194770000.0,repaired
SMI,2023,18765296.48,485e070c-e4f0-4d58-b133-e578434990f8,2176000000.0,18770000.0,2194770000.0,repaired
SMI,2023,18765296.48,7b152ba5-1402-4d99-9ccb-d02c3893eef7,2176000000.0,18770000.0,2194770000.0,repaired
SMI,2023,18765296.48,948a355d-1586-40ff-9998-91d21fa3abb2,2176000000.0,18770000.0,2194770000.0,repaired
SMI,2023,18765296.48,485e070c-e4f0-4d58-b133-e578434990f8,2176000000.0,18770000.0,2194770000.0,repaired
SMI,2023,18765296.48,7b152ba5-1402-4d99-9ccb-d02c3893eef7,2176000000.0,18770000.0,2194770000.0,repaired
SMI,2023,18765296.48,948a355d-1586-40ff-9998-91d21fa3abb2,2176000000.0,18770000.0,2194770000.0,repaired
SMI,2023,18765296.48,485e070c-e4f0-4d58-b133-e578434990f8,2176000000.0,18770000.0,2194770000.0,repaired
SMI,2023,18765296.48,7b152ba5-1402-4d99-9ccb-d02c3893eef7,2176000000.0,18770000.0,2194770000.0,repaired
SMI,2023,18765296.48,948a355d-1586-40ff-9998-91d21fa3abb2,2176000000.0,18770000.0,2194770000.0,repaired
SMI,2023,18765296.48,485e070c-e4f0-4d58-b133-e578434990f8,2176000000.0,18770000.0,2194770000.0,repaired
SMI,2023,18765296.48,7b152ba5-1402-4d99-9ccb-d02c3893eef7,2176000000.0,18770000.0,2194770000.0,repaired
SMI,2023,18765296.48,948a355d-1586-40ff-9998-91d21fa3abb2,2176000000.0,18770000.0,2194770000.0,repaired
SMI,2023,18765296.48,485e070c-e4f0-4d58-b133-e578434990f8,2176000000.0,18770000.0,2194770000.0,repaired
SMI,2023,18765296.48,7b152ba5-1402-4d99-9ccb-d02c3893eef7,2176000000.0,18770000.0,2194770000.0,repaired
SMI,2023,18765296.48,948a355d-1586-40ff-9998-91d21fa3abb2,2176000000.0,18770000.0,2194770000.0,repaired
SMI,2023,18765296.48,485e070c-e4f0-4d58-b133-e578434990f8,2176000000.0,18770000.0,2194770000.0,repaired
SMI,2023,18765296.48,7b152ba5-1402-4d99-9ccb-d02c3893eef7,2176000000.0,18770000.0,2194770000.0,repaired
SMI,2023,18765296.48,948a355d-1586-40ff-9998-91d21fa3abb2,2176000000.0,18770000.0,2194770000.0,repaired
SMI,2023,18765296.48,485e070c-e4f0-4d58-b133-e578434990f8,2176000000.0,18770000.0,2194770000.0,repaired
SMI,2023,18765296.48,7b152ba5-1402-4d99-9ccb-d02c3893eef7,2176000000.0,18770000.0,2194770000.0,repaired
SMI,2023,18765296.48,948a355d-1586-40ff-9998-91d21fa3abb2,2176000000.0,18770000.0,2194770000.0,repaired
SMI,2023,18765296.48,485e070c-e4f0-4d58-b133-e578434990f8,2176000000.0,18770000.0,2194770000.0,repaired
SMI,2023,18765296.48,7b152ba5-1402-4d99-9ccb-d02c3893eef7,2176000000.0,18770000.0,2194770000.0,repaired
SMI,2023,18765296.48,948a355d-1586-40ff-9998-91d21fa3abb2,2176000000.0,18770000.0,2194770000.0,repaired
SMI,2023,18765296.48,485e070c-e4f0-4d58-b133-e578434990f8,2176000000.0,18770000.0,2194770000.0,repaired
SMI,2023,18765296.48,7b152ba5-1402-4d99-9ccb-d02c3893eef7,2176000000.0,18770000.0,2194770000.0,repaired
SOT,2021,135520000.0,485e070c-e4f0-4d58-b133-e578434990f8,10656000000.0,135520000.0,10791520000.0,repaired
SOT,2021,135520000.0,7b152ba5-1402-4d99-9ccb-d02c3893eef7,10656000000.0,135520000.0,10791520000.0,repaired
SOT,2021,135520000.0,948a355d-1586-40ff-9998-91d21fa3abb2,10656000000.0,135520000.0,10791520000.0,repaired
SOT,2021,135520000.0,41f6f31f-1c7d-4d44-b9c9-0f8b96d7f24f,10656000000.0,135520000.0,10791520000.0,repaired
SOT,2021,135520000.0,485e070c-e4f0-4d58-b133-e578434990f8,10656000000.0,135520000.0,10791520000.0,repaired
SOT,2021,135520000.0,7b152ba5-1402-4d99-9ccb-d02c3893eef7,10656000000.0,135520000.0,10791520000.0,repaired
SOT,2021,135520000.0,948a355d-1586-40ff-9998-91d21fa3abb2,10656000000.0,135520000.0,10791520000.0,repaired
SOT,2021,135520000.0,41f6f31f-1c7d-4d44-b9c9-0f8b96d7f24f,10656000000.0,135520000.0,10791520000.0,repaired
SOT,2021,135520000.0,485e070c-e4f0-4d58-b133-e578434990f8,10656000000.0,135520000.0,10791520000.0,repaired
SOT,2021,135520000.0,7b152ba5-1402-4d99-9ccb-d02c3893eef7,10656000000.0,135520000.0,10791520000.0,repaired
SOT,2021,135520000.0,948a355d-1586-40ff-9998-91d21fa3abb2,10656000000.0,135520000.0,10791520000.0,repaired
SOT,2021,135520000.0,41f6f31f-1c7d-4d44-b9c9-0f8b96d7f24f,10656000000.0,135520000.0,10791520000.0,repaired
SOT,2021,135520000.0,485e070c-e4f0-4d58-b133-e578434990f8,10656000000.0,135520000.0,10791520000.0,repaired
SOT,2021,135520000.0,7b152ba5-1402-4d99-9ccb-d02c3893eef7,10656000000.0,135520000.0,10791520000.0,repaired
SOT,2021,135520000.0,948a355d-1586-40ff-9998-91d21fa3abb2,10656000000.0,135520000.0,10791520000.0,repaired
SOT,2021,135520000.0,41f6f31f-1c7d-4d44-b9c9-0f8b96d7f24f,10656000000.0,135520000.0,10791520000.0,repaired
SOT,2021,135520000.0,485e070c-e4f0-4d58-b133-e578434990f8,10656000000.0,135520000.0,10791520000.0,repaired
SOT,2021,135520000.0,7b152ba5-1402-4d99-9ccb-d02c3893eef7,10656000000.0,135520000.0,10791520000.0,repaired
SOT,2021,135520000.0,948a355d-1586-40ff-9998-91d21fa3abb2,10656000000.0,135520000.0,10791520000.0,repaired
SOT,2021,135520000.0,41f6f31f-1c7d-4d44-b9c9-0f8b96d7f24f,10656000000.0,135520000.0,10791520000.0,repaired
SOT,2021,135520000.0,485e070c-e4f0-4d58-b133-e578434990f8,10656000000.0,135520000.0,10791520000.0,repaired
SOT,2021,135520000.0,7b152ba5-1402-4d99-9ccb-d02c3893eef7,10656000000.0,135520000.0,10791520000.0,repaired
SOT,2021,135520000.0,948a355d-1586-40ff-9998-91d21fa3abb2,10656000000.0,135520000.0,10791520000.0,repaired
SOT,2021,135520000.0,41f6f31f-1c7d-4d44-b9c9-0f8b96d7f24f,10656000000.0,135520000.0,10791520000.0,repaired
SOT,2021,135520000.0,485e070c-e4f0-4d58-b133-e578434990f8,10656000000.0,135520000.0,10791520000.0,repaired
SOT,2021,135520000.0,7b152ba5-1402-4d99-9ccb-d02c3893eef7,10656000000.0,135520000.0,10791520000.0,repaired
SOT,2021,135520000.0,948a355d-1586-40ff-9998-91d21fa3abb2,10656000000.0,135520000.0,10791520000.0,repaired
SOT,2021,135520000.0,41f6f31f-1c7d-4d44-b9c9-0f8b96d7f24f,10656000000.0,135520000.0,10791520000.0,repaired
SOT,2021,135520000.0,485e070c-e4f0-4d58-b133-e578434990f8,10656000000.0,135520000.0,10791520000.0,repaired
SOT,2021,135520000.0,7b152ba5-1402-4d99-9ccb-d02c3893eef7,10656000000.0,135520000.0,10791520000.0,repaired
SOT,2021,135520000.0,948a355d-1586-40ff-9998-91d21fa3abb2,10656000000.0,135520000.0,10791520000.0,repaired
SOT,2021,135520000.0,41f6f31f-1c7d-4d44-b9c9-0f8b96d7f24f,10656000000.0,135520000.0,10791520000.0,repaired
SOT,2021,135520000.0,485e070c-e4f0-4d58-b133-e578434990f8,10656000000.0,135520000.0,10791520000.0,repaired
SOT,2021,135520000.0,7b152ba5-1402-4d99-9ccb-d02c3893eef7,10656000000.0,135520000.0,10791520000.0,repaired
SOT,2021,135520000.0,948a355d-1586-40ff-9998-91d21fa3abb2,10656000000.0,135520000.0,10791520000.0,repaired
SOT,2021,135520000.0,41f6f31f-1c7d-4d44-b9c9-0f8b96d7f24f,10656000000.0,135520000.0,10791520000.0,repaired
SOT,2022,306996000.0,7b152ba5-1402-4d99-9ccb-d02c3893eef7,9504000000.0,302380000.0,9806380000.0,repaired
SOT,2022,306996000.0,485e070c-e4f0-4d58-b133-e578434990f8,9504000000.0,302380000.0,9806380000.0,repaired
SOT,2022,306996000.0,948a355d-1586-40ff-9998-91d21fa3abb2,9504000000.0,302380000.0,9806380000.0,repaired
SOT,2022,306996000.0,7b152ba5-1402-4d99-9ccb-d02c3893eef7,9504000000.0,302380000.0,9806380000.0,repaired
SOT,2022,306996000.0,485e070c-e4f0-4d58-b133-e578434990f8,9504000000.0,302380000.0,9806380000.0,repaired
SOT,2022,306996000.0,948a355d-1586-40ff-9998-91d21fa3abb2,9504000000.0,302380000.0,9806380000.0,repaired
SOT,2022,306996000.0,7b152ba5-1402-4d99-9ccb-d02c3893eef7,9504000000.0,302380000.0,9806380000.0,repaired
SOT,2022,306996000.0,485e070c-e4f0-4d58-b133-e578434990f8,9504000000.0,302380000.0,9806380000.0,repaired
SOT,2022,306996000.0,948a355d-1586-40ff-9998-91d21fa3abb2,9504000000.0,302380000.0,9806380000.0,repaired
SOT,2022,306996000.0,7b152ba5-1402-4d99-9ccb-d02c3893eef7,9504000000.0,302380000.0,9806380000.0,repaired
SOT,2022,306996000.0,485e070c-e4f0-4d58-b133-e578434990f8,9504000000.0,302380000.0,9806380000.0,repaired
SOT,2022,306996000.0,948a355d-1586-40ff-9998-91d21fa3abb2,9504000000.0,302380000.0,9806380000.0,repaired
SOT,2022,306996000.0,7b152ba5-1402-4d99-9ccb-d02c3893eef7,9504000000.0,302380000.0,9806380000.0,repaired
SOT,2022,306996000.0,485e070c-e4f0-4d58-b133-e578434990f8,9504000000.0,302380000.0,9806380000.0,repaired
SOT,2022,306996000.0,948a355d-1586-40ff-9998-91d21fa3abb2,9504000000.0,302380000.0,9806380000.0,repaired
SOT,2022,306996000.0,7b152ba5-1402-4d99-9ccb-d02c3893eef7,9504000000.0,302380000.0,9806380000.0,repaired
SOT,2022,306996000.0,485e070c-e4f0-4d58-b133-e578434990f8,9504000000.0,302380000.0,9806380000.0,repaired
SOT,2022,306996000.0,948a355d-1586-40ff-9998-91d21fa3abb2,9504000000.0,302380000.0,9806380000.0,repaired
SOT,2022,306996000.0,7b152ba5-1402-4d99-9ccb-d02c3893eef7,9504000000.0,302380000.0,9806380000.0,repaired
SOT,2022,306996000.0,485e070c-e4f0-4d58-b133-e578434990f8,9504000000.0,302380000.0,9806380000.0,repaired
SOT,2022,306996000.0,948a355d-1586-40ff-9998-91d21fa3abb2,9504000000.0,302380000.0,9806380000.0,repaired
SOT,2022,306996000.0,7b152ba5-1402-4d99-9ccb-d02c3893eef7,9504000000.0,302380000.0,9806380000.0,repaired
SOT,2022,306996000.0,485e070c-e4f0-4d58-b133-e578434990f8,9504000000.0,302380000.0,9806380000.0,repaired
SOT,2022,306996000.0,948a355d-1586-40ff-9998-91d21fa3abb2,9504000000.0,302380000.0,9806380000.0,repaired
SOT,2022,306996000.0,7b152ba5-1402-4d99-9ccb-d02c3893eef7,9504000000.0,302380000.0,9806380000.0,repaired
SOT,2022,306996000.0,485e070c-e4f0-4d58-b133-e578434990f8,9504000000.0,302380000.0,9806380000.0,repaired
SOT,2022,306996000.0,948a355d-1586-40ff-9998-91d21fa3abb2,9504000000.0,302380000.0,9806380000.0,repaired
SRM,2021,101358362.13,41f6f31f-1c7d-4d44-b9c9-0f8b96d7f24f,48000000.0,101360000.0,149360000.0,repaired
SRM,2021,101358362.13,948a355d-1586-40ff-9998-91d21fa3abb2,48000000.0,101360000.0,149360000.0,repaired
SRM,2021,101358362.13,485e070c-e4f0-4d58-b133-e578434990f8,48000000.0,101360000.0,149360000.0,repaired
SRM,2021,101358362.13,7b152ba5-1402-4d99-9ccb-d02c3893eef7,48000000.0,101360000.0,149360000.0,repaired
SRM,2021,101358362.13,41f6f31f-1c7d-4d44-b9c9-0f8b96d7f24f,48000000.0,101360000.0,149360000.0,repaired
SRM,2021,101358362.13,948a355d-1586-40ff-9998-91d21fa3abb2,48000000.0,101360000.0,149360000.0,repaired
SRM,2021,101358362.13,485e070c-e4f0-4d58-b133-e578434990f8,48000000.0,101360000.0,149360000.0,repaired
SRM,2021,101358362.13,7b152ba5-1402-4d99-9ccb-d02c3893eef7,48000000.0,101360000.0,149360000.0,repaired
SRM,2021,101358362.13,41f6f31f-1c7d-4d44-b9c9-0f8b96d7f24f,48000000.0,101360000.0,149360000.0,repaired
SRM,2021,101358362.13,948a355d-1586-40ff-9998-91d21fa3abb2,48000000.0,101360000.0,149360000.0,repaired
SRM,2021,101358362.13,485e070c-e4f0-4d58-b133-e578434990f8,48000000.0,101360000.0,149360000.0,repaired
SRM,2021,101358362.13,7b152ba5-1402-4d99-9ccb-d02c3893eef7,48000000.0,101360000.0,149360000.0,repaired
SRM,2021,101358362.13,41f6f31f-1c7d-4d44-b9c9-0f8b96d7f24f,48000000.0,101360000.0,149360000.0,repaired
SRM,2021,101358362.13,948a355d-1586-40ff-9998-91d21fa3abb2,48000000.0,101360000.0,149360000.0,repaired
SRM,2021,101358362.13,485e070c-e4f0-4d58-b133-e578434990f8,48000000.0,101360000.0,149360000.0,repaired
SRM,2021,101358362.13,7b152ba5-1402-4d99-9ccb-d02c3893eef7,48000000.0,101360000.0,149360000.0,repaired
SRM,2021,101358362.13,41f6f31f-1c7d-4d44-b9c9-0f8b96d7f24f,48000000.0,101360000.0,149360000.0,repaired
SRM,2021,101358362.13,948a355d-1586-40ff-9998-91d21fa3abb2,48000000.0,101360000.0,149360000.0,repaired
SRM,2021,101358362.13,485e070c-e4f0-4d58-b133-e578434990f8,48000000.0,101360000.0,149360000.0,repaired
SRM,2021,101358362.13,7b152ba5-1402-4d99-9ccb-d02c3893eef7,48000000.0,101360000.0,149360000.0,repaired
SRM,2021,101358362.13,41f6f31f-1c7d-4d44-b9c9-0f8b96d7f24f,48000000.0,101360000.0,149360000.0,repaired
SRM,2021,101358362.13,948a355d-1586-40ff-9998-91d21fa3abb2,48000000.0,101360000.0,149360000.0,repaired
SRM,2021,101358362.13,485e070c-e4f0-4d58-b133-e578434990f8,48000000.0,101360000.0,149360000.0,repaired
SRM,2021,101358362.13,7b152ba5-1402-4d99-9ccb-d02c3893eef7,48000000.0,101360000.0,149360000.0,repaired
SRM,2021,101358362.13,41f6f31f-1c7d-4d44-b9c9-0f8b96d7f24f,48000000.0,101360000.0,149360000.0,repaired
SRM,2021,101358362.13,948a355d-1586-40ff-9998-91d21fa3abb2,48000000.0,101360000.0,149360000.0,repaired
SRM,2021,101358362.13,485e070c-e4f0-4d58-b133-e578434990f8,48000000.0,101360000.0,149360000.0,repaired
SRM,2021,101358362.13,7b152ba5-1402-4d99-9ccb-d02c3893eef7,48000000.0,101360000.0,149360000.0,repaired
SRM,2021,101358362.13,41f6f31f-1c7d-4d44-b9c9-0f8b96d7f24f,48000000.0,101360000.0,149360000.0,repaired
SRM,2021,101358362.13,948a355d-1586-40ff-9998-91d21fa3abb2,48000000.0,101360000.0,149360000.0,repaired
SRM,2021,101358362.13,485e070c-e4f0-4d58-b133-e578434990f8,48000000.0,101360000.0,149360000.0,repaired
SRM,2021,101358362.13,7b152ba5-1402-4d99-9ccb-d02c3893eef7,48000000.0,101360000.0,149360000.0,repaired
SRM,2021,101358362.13,41f6f31f-1c7d-4d44-b9c9-0f8b96d7f24f,48000000.0,101360000.0,149360000.0,repaired
SRM,2021,101358362.13,948a355d-1586-40ff-9998-91d21fa3abb2,48000000.0,101360000.0,149360000.0,repaired
SRM,2021,101358362.13,485e070c-e4f0-4d58-b133-e578434990f8,48000000.0,101360000.0,149360000.0,repaired
SRM,2021,101358362.13,7b152ba5-1402-4d99-9ccb-d02c3893eef7,48000000.0,101360000.0,149360000.0,repaired
SRM,2022,135296876.0,7b152ba5-1402-4d99-9ccb-d02c3893eef7,48000000.0,135300000.0,183300000.0,repaired
SRM,2022,135296876.0,948a355d-1586-40ff-9998-91d21fa3abb2,48000000.0,135300000.0,183300000.0,repaired
SRM,2022,135296876.0,485e070c-e4f0-4d58-b133-e578434990f8,48000000.0,135300000.0,183300000.0,repaired
SRM,2022,135296875.99999997,41f6f31f-1c7d-4d44-b9c9-0f8b96d7f24f,48000000.0,135300000.0,183300000.0,repaired
SRM,2022,135296876.0,7b152ba5-1402-4d99-9ccb-d02c3893eef7,48000000.0,135300000.0,183300000.0,repaired
SRM,2022,135296876.0,948a355d-1586-40ff-9998-91d21fa3abb2,48000000.0,135300000.0,183300000.0,repaired
SRM,2022,135296876.0,485e070c-e4f0-4d58-b133-e578434990f8,48000000.0,135300000.0,183300000.0,repaired
SRM,2022,135296875.99999997,41f6f31f-1c7d-4d44-b9c9-0f8b96d7f24f,48000000.0,135300000.0,183300000.0,repaired
SRM,2022,135296876.0,7b152ba5-1402-4d99-9ccb-d02c3893eef7,48000000.0,135300000.0,183300000.0,repaired
SRM,2022,135296876.0,948a355d-1586-40ff-9998-91d21fa3abb2,48000000.0,135300000.0,183300000.0,repaired
SRM,2022,135296876.0,485e070c-e4f0-4d58-b133-e578434990f8,48000000.0,135300000.0,183300000.0,repaired
SRM,2022,135296875.99999997,41f6f31f-1c7d-4d44-b9c9-0f8b96d7f24f,48000000.0,135300000.0,183300000.0,repaired
SRM,2022,135296876.0,7b152ba5-1402-4d99-9ccb-d02c3893eef7,48000000.0,135300000.0,183300000.0,repaired
SRM,2022,135296876.0,948a355d-1586-40ff-9998-91d21fa3abb2,48000000.0,135300000.0,183300000.0,repaired
SRM,2022,135296876.0,485e070c-e4f0-4d58-b133-e578434990f8,48000000.0,135300000.0,183300000.0,repaired
SRM,2022,135296875.99999997,41f6f31f-1c7d-4d44-b9c9-0f8b96d7f24f,48000000.0,135300000.0,183300000.0,repaired
SRM,2022,135296876.0,7b152ba5-1402-4d99-9ccb-d02c3893eef7,48000000.0,135300000.0,183300000.0,repaired
SRM,2022,135296876.0,948a355d-1586-40ff-9998-91d21fa3abb2,48000000.0,135300000.0,183300000.0,repaired
SRM,2022,135296876.0,485e070c-e4f0-4d58-b133-e578434990f8,48000000.0,135300000.0,183300000.0,repaired
SRM,2022,135296875.99999997,41f6f31f-1c7d-4d44-b9c9-0f8b96d7f24f,48000000.0,135300000.0,183300000.0,repaired
SRM,2022,135296876.0,7b152ba5-1402-4d99-9ccb-d02c3893eef7,48000000.0,135300000.0,183300000.0,repaired
SRM,2022,135296876.0,948a355d-1586-40ff-9998-91d21fa3abb2,48000000.0,135300000.0,183300000.0,repaired
SRM,2022,135296876.0,485e070c-e4f0-4d58-b133-e578434990f8,48000000.0,135300000.0,183300000.0,repaired
SRM,2022,135296875.99999997,41f6f31f-1c7d-4d44-b9c9-0f8b96d7f24f,48000000.0,135300000.0,183300000.0,repaired
SRM,2022,135296876.0,7b152ba5-1402-4d99-9ccb-d02c3893eef7,48000000.0,135300000.0,183300000.0,repaired
SRM,2022,135296876.0,948a355d-1586-40ff-9998-91d21fa3abb2,48000000.0,135300000.0,183300000.0,repaired
SRM,2022,135296876.0,485e070c-e4f0-4d58-b133-e578434990f8,48000000.0,135300000.0,183300000.0,repaired
SRM,2022,135296875.99999997,41f6f31f-1c7d-4d44-b9c9-0f8b96d7f24f,48000000.0,135300000.0,183300000.0,repaired
SRM,2022,135296876.0,7b152ba5-1402-4d99-9ccb-d02c3893eef7,48000000.0,135300000.0,183300000.0,repaired
SRM,2022,135296876.0,948a355d-1586-40ff-9998-91d21fa3abb2,48000000.0,135300000.0,183300000.0,repaired
SRM,2022,135296876.0,485e070c-e4f0-4d58-b133-e578434990f8,48000000.0,135300000.0,183300000.0,repaired
SRM,2022,135296875.99999997,41f6f31f-1c7d-4d44-b9c9-0f8b96d7f24f,48000000.0,135300000.0,183300000.0,repaired
SRM,2022,135296876.0,7b152ba5-1402-4d99-9ccb-d02c3893eef7,48000000.0,135300000.0,183300000.0,repaired
SRM,2022,135296876.0,948a355d-1586-40ff-9998-91d21fa3abb2,48000000.0,135300000.0,183300000.0,repaired
SRM,2022,135296876.0,485e070c-e4f0-4d58-b133-e578434990f8,48000000.0,135300000.0,183300000.0,repaired
SRM,2022,135296875.99999997,41f6f31f-1c7d-4d44-b9c9-0f8b96d7f24f,48000000.0,135300000.0,183300000.0,repaired
STR,2021,246440000.0,2b00e6a5-9e40-4d34-a47b-ba7da23d0a99,47000000.0,242440000.0,289440000.0,repaired
STR,2022,255740000.0,2b00e6a5-9e40-4d34-a47b-ba7da23d0a99,50000000.0,251740000.0,301740000.0,repaired
STR,2023,208150000.0,2b00e6a5-9e40-4d34-a47b-ba7da23d0a99,36000000.0,204150000.0,240150000.0,repaired
STR,2023,208150000.0,2b00e6a5-9e40-4d34-a47b-ba7da23d0a99,36000000.0,204150000.0,240150000.0,repaired
TGC,2021,449666000.0,41f6f31f-1c7d-4d44-b9c9-0f8b96d7f24f,752000000.0,386670000.0,1138670000.0,repaired
TGC,2021,449666000.0,41f6f31f-1c7d-4d44-b9c9-0f8b96d7f24f,752000000.0,386670000.0,1138670000.0,repaired
TGC,2021,449666000.0,41f6f31f-1c7d-4d44-b9c9-0f8b96d7f24f,752000000.0,386670000.0,1138670000.0,repaired
TGC,2021,449666000.0,41f6f31f-1c7d-4d44-b9c9-0f8b96d7f24f,752000000.0,386670000.0,1138670000.0,repaired
TGC,2021,449666000.0,41f6f31f-1c7d-4d44-b9c9-0f8b96d7f24f,752000000.0,386670000.0,1138670000.0,repaired
TGC,2021,449666000.0,41f6f31f-1c7d-4d44-b9c9-0f8b96d7f24f,752000000.0,386670000.0,1138670000.0,repaired
TGC,2021,449666000.0,41f6f31f-1c7d-4d44-b9c9-0f8b96d7f24f,752000000.0,386670000.0,1138670000.0,repaired
TGC,2021,449666000.0,41f6f31f-1c7d-4d44-b9c9-0f8b96d7f24f,752000000.0,386670000.0,1138670000.0,repaired
TGC,2021,449666000.0,41f6f31f-1c7d-4d44-b9c9-0f8b96d7f24f,752000000.0,386670000.0,1138670000.0,repaired
TGC,2021,449666000.0,41f6f31f-1c7d-4d44-b9c9-0f8b96d7f24f,752000000.0,386670000.0,1138670000.0,repaired
TGC,2021,449666000.0,41f6f31f-1c7d-4d44-b9c9-0f8b96d7f24f,752000000.0,386670000.0,1138670000.0,repaired
TGC,2021,449666000.0,41f6f31f-1c7d-4d44-b9c9-0f8b96d7f24f,752000000.0,386670000.0,1138670000.0,repaired
TGC,2021,449666000.0,41f6f31f-1c7d-4d44-b9c9-0f8b96d7f24f,752000000.0,386670000.0,1138670000.0,repaired
TGC,2021,449666000.0,41f6f31f-1c7d-4d44-b9c9-0f8b96d7f24f,752000000.0,386670000.0,1138670000.0,repaired
TGC,2021,449666000.0,41f6f31f-1c7d-4d44-b9c9-0f8b96d7f24f,752000000.0,386670000.0,1138670000.0,repaired
TGC,2021,449666000.0,41f6f31f-1c7d-4d44-b9c9-0f8b96d7f24f,752000000.0,386670000.0,1138670000.0,repaired
TGC,2022,680855000.0,41f6f31f-1c7d-4d44-b9c9-0f8b96d7f24f,3955000000.0,667360000.0,4622360000.0,repaired
TGC,2022,680855000.0,41f6f31f-1c7d-4d44-b9c9-0f8b96d7f24f,3955000000.0,667360000.0,4622360000.0,repaired
TGC,2022,680855000.0,41f6f31f-1c7d-4d44-b9c9-0f8b96d7f24f,3955000000.0,667360000.0,4622360000.0,repaired
TGC,2022,680855000.0,41f6f31f-1c7d-4d44-b9c9-0f8b96d7f24f,3955000000.0,667360000.0,4622360000.0,repaired
TGC,2022,680855000.0,41f6f31f-1c7d-4d44-b9c9-0f8b96d7f24f,3955000000.0,667360000.0,4622360000.0,repaired
TGC,2022,680855000.0,41f6f31f-1c7d-4d44-b9c9-0f8b96d7f24f,3955000000.0,667360000.0,4622360000.0,repaired
TGC,2022,680855000.0,41f6f31f-1c7d-4d44-b9c9-0f8b96d7f24f,3955000000.0,667360000.0,4622360000.0,repaired
TGC,2022,680855000.0,41f6f31f-1c7d-4d44-b9c9-0f8b96d7f24f,3955000000.0,667360000.0,4622360000.0,repaired
TGC,2022,680855000.0,41f6f31f-1c7d-4d44-b9c9-0f8b96d7f24f,3955000000.0,667360000.0,4622360000.0,repaired
TGC,2022,680855000.0,41f6f31f-1c7d-4d44-b9c9-0f8b96d7f24f,3955000000.0,667360000.0,4622360000.0,repaired
TGC,2022,680855000.0,41f6f31f-1c7d-4d44-b9c9-0f8b96d7f24f,3955000000.0,667360000.0,4622360000.0,repaired
TGC,2022,680855000.0,41f6f31f-1c7d-4d44-b9c9-0f8b96d7f24f,3955000000.0,667360000.0,4622360000.0,repaired
TGC,2022,680855000.0,41f6f31f-1c7d-4d44-b9c9-0f8b96d7f24f,3955000000.0,667360000.0,4622360000.0,repaired
TGC,2022,680855000.0,41f6f31f-1c7d-4d44-b9c9-0f8b96d7f24f,3955000000.0,667360000.0,4622360000.0,repaired
TGC,2022,680855000.0,41f6f31f-1c7d-4d44-b9c9-0f8b96d7f24f,3955000000.0,667360000.0,4622360000.0,repaired
TGC,2022,680855000.0,41f6f31f-1c7d-4d44-b9c9-0f8b96d7f24f,3955000000.0,667360000.0,4622360000.0,repaired
TGC,2023,1013531000.0,41f6f31f-1c7d-4d44-b9c9-0f8b96d7f24f,5885000000.0,1001000000.0,6886000000.0,repaired
TGC,2023,1013531000.0,41f6f31f-1c7d-4d44-b9c9-0f8b96d7f24f,5885000000.0,1001000000.0,6886000000.0,repaired
TGC,2023,1013531000.0,41f6f31f-1c7d-4d44-b9c9-0f8b96d7f24f,5885000000.0,1001000000.0,6886000000.0,repaired
TGC,2023,1013531000.0,41f6f31f-1c7d-4d44-b9c9-0f8b96d7f24f,5885000000.0,1001000000.0,6886000000.0,repaired
TGC,2023,1013531000.0,41f6f31f-1c7d-4d44-b9c9-0f8b96d7f24f,5885000000.0,1001000000.0,6886000000.0,repaired
TGC,2023,1013531000.0,41f6f31f-1c7d-4d44-b9c9-0f8b96d7f24f,5885000000.0,1001000000.0,6886000000.0,repaired
TGC,2023,1013531000.0,41f6f31f-1c7d-4d44-b9c9-0f8b96d7f24f,5885000000.0,1001000000.0,6886000000.0,repaired
TGC,2023,1013531000.0,41f6f31f-1c7d-4d44-b9c9-0f8b96d7f24f,5885000000.0,1001000000.0,6886000000.0,repaired
TGC,2023,1013531000.0,41f6f31f-1c7d-4d44-b9c9-0f8b96d7f24f,5885000000.0,1001000000.0,6886000000.0,repaired
TGC,2023,1013531000.0,41f6f31f-1c7d-4d44-b9c9-0f8b96d7f24f,5885000000.0,1001000000.0,6886000000.0,repaired
TGC,2023,1013531000.0,41f6f31f-1c7d-4d44-b9c9-0f8b96d7f24f,5885000000.0,1001000000.0,6886000000.0,repaired
TGC,2023,1013531000.0,41f6f31f-1c7d-4d44-b9c9-0f8b96d7f24f,5885000000.0,1001000000.0,6886000000.0,repaired
TGC,2023,1013531000.0,41f6f31f-1c7d-4d44-b9c9-0f8b96d7f24f,5885000000.0,1001000000.0,6886000000.0,repaired
TGC,2023,1013531000.0,41f6f31f-1c7d-4d44-b9c9-0f8b96d7f24f,5885000000.0,1001000000.0,6886000000.0,repaired
TGC,2023,1013531000.0,41f6f31f-1c7d-4d44-b9c9-0f8b96d7f24f,5885000000.0,1001000000.0,6886000000.0,repaired
TGC,2023,1013531000.0,41f6f31f-1c7d-4d44-b9c9-0f8b96d7f24f,5885000000.0,1001000000.0,6886000000.0,repaired
TGC,2024,795018000.0,41f6f31f-1c7d-4d44-b9c9-0f8b96d7f24f,26352000000.0,673100000.0,27025100000.0,repaired
TGC,2024,795018000.0,41f6f31f-1c7d-4d44-b9c9-0f8b96d7f24f,26352000000.0,673100000.0,27025100000.0,repaired
TGC,2024,795018000.0,41f6f31f-1c7d-4d44-b9c9-0f8b96d7f24f,26352000000.0,673100000.0,27025100000.0,repaired
TGC,2024,795018000.0,41f6f31f-1c7d-4d44-b9c9-0f8b96d7f24f,26352000000.0,673100000.0,27025100000.0,repaired
TGC,2024,795018000.0,41f6f31f-1c7d-4d44-b9c9-0f8b96d7f24f,26352000000.0,673100000.0,27025100000.0,repaired
TGC,2024,795018000.0,41f6f31f-1c7d-4d44-b9c9-0f8b96d7f24f,26352000000.0,673100000.0,27025100000.0,repaired
TGC,2024,795018000.0,41f6f31f-1c7d-4d44-b9c9-0f8b96d7f24f,26352000000.0,673100000.0,27025100000.0,repaired
TGC,2024,795018000.0,41f6f31f-1c7d-4d44-b9c9-0f8b96d7f24f,26352000000.0,673100000.0,27025100000.0,repaired
TGC,2024,795018000.0,41f6f31f-1c7d-4d44-b9c9-0f8b96d7f24f,26352000000.0,673100000.0,27025100000.0,repaired
TGC,2024,795018000.0,41f6f31f-1c7d-4d44-b9c9-0f8b96d7f24f,26352000000.0,673100000.0,27025100000.0,repaired
TGC,2024,795018000.0,41f6f31f-1c7d-4d44-b9c9-0f8b96d7f24f,26352000000.0,673100000.0,27025100000.0,repaired
TGC,2024,795018000.0,41f6f31f-1c7d-4d44-b9c9-0f8b96d7f24f,26352000000.0,673100000.0,27025100000.0,repaired
TGC,2024,795018000.0,41f6f31f-1c7d-4d44-b9c9-0f8b96d7f24f,26352000000.0,673100000.0,27025100000.0,repaired
TGC,2024,795018000.0,41f6f31f-1c7d-4d44-b9c9-0f8b96d7f24f,26352000000.0,673100000.0,27025100000.0,repaired
TGC,2024,795018000.0,41f6f31f-1c7d-4d44-b9c9-0f8b96d7f24f,26352000000.0,673100000.0,27025100000.0,repaired
TGC,2024,795018000.0,41f6f31f-1c7d-4d44-b9c9-0f8b96d7f24f,26352000000.0,673100000.0,27025100000.0,repaired
TGC,2025,784908000.0,41f6f31f-1c7d-4d44-b9c9-0f8b96d7f24f,,553230000.0,,unresolved_no_marketcap
TGC,2025,784908000.0,41f6f31f-1c7d-4d44-b9c9-0f8b96d7f24f,,553230000.0,,unresolved_no_marketcap
TGC,2025,784908000.0,41f6f31f-1c7d-4d44-b9c9-0f8b96d7f24f,,553230000.0,,unresolved_no_marketcap
TGC,2025,784908000.0,41f6f31f-1c7d-4d44-b9c9-0f8b96d7f24f,,553230000.0,,unresolved_no_marketcap
TMA,2023,-225608000.0,7b152ba5-1402-4d99-9ccb-d02c3893eef7,10394000000.0,-225610000.0,10168390000.0,repaired
TMA,2023,-225608000.0,485e070c-e4f0-4d58-b133-e578434990f8,10394000000.0,-225610000.0,10168390000.0,repaired
TMA,2023,-225608000.0,948a355d-1586-40ff-9998-91d21fa3abb2,10394000000.0,-225610000.0,10168390000.0,repaired
TMA,2023,-225608000.0,7b152ba5-1402-4d99-9ccb-d02c3893eef7,10394000000.0,-225610000.0,10168390000.0,repaired
TMA,2023,-225608000.0,485e070c-e4f0-4d58-b133-e578434990f8,10394000000.0,-225610000.0,10168390000.0,repaired
TMA,2023,-225608000.0,948a355d-1586-40ff-9998-91d21fa3abb2,10394000000.0,-225610000.0,10168390000.0,repaired
TMA,2023,-225608000.0,7b152ba5-1402-4d99-9ccb-d02c3893eef7,10394000000.0,-225610000.0,10168390000.0,repaired
TMA,2023,-225608000.0,485e070c-e4f0-4d58-b133-e578434990f8,10394000000.0,-225610000.0,10168390000.0,repaired
TMA,2023,-225608000.0,948a355d-1586-40ff-9998-91d21fa3abb2,10394000000.0,-225610000.0,10168390000.0,repaired
TMA,2023,-225608000.0,7b152ba5-1402-4d99-9ccb-d02c3893eef7,10394000000.0,-225610000.0,10168390000.0,repaired
TMA,2023,-225608000.0,485e070c-e4f0-4d58-b133-e578434990f8,10394000000.0,-225610000.0,10168390000.0,repaired
TMA,2023,-225608000.0,948a355d-1586-40ff-9998-91d21fa3abb2,10394000000.0,-225610000.0,10168390000.0,repaired
TQM,2021,9186365000.0,485e070c-e4f0-4d58-b133-e578434990f8,24768000000.0,8081000000.0,32849000000.0,repaired
TQM,2021,9186365000.0,948a355d-1586-40ff-9998-91d21fa3abb2,24768000000.0,8081000000.0,32849000000.0,repaired
TQM,2021,9186365000.0,41f6f31f-1c7d-4d44-b9c9-0f8b96d7f24f,24768000000.0,8081000000.0,32849000000.0,repaired
TQM,2021,9186365000.0,7b152ba5-1402-4d99-9ccb-d02c3893eef7,24768000000.0,8081000000.0,32849000000.0,repaired
TQM,2021,9186365000.0,485e070c-e4f0-4d58-b133-e578434990f8,24768000000.0,8081000000.0,32849000000.0,repaired
TQM,2021,9186365000.0,948a355d-1586-40ff-9998-91d21fa3abb2,24768000000.0,8081000000.0,32849000000.0,repaired
TQM,2021,9186365000.0,41f6f31f-1c7d-4d44-b9c9-0f8b96d7f24f,24768000000.0,8081000000.0,32849000000.0,repaired
TQM,2021,9186365000.0,7b152ba5-1402-4d99-9ccb-d02c3893eef7,24768000000.0,8081000000.0,32849000000.0,repaired
TQM,2021,9186365000.0,485e070c-e4f0-4d58-b133-e578434990f8,24768000000.0,8081000000.0,32849000000.0,repaired
TQM,2021,9186365000.0,948a355d-1586-40ff-9998-91d21fa3abb2,24768000000.0,8081000000.0,32849000000.0,repaired
TQM,2021,9186365000.0,41f6f31f-1c7d-4d44-b9c9-0f8b96d7f24f,24768000000.0,8081000000.0,32849000000.0,repaired
TQM,2021,9186365000.0,7b152ba5-1402-4d99-9ccb-d02c3893eef7,24768000000.0,8081000000.0,32849000000.0,repaired
TQM,2021,9186365000.0,485e070c-e4f0-4d58-b133-e578434990f8,24768000000.0,8081000000.0,32849000000.0,repaired
TQM,2021,9186365000.0,948a355d-1586-40ff-9998-91d21fa3abb2,24768000000.0,8081000000.0,32849000000.0,repaired
TQM,2021,9186365000.0,41f6f31f-1c7d-4d44-b9c9-0f8b96d7f24f,24768000000.0,8081000000.0,32849000000.0,repaired
TQM,2021,9186365000.0,7b152ba5-1402-4d99-9ccb-d02c3893eef7,24768000000.0,8081000000.0,32849000000.0,repaired
TQM,2023,10151777000.0,41f6f31f-1c7d-4d44-b9c9-0f8b96d7f24f,25947000000.0,6787000000.0,32734000000.0,repaired
TQM,2023,10151777000.0,7b152ba5-1402-4d99-9ccb-d02c3893eef7,25947000000.0,6787000000.0,32734000000.0,repaired
TQM,2023,10151777000.0,948a355d-1586-40ff-9998-91d21fa3abb2,25947000000.0,6787000000.0,32734000000.0,repaired
TQM,2023,10151777000.0,485e070c-e4f0-4d58-b133-e578434990f8,25947000000.0,6787000000.0,32734000000.0,repaired
TQM,2023,10151777000.0,41f6f31f-1c7d-4d44-b9c9-0f8b96d7f24f,25947000000.0,6787000000.0,32734000000.0,repaired
TQM,2023,10151777000.0,7b152ba5-1402-4d99-9ccb-d02c3893eef7,25947000000.0,6787000000.0,32734000000.0,repaired
TQM,2023,10151777000.0,948a355d-1586-40ff-9998-91d21fa3abb2,25947000000.0,6787000000.0,32734000000.0,repaired
TQM,2023,10151777000.0,485e070c-e4f0-4d58-b133-e578434990f8,25947000000.0,6787000000.0,32734000000.0,repaired
TQM,2023,10151777000.0,41f6f31f-1c7d-4d44-b9c9-0f8b96d7f24f,25947000000.0,6787000000.0,32734000000.0,repaired
TQM,2023,10151777000.0,7b152ba5-1402-4d99-9ccb-d02c3893eef7,25947000000.0,6787000000.0,32734000000.0,repaired
TQM,2023,10151777000.0,948a355d-1586-40ff-9998-91d21fa3abb2,25947000000.0,6787000000.0,32734000000.0,repaired
TQM,2023,10151777000.0,485e070c-e4f0-4d58-b133-e578434990f8,25947000000.0,6787000000.0,32734000000.0,repaired
TQM,2023,10151777000.0,41f6f31f-1c7d-4d44-b9c9-0f8b96d7f24f,25947000000.0,6787000000.0,32734000000.0,repaired
TQM,2023,10151777000.0,7b152ba5-1402-4d99-9ccb-d02c3893eef7,25947000000.0,6787000000.0,32734000000.0,repaired
TQM,2023,10151777000.0,948a355d-1586-40ff-9998-91d21fa3abb2,25947000000.0,6787000000.0,32734000000.0,repaired
TQM,2023,10151777000.0,485e070c-e4f0-4d58-b133-e578434990f8,25947000000.0,6787000000.0,32734000000.0,repaired
VCN,2021,85260000.00000001,2b00e6a5-9e40-4d34-a47b-ba7da23d0a99,,85250000.0,,unresolved_no_marketcap
VCN,2021,85260000.00000001,2b00e6a5-9e40-4d34-a47b-ba7da23d0a99,,85250000.0,,unresolved_no_marketcap
VCN,2021,85260000.00000001,2b00e6a5-9e40-4d34-a47b-ba7da23d0a99,,85250000.0,,unresolved_no_marketcap
VCN,2021,85260000.00000001,2b00e6a5-9e40-4d34-a47b-ba7da23d0a99,,85250000.0,,unresolved_no_marketcap
VCN,2021,85260000.00000001,2b00e6a5-9e40-4d34-a47b-ba7da23d0a99,,85250000.0,,unresolved_no_marketcap
VCN,2021,85260000.00000001,2b00e6a5-9e40-4d34-a47b-ba7da23d0a99,,85250000.0,,unresolved_no_marketcap
VCN,2021,85260000.00000001,2b00e6a5-9e40-4d34-a47b-ba7da23d0a99,,85250000.0,,unresolved_no_marketcap
VCN,2021,85260000.00000001,2b00e6a5-9e40-4d34-a47b-ba7da23d0a99,,85250000.0,,unresolved_no_marketcap
VCN,2021,85260000.00000001,2b00e6a5-9e40-4d34-a47b-ba7da23d0a99,,85250000.0,,unresolved_no_marketcap
VCN,2022,140850000.0,2b00e6a5-9e40-4d34-a47b-ba7da23d0a99,,134290000.0,,unresolved_no_marketcap
VCN,2022,140850000.0,2b00e6a5-9e40-4d34-a47b-ba7da23d0a99,,134290000.0,,unresolved_no_marketcap
VCN,2022,140850000.0,2b00e6a5-9e40-4d34-a47b-ba7da23d0a99,,134290000.0,,unresolved_no_marketcap
VCN,2022,140850000.0,2b00e6a5-9e40-4d34-a47b-ba7da23d0a99,,134290000.0,,unresolved_no_marketcap
VCN,2022,140850000.0,2b00e6a5-9e40-4d34-a47b-ba7da23d0a99,,134290000.0,,unresolved_no_marketcap
VCN,2022,140850000.0,2b00e6a5-9e40-4d34-a47b-ba7da23d0a99,,134290000.0,,unresolved_no_marketcap
VCN,2022,140850000.0,2b00e6a5-9e40-4d34-a47b-ba7da23d0a99,,134290000.0,,unresolved_no_marketcap
VCN,2022,140850000.0,2b00e6a5-9e40-4d34-a47b-ba7da23d0a99,,134290000.0,,unresolved_no_marketcap
VCN,2022,140850000.0,2b00e6a5-9e40-4d34-a47b-ba7da23d0a99,,134290000.0,,unresolved_no_marketcap
VCN,2023,183650000.0,2b00e6a5-9e40-4d34-a47b-ba7da23d0a99,,183640000.0,,unresolved_no_marketcap
VCN,2023,183650000.0,2b00e6a5-9e40-4d34-a47b-ba7da23d0a99,,183640000.0,,unresolved_no_marketcap
VCN,2023,183650000.0,2b00e6a5-9e40-4d34-a47b-ba7da23d0a99,,183640000.0,,unresolved_no_marketcap
VCN,2023,183650000.0,2b00e6a5-9e40-4d34-a47b-ba7da23d0a99,,183640000.0,,unresolved_no_marketcap
VCN,2023,183650000.0,2b00e6a5-9e40-4d34-a47b-ba7da23d0a99,,183640000.0,,unresolved_no_marketcap
VCN,2023,183650000.0,2b00e6a5-9e40-4d34-a47b-ba7da23d0a99,,183640000.0,,unresolved_no_marketcap
VCN,2023,183650000.0,2b00e6a5-9e40-4d34-a47b-ba7da23d0a99,,183640000.0,,unresolved_no_marketcap
VCN,2023,183650000.0,2b00e6a5-9e40-4d34-a47b-ba7da23d0a99,,183640000.0,,unresolved_no_marketcap
VCN,2023,183650000.0,2b00e6a5-9e40-4d34-a47b-ba7da23d0a99,,183640000.0,,unresolved_no_marketcap
VCN,2024,251970000.0,2b00e6a5-9e40-4d34-a47b-ba7da23d0a99,,251970000.0,,unresolved_no_marketcap
VCN,2024,251970000.0,2b00e6a5-9e40-4d34-a47b-ba7da23d0a99,,251970000.0,,unresolved_no_marketcap
VCN,2024,251970000.0,2b00e6a5-9e40-4d34-a47b-ba7da23d0a99,,251970000.0,,unresolved_no_marketcap
VCN,2024,251970000.0,2b00e6a5-9e40-4d34-a47b-ba7da23d0a99,,251970000.0,,unresolved_no_marketcap
VCN,2024,251970000.0,2b00e6a5-9e40-4d34-a47b-ba7da23d0a99,,251970000.0,,unresolved_no_marketcap
VCN,2024,251970000.0,2b00e6a5-9e40-4d34-a47b-ba7da23d0a99,,251970000.0,,unresolved_no_marketcap
VCN,2024,251970000.0,2b00e6a5-9e40-4d34-a47b-ba7da23d0a99,,251970000.0,,unresolved_no_marketcap
VCN,2024,251970000.0,2b00e6a5-9e40-4d34-a47b-ba7da23d0a99,,251970000.0,,unresolved_no_marketcap
VCN,2024,251970000.0,2b00e6a5-9e40-4d34-a47b-ba7da23d0a99,,251970000.0,,unresolved_no_marketcap
VCN,2025,154970000.0,2b00e6a5-9e40-4d34-a47b-ba7da23d0a99,4068000000.0,-368720000.0,3699280000.0,repaired
VCN,2025,154970000.0,2b00e6a5-9e40-4d34-a47b-ba7da23d0a99,4068000000.0,-368720000.0,3699280000.0,repaired
VCN,2025,154970000.0,2b00e6a5-9e40-4d34-a47b-ba7da23d0a99,4068000000.0,-368720000.0,3699280000.0,repaired
VCN,2025,154970000.0,2b00e6a5-9e40-4d34-a47b-ba7da23d0a99,4068000000.0,-368720000.0,3699280000.0,repaired
WAA,2020,-658842000.0,485e070c-e4f0-4d58-b133-e578434990f8,,-658842000.0,,unresolved_no_marketcap
WAA,2020,-658842000.0,948a355d-1586-40ff-9998-91d21fa3abb2,,-658842000.0,,unresolved_no_marketcap
WAA,2020,-658842000.0,7b152ba5-1402-4d99-9ccb-d02c3893eef7,,-658842000.0,,unresolved_no_marketcap
WAA,2020,-658842000.0,41f6f31f-1c7d-4d44-b9c9-0f8b96d7f24f,,-658842000.0,,unresolved_no_marketcap
WAA,2021,-574768997.7,485e070c-e4f0-4d58-b133-e578434990f8,16975000000.0,79460000.0,17054460000.0,repaired
WAA,2021,-574768997.7,7b152ba5-1402-4d99-9ccb-d02c3893eef7,16975000000.0,79460000.0,17054460000.0,repaired
WAA,2021,-574768997.7,948a355d-1586-40ff-9998-91d21fa3abb2,16975000000.0,79460000.0,17054460000.0,repaired
WAA,2023,-506863066.68,948a355d-1586-40ff-9998-91d21fa3abb2,14000000000.0,-497260000.0,13502740000.0,repaired
WAA,2023,-506863066.68,485e070c-e4f0-4d58-b133-e578434990f8,14000000000.0,-497260000.0,13502740000.0,repaired
WAA,2023,-506863066.68,7b152ba5-1402-4d99-9ccb-d02c3893eef7,14000000000.0,-497260000.0,13502740000.0,repaired
WAA,2023,-506863066.68,41f6f31f-1c7d-4d44-b9c9-0f8b96d7f24f,14000000000.0,-497260000.0,13502740000.0,repaired
WAA,2023,-506863066.68,948a355d-1586-40ff-9998-91d21fa3abb2,14000000000.0,-497260000.0,13502740000.0,repaired
WAA,2023,-506863066.68,485e070c-e4f0-4d58-b133-e578434990f8,14000000000.0,-497260000.0,13502740000.0,repaired
WAA,2023,-506863066.68,7b152ba5-1402-4d99-9ccb-d02c3893eef7,14000000000.0,-497260000.0,13502740000.0,repaired
WAA,2023,-506863066.68,41f6f31f-1c7d-4d44-b9c9-0f8b96d7f24f,14000000000.0,-497260000.0,13502740000.0,repaired
WAA,2023,-506863066.68,948a355d-1586-40ff-9998-91d21fa3abb2,14000000000.0,-497260000.0,13502740000.0,repaired
WAA,2023,-506863066.68,485e070c-e4f0-4d58-b133-e578434990f8,14000000000.0,-497260000.0,13502740000.0,repaired
WAA,2023,-506863066.68,7b152ba5-1402-4d99-9ccb-d02c3893eef7,14000000000.0,-497260000.0,13502740000.0,repaired
WAA,2023,-506863066.68,41f6f31f-1c7d-4d44-b9c9-0f8b96d7f24f,14000000000.0,-497260000.0,13502740000.0,repaired
WAA,2023,-506863066.68,948a355d-1586-40ff-9998-91d21fa3abb2,14000000000.0,-497260000.0,13502740000.0,repaired
WAA,2023,-506863066.68,485e070c-e4f0-4d58-b133-e578434990f8,14000000000.0,-497260000.0,13502740000.0,repaired
WAA,2023,-506863066.68,7b152ba5-1402-4d99-9ccb-d02c3893eef7,14000000000.0,-497260000.0,13502740000.0,repaired
WAA,2023,-506863066.68,41f6f31f-1c7d-4d44-b9c9-0f8b96d7f24f,14000000000.0,-497260000.0,13502740000.0,repaired
WAA,2023,-506863066.68,948a355d-1586-40ff-9998-91d21fa3abb2,14000000000.0,-497260000.0,13502740000.0,repaired
WAA,2023,-506863066.68,485e070c-e4f0-4d58-b133-e578434990f8,14000000000.0,-497260000.0,13502740000.0,repaired
WAA,2023,-506863066.68,7b152ba5-1402-4d99-9ccb-d02c3893eef7,14000000000.0,-497260000.0,13502740000.0,repaired
WAA,2023,-506863066.68,41f6f31f-1c7d-4d44-b9c9-0f8b96d7f24f,14000000000.0,-497260000.0,13502740000.0,repaired
WAA,2023,-506863066.68,948a355d-1586-40ff-9998-91d21fa3abb2,14000000000.0,-497260000.0,13502740000.0,repaired
WAA,2023,-506863066.68,485e070c-e4f0-4d58-b133-e578434990f8,14000000000.0,-497260000.0,13502740000.0,repaired
WAA,2023,-506863066.68,7b152ba5-1402-4d99-9ccb-d02c3893eef7,14000000000.0,-497260000.0,13502740000.0,repaired
WAA,2023,-506863066.68,41f6f31f-1c7d-4d44-b9c9-0f8b96d7f24f,14000000000.0,-497260000.0,13502740000.0,repaired
WAA,2023,-506863066.68,948a355d-1586-40ff-9998-91d21fa3abb2,14000000000.0,-497260000.0,13502740000.0,repaired
WAA,2023,-506863066.68,485e070c-e4f0-4d58-b133-e578434990f8,14000000000.0,-497260000.0,13502740000.0,repaired
WAA,2023,-506863066.68,7b152ba5-1402-4d99-9ccb-d02c3893eef7,14000000000.0,-497260000.0,13502740000.0,repaired
WAA,2023,-506863066.68,41f6f31f-1c7d-4d44-b9c9-0f8b96d7f24f,14000000000.0,-497260000.0,13502740000.0,repaired
WAA,2023,-506863066.68,948a355d-1586-40ff-9998-91d21fa3abb2,14000000000.0,-497260000.0,13502740000.0,repaired
WAA,2023,-506863066.68,485e070c-e4f0-4d58-b133-e578434990f8,14000000000.0,-497260000.0,13502740000.0,repaired
WAA,2023,-506863066.68,7b152ba5-1402-4d99-9ccb-d02c3893eef7,14000000000.0,-497260000.0,13502740000.0,repaired
WAA,2023,-506863066.68,41f6f31f-1c7d-4d44-b9c9-0f8b96d7f24f,14000000000.0,-497260000.0,13502740000.0,repaired
WAA,2023,-506863066.68,948a355d-1586-40ff-9998-91d21fa3abb2,14000000000.0,-497260000.0,13502740000.0,repaired
WAA,2023,-506863066.68,485e070c-e4f0-4d58-b133-e578434990f8,14000000000.0,-497260000.0,13502740000.0,repaired
WAA,2023,-506863066.68,7b152ba5-1402-4d99-9ccb-d02c3893eef7,14000000000.0,-497260000.0,13502740000.0,repaired
WAA,2023,-506863066.68,41f6f31f-1c7d-4d44-b9c9-0f8b96d7f24f,14000000000.0,-497260000.0,13502740000.0,repaired
WAA,2023,-506863066.68,948a355d-1586-40ff-9998-91d21fa3abb2,14000000000.0,-497260000.0,13502740000.0,repaired
WAA,2023,-506863066.68,485e070c-e4f0-4d58-b133-e578434990f8,14000000000.0,-497260000.0,13502740000.0,repaired
WAA,2023,-506863066.68,7b152ba5-1402-4d99-9ccb-d02c3893eef7,14000000000.0,-497260000.0,13502740000.0,repaired
WAA,2023,-506863066.68,41f6f31f-1c7d-4d44-b9c9-0f8b96d7f24f,14000000000.0,-497260000.0,13502740000.0,repaired
WAA,2023,-506863066.68,948a355d-1586-40ff-9998-91d21fa3abb2,14000000000.0,-497260000.0,13502740000.0,repaired
WAA,2023,-506863066.68,485e070c-e4f0-4d58-b133-e578434990f8,14000000000.0,-497260000.0,13502740000.0,repaired
WAA,2023,-506863066.68,7b152ba5-1402-4d99-9ccb-d02c3893eef7,14000000000.0,-497260000.0,13502740000.0,repaired
WAA,2023,-506863066.68,41f6f31f-1c7d-4d44-b9c9-0f8b96d7f24f,14000000000.0,-497260000.0,13502740000.0,repaired
WAA,2023,-506863066.68,948a355d-1586-40ff-9998-91d21fa3abb2,14000000000.0,-497260000.0,13502740000.0,repaired
WAA,2023,-506863066.68,485e070c-e4f0-4d58-b133-e578434990f8,14000000000.0,-497260000.0,13502740000.0,repaired
WAA,2023,-506863066.68,7b152ba5-1402-4d99-9ccb-d02c3893eef7,14000000000.0,-497260000.0,13502740000.0,repaired
WAA,2023,-506863066.68,41f6f31f-1c7d-4d44-b9c9-0f8b96d7f24f,14000000000.0,-497260000.0,13502740000.0,repaired
WAA,2023,-506863066.68,948a355d-1586-40ff-9998-91d21fa3abb2,14000000000.0,-497260000.0,13502740000.0,repaired
WAA,2023,-506863066.68,485e070c-e4f0-4d58-b133-e578434990f8,14000000000.0,-497260000.0,13502740000.0,repaired
WAA,2023,-506863066.68,7b152ba5-1402-4d99-9ccb-d02c3893eef7,14000000000.0,-497260000.0,13502740000.0,repaired
WAA,2023,-506863066.68,41f6f31f-1c7d-4d44-b9c9-0f8b96d7f24f,14000000000.0,-497260000.0,13502740000.0,repaired
ZDJ,2023,48902000.0,4f3bc6a0-9f96-4fa3-945e-6cf1f11b71f0,40000000.0,48900000.0,88900000.0,repaired
ZDJ,2023,48902000.0,4f3bc6a0-9f96-4fa3-945e-6cf1f11b71f0,40000000.0,48900000.0,88900000.0,repaired
ZDJ,2023,48902000.0,4f3bc6a0-9f96-4fa3-945e-6cf1f11b71f0,40000000.0,48900000.0,88900000.0,repaired
ZDJ,2023,48902000.0,4f3bc6a0-9f96-4fa3-945e-6cf1f11b71f0,40000000.0,48900000.0,88900000.0,repaired
