symbol,sector,key,value,provenance
ADH,Immobilier,beta,1.3306842391065954,beta_history
ADH,Immobilier,beta_min_observations,60.0,default
ADH,Immobilier,beta_window_years,2.0,default
ADH,Immobilier,beta_zero_return_threshold,0.3,default
ADH,Immobilier,bs_balance_fail_bps,200.0,default
ADH,Immobilier,bs_balance_warn_bps,50.0,default
ADH,Immobilier,computed_debt_weight,0.21299970559325196,computed
ADH,Immobilier,computed_equity_weight,0.787000294406748,computed
ADH,Immobilier,cost_of_capital_build_up,"{""average_total_debt"": 3425372680.0, ""base_cost_of_debt"": 0.055, ""base_equity_risk_premium"": 0.06, ""beta"": 1.3306842391065954, ""beta_as_of"": ""2026-06-01"", ""beta_frequency"": ""weekly"", ""beta_liquidity_flag"": false, ""beta_lookup_as_of"": ""latest"", ""beta_method"": ""ols"", ""beta_n_obs"": 104, ""beta_r2"": 0.34488957042385393, ""beta_source"": ""beta_history"", ""beta_window_years"": 2.0, ""beta_zero_week_frac"": 0.028846153846153848, ""cost_of_debt"": 0.061, ""cost_of_debt_ceiling"": 0.085, ""cost_of_debt_floor"": 0.04, ""cost_of_debt_pre_scenario"": 0.061, ""cost_of_debt_source"": ""synthetic_interest_coverage_spread"", ""cost_of_debt_unclamped"": 0.061, ""cost_of_equity"": 0.11484105434639573, ""cost_of_equity_floor"": 0.095, ""cost_of_equity_floor_bound"": false, ""cost_of_equity_unfloored"": 0.11484105434639573, ""country_risk_premium"": 0.0, ""debt_weight"": 0.21299970559325196, ""effective_cost_of_debt"": 0.061, ""effective_equity_risk_premium"": 0.06, ""equity_weight"": 0.787000294406748, ""interest_coverage"": 3.6347994196113627, ""interest_expense"": 131053565.0, ""kd_effective"": 0.03825965150162872, ""kd_synthetic"": 0.061, ""macro_config"": {""country_risk_mode"": ""auto"", ""country_risk_premium"": 0.0, ""country_risk_source"": ""auto:masi_embedded"", ""equity_risk_premium"": 0.06, ""erp_index_asset_class"": ""index"", ""erp_index_symbol"": ""MASI"", ""erp_lookback_years"": 10.0, ""erp_mean_method"": ""geometric"", ""erp_mode"": ""manual"", ""erp_source"": ""manual"", ""expected_index_return"": null, ""risk_free_mode"": ""tenor"", ""risk_free_rate"": 0.035, ""risk_free_source"": ""treasury_curve:10Y"", ""scope_key"": ""GLOBAL"", ""source"": ""structural_default"", ""treasury_curve"": {""10Y"": 0.035, ""1Y"": 0.03, ""5Y"": 0.033}, ""treasury_tenor"": ""10Y"", ""version_label"": ""base"", ""warnings"": []}, ""market_cap"": 12656211425.76, ""market_proxy"": ""MASI"", ""scenario_cost_of_debt_addon"": 0.0, ""scenario_erp_addon"": 0.0, ""synthetic_bucket"": ""BBB"", ""synthetic_spread"": 0.026, ""tax_rate"": 0.35, ""total_debt"": 3425372680.0, ""wacc"": 0.09882538190736723, ""weight_source"": ""market_cap_plus_debt""}",computed
ADH,Immobilier,cost_of_debt,0.061,computed
ADH,Immobilier,cost_of_equity,0.11484105434639573,computed
ADH,Immobilier,cost_of_equity_floor,0.095,scenario
ADH,Immobilier,country_risk_premium,0.0,macro_config
ADH,Immobilier,currency,MAD,scenario
ADH,Immobilier,default_debt_weight,0.3,default
ADH,Immobilier,default_equity_weight,0.7,default
ADH,Immobilier,equity_risk_premium,0.06,macro_config
ADH,Immobilier,fade_years,5.0,default
ADH,Immobilier,forecast_years,5.0,default
ADH,Immobilier,justified_multiple_ratio_mask,3.0,default
ADH,Immobilier,mid_year_discounting,1.0,default
ADH,Immobilier,mid_year_terminal,0.0,default
ADH,Immobilier,peer_min_count,3.0,default
ADH,Immobilier,proxy_weight_cap,0.25,default
ADH,Immobilier,relative_multiple_ratio_mask,15.0,default
ADH,Immobilier,risk_free_rate,0.035,macro_config
ADH,Immobilier,scenario_cost_of_debt_addon,0.0,default
ADH,Immobilier,scenario_erp_addon,0.0,default
ADH,Immobilier,scenario_probabilities,"{""base"": 0.55, ""bear"": 0.25, ""bull"": 0.2}",
ADH,Immobilier,scenario_probability_base,0.55,default
ADH,Immobilier,scenario_probability_bear,0.25,default
ADH,Immobilier,scenario_probability_bull,0.2,default
ADH,Immobilier,sensitivity_terminal_growth_step,0.005,default
ADH,Immobilier,sensitivity_wacc_step,0.005,default
ADH,Immobilier,stable_payout_ratio,0.55,default
ADH,Immobilier,tax_rate,0.35,default
ADH,Immobilier,terminal_growth,0.025,default
ADH,Immobilier,terminal_growth_basis,"{""equity"": {""binding_constraint"": ""raw"", ""ceiling"": 0.035, ""ceiling_source"": ""risk_free_rate"", ""discount_buffer"": 0.01, ""discount_cap"": 0.10484105434639573, ""discount_rate"": 0.11484105434639573, ""floor"": 0.0, ""path"": ""equity"", ""payout"": 0.55, ""payout_source"": ""stable_payout_assumption"", ""raw_growth"": 0.03, ""retention"": 0.44999999999999996, ""roe"": null, ""roe_source"": ""missing_roe"", ""source"": ""earnings_growth_proxy_missing_roe"", ""terminal_growth"": 0.03}, ""firm"": {""binding_constraint"": ""raw"", ""ceiling"": 0.035, ""ceiling_source"": ""risk_free_rate"", ""discount_buffer"": 0.01, ""discount_cap"": 0.08882538190736723, ""discount_rate"": 0.09882538190736723, ""floor"": 0.0, ""path"": ""firm"", ""raw_growth"": 0.008699652994224902, ""reinvestment_rate"": 0.4953839657905888, ""roic"": 0.017561434351919383, ""source"": ""reinvestment_times_roic"", ""tax_rate"": 0.35, ""terminal_growth"": 0.008699652994224902}}",computed
ADH,Immobilier,terminal_growth_ceiling_source,1.0,default
ADH,Immobilier,terminal_growth_discount_buffer,0.01,default
ADH,Immobilier,terminal_growth_equity,0.03,computed_from_fundamentals
ADH,Immobilier,terminal_growth_firm,0.008699652994224902,computed_from_fundamentals
ADH,Immobilier,terminal_growth_floor,0.0,default
ADH,Immobilier,use_balance_sheet_capital_weights,1.0,default
ADH,Immobilier,wacc,0.09882538190736723,computed
ADI,Immobilier,beta,1.4695788422801448,beta_history
ADI,Immobilier,beta_min_observations,60.0,default
ADI,Immobilier,beta_window_years,2.0,default
ADI,Immobilier,beta_zero_return_threshold,0.3,default
ADI,Immobilier,bs_balance_fail_bps,200.0,default
ADI,Immobilier,bs_balance_warn_bps,50.0,default
ADI,Immobilier,computed_debt_weight,0.19222161816769393,computed
ADI,Immobilier,computed_equity_weight,0.8077783818323061,computed
ADI,Immobilier,cost_of_capital_build_up,"{""average_total_debt"": 1980718000.0, ""base_cost_of_debt"": 0.055, ""base_equity_risk_premium"": 0.06, ""beta"": 1.4695788422801448, ""beta_as_of"": ""2026-06-01"", ""beta_frequency"": ""weekly"", ""beta_liquidity_flag"": false, ""beta_lookup_as_of"": ""latest"", ""beta_method"": ""ols"", ""beta_n_obs"": 104, ""beta_r2"": 0.4099465968996492, ""beta_source"": ""beta_history"", ""beta_window_years"": 2.0, ""beta_zero_week_frac"": 0.019230769230769232, ""cost_of_debt"": 0.045000000000000005, ""cost_of_debt_ceiling"": 0.085, ""cost_of_debt_floor"": 0.04, ""cost_of_debt_pre_scenario"": 0.045000000000000005, ""cost_of_debt_source"": ""synthetic_interest_coverage_spread"", ""cost_of_debt_unclamped"": 0.045000000000000005, ""cost_of_equity"": 0.12317473053680869, ""cost_of_equity_floor"": 0.095, ""cost_of_equity_floor_bound"": false, ""cost_of_equity_unfloored"": 0.12317473053680869, ""country_risk_premium"": 0.0, ""debt_weight"": 0.19222161816769393, ""effective_cost_of_debt"": 0.045000000000000005, ""effective_equity_risk_premium"": 0.06, ""equity_weight"": 0.8077783818323061, ""interest_coverage"": 13.081592572754865, ""interest_expense"": 44808000.0, ""kd_effective"": 0.022622099662849532, ""kd_synthetic"": 0.045000000000000005, ""macro_config"": {""country_risk_mode"": ""auto"", ""country_risk_premium"": 0.0, ""country_risk_source"": ""auto:masi_embedded"", ""equity_risk_premium"": 0.06, ""erp_index_asset_class"": ""index"", ""erp_index_symbol"": ""MASI"", ""erp_lookback_years"": 10.0, ""erp_mean_method"": ""geometric"", ""erp_mode"": ""manual"", ""erp_source"": ""manual"", ""expected_index_return"": null, ""risk_free_mode"": ""tenor"", ""risk_free_rate"": 0.035, ""risk_free_source"": ""treasury_curve:10Y"", ""scope_key"": ""GLOBAL"", ""source"": ""structural_default"", ""treasury_curve"": {""10Y"": 0.035, ""1Y"": 0.03, ""5Y"": 0.033}, ""treasury_tenor"": ""10Y"", ""version_label"": ""base"", ""warnings"": []}, ""market_cap"": 8323627676.0, ""market_proxy"": ""MASI"", ""scenario_cost_of_debt_addon"": 0.0, ""scenario_erp_addon"": 0.0, ""synthetic_bucket"": ""AA"", ""synthetic_spread"": 0.01, ""tax_rate"": 0.35, ""total_debt"": 1980718000.0, ""wacc"": 0.10512036684705872, ""weight_source"": ""market_cap_plus_debt""}",computed
ADI,Immobilier,cost_of_debt,0.045000000000000005,computed
ADI,Immobilier,cost_of_equity,0.12317473053680869,computed
ADI,Immobilier,cost_of_equity_floor,0.095,scenario
ADI,Immobilier,country_risk_premium,0.0,macro_config
ADI,Immobilier,currency,MAD,scenario
ADI,Immobilier,default_debt_weight,0.3,default
ADI,Immobilier,default_equity_weight,0.7,default
ADI,Immobilier,equity_risk_premium,0.06,macro_config
ADI,Immobilier,fade_years,5.0,default
ADI,Immobilier,forecast_years,5.0,default
ADI,Immobilier,justified_multiple_ratio_mask,3.0,default
ADI,Immobilier,mid_year_discounting,1.0,default
ADI,Immobilier,mid_year_terminal,0.0,default
ADI,Immobilier,peer_min_count,3.0,default
ADI,Immobilier,proxy_weight_cap,0.25,default
ADI,Immobilier,relative_multiple_ratio_mask,15.0,default
ADI,Immobilier,risk_free_rate,0.035,macro_config
ADI,Immobilier,scenario_cost_of_debt_addon,0.0,default
ADI,Immobilier,scenario_erp_addon,0.0,default
ADI,Immobilier,scenario_probabilities,"{""base"": 0.55, ""bear"": 0.25, ""bull"": 0.2}",
ADI,Immobilier,scenario_probability_base,0.55,default
ADI,Immobilier,scenario_probability_bear,0.25,default
ADI,Immobilier,scenario_probability_bull,0.2,default
ADI,Immobilier,sensitivity_terminal_growth_step,0.005,default
ADI,Immobilier,sensitivity_wacc_step,0.005,default
ADI,Immobilier,stable_payout_ratio,0.55,default
ADI,Immobilier,tax_rate,0.35,default
ADI,Immobilier,terminal_growth,0.025,default
ADI,Immobilier,terminal_growth_basis,"{""equity"": {""binding_constraint"": ""raw"", ""ceiling"": 0.035, ""ceiling_source"": ""risk_free_rate"", ""discount_buffer"": 0.01, ""discount_cap"": 0.1131747305368087, ""discount_rate"": 0.12317473053680869, ""floor"": 0.0, ""path"": ""equity"", ""payout"": 0.28767052501033485, ""payout_source"": ""historical_dividends_to_net_income"", ""raw_growth"": 0.03, ""retention"": 0.7123294749896651, ""roe"": null, ""roe_source"": ""missing_roe"", ""source"": ""earnings_growth_proxy_missing_roe"", ""terminal_growth"": 0.03}, ""firm"": {""binding_constraint"": ""raw"", ""ceiling"": 0.035, ""ceiling_source"": ""risk_free_rate"", ""discount_buffer"": 0.01, ""discount_cap"": 0.09512036684705873, ""discount_rate"": 0.10512036684705872, ""floor"": 0.0, ""path"": ""firm"", ""raw_growth"": 0.027508977865504106, ""reinvestment_rate"": 0.5, ""roic"": 0.05501795573100821, ""source"": ""reinvestment_times_roic"", ""tax_rate"": 0.35, ""terminal_growth"": 0.027508977865504106}}",computed
ADI,Immobilier,terminal_growth_ceiling_source,1.0,default
ADI,Immobilier,terminal_growth_discount_buffer,0.01,default
ADI,Immobilier,terminal_growth_equity,0.03,computed_from_fundamentals
ADI,Immobilier,terminal_growth_firm,0.027508977865504106,computed_from_fundamentals
ADI,Immobilier,terminal_growth_floor,0.0,default
ADI,Immobilier,use_balance_sheet_capital_weights,1.0,default
ADI,Immobilier,wacc,0.10512036684705872,computed
AFI,BTP,beta,0.2710013810636644,beta_history
AFI,BTP,beta_min_observations,60.0,default
AFI,BTP,beta_window_years,2.0,default
AFI,BTP,beta_zero_return_threshold,0.3,default
AFI,BTP,bs_balance_fail_bps,200.0,default
AFI,BTP,bs_balance_warn_bps,50.0,default
AFI,BTP,computed_debt_weight,0.047299137539718566,computed
AFI,BTP,computed_equity_weight,0.9527008624602814,computed
AFI,BTP,cost_of_capital_build_up,"{""average_total_debt"": 5210000.0, ""base_cost_of_debt"": 0.055, ""base_equity_risk_premium"": 0.06, ""beta"": 0.2710013810636644, ""beta_as_of"": ""2026-06-01"", ""beta_frequency"": ""weekly"", ""beta_liquidity_flag"": false, ""beta_lookup_as_of"": ""latest"", ""beta_method"": ""ols"", ""beta_n_obs"": 104, ""beta_r2"": 0.05099913166288572, ""beta_source"": ""beta_history"", ""beta_window_years"": 2.0, ""beta_zero_week_frac"": 0.057692307692307696, ""cost_of_debt"": 0.055, ""cost_of_debt_ceiling"": 0.085, ""cost_of_debt_floor"": 0.04, ""cost_of_debt_pre_scenario"": 0.055, ""cost_of_debt_source"": ""registry_default_missing_debt_inputs"", ""cost_of_debt_unclamped"": 0.055, ""cost_of_equity"": 0.095, ""cost_of_equity_floor"": 0.095, ""cost_of_equity_floor_bound"": true, ""cost_of_equity_unfloored"": 0.05126008286381986, ""country_risk_premium"": 0.0, ""debt_weight"": 0.047299137539718566, ""effective_cost_of_debt"": 0.055, ""effective_equity_risk_premium"": 0.06, ""equity_weight"": 0.9527008624602814, ""interest_coverage"": null, ""interest_expense"": null, ""kd_effective"": null, ""kd_synthetic"": null, ""macro_config"": {""country_risk_mode"": ""auto"", ""country_risk_premium"": 0.0, ""country_risk_source"": ""auto:masi_embedded"", ""equity_risk_premium"": 0.06, ""erp_index_asset_class"": ""index"", ""erp_index_symbol"": ""MASI"", ""erp_lookback_years"": 10.0, ""erp_mean_method"": ""geometric"", ""erp_mode"": ""manual"", ""erp_source"": ""manual"", ""expected_index_return"": null, ""risk_free_mode"": ""tenor"", ""risk_free_rate"": 0.035, ""risk_free_source"": ""treasury_curve:10Y"", ""scope_key"": ""GLOBAL"", ""source"": ""structural_default"", ""treasury_curve"": {""10Y"": 0.035, ""1Y"": 0.03, ""5Y"": 0.033}, ""treasury_tenor"": ""10Y"", ""version_label"": ""base"", ""warnings"": []}, ""market_cap"": 104940000.0, ""market_proxy"": ""MASI"", ""scenario_cost_of_debt_addon"": 0.0, ""scenario_erp_addon"": 0.0, ""synthetic_bucket"": null, ""synthetic_spread"": null, ""tax_rate"": 0.35, ""total_debt"": 5210000.0, ""wacc"": 0.09219752610077167, ""weight_source"": ""market_cap_plus_debt""}",computed
AFI,BTP,cost_of_debt,0.055,computed
AFI,BTP,cost_of_equity,0.095,computed
AFI,BTP,cost_of_equity_floor,0.095,scenario
AFI,BTP,country_risk_premium,0.0,macro_config
AFI,BTP,currency,MAD,scenario
AFI,BTP,default_debt_weight,0.3,default
AFI,BTP,default_equity_weight,0.7,default
AFI,BTP,equity_risk_premium,0.06,macro_config
AFI,BTP,fade_years,5.0,default
AFI,BTP,forecast_years,5.0,default
AFI,BTP,justified_multiple_ratio_mask,3.0,default
AFI,BTP,mid_year_discounting,1.0,default
AFI,BTP,mid_year_terminal,0.0,default
AFI,BTP,peer_min_count,3.0,default
AFI,BTP,proxy_weight_cap,0.25,default
AFI,BTP,relative_multiple_ratio_mask,15.0,default
AFI,BTP,risk_free_rate,0.035,macro_config
AFI,BTP,scenario_cost_of_debt_addon,0.0,default
AFI,BTP,scenario_erp_addon,0.0,default
AFI,BTP,scenario_probabilities,"{""base"": 0.55, ""bear"": 0.25, ""bull"": 0.2}",
AFI,BTP,scenario_probability_base,0.55,default
AFI,BTP,scenario_probability_bear,0.25,default
AFI,BTP,scenario_probability_bull,0.2,default
AFI,BTP,sensitivity_terminal_growth_step,0.005,default
AFI,BTP,sensitivity_wacc_step,0.005,default
AFI,BTP,stable_payout_ratio,0.55,default
AFI,BTP,tax_rate,0.35,default
AFI,BTP,terminal_growth,0.025,default
AFI,BTP,terminal_growth_basis,"{""equity"": {""binding_constraint"": ""raw"", ""ceiling"": 0.035, ""ceiling_source"": ""risk_free_rate"", ""discount_buffer"": 0.01, ""discount_cap"": 0.085, ""discount_rate"": 0.095, ""floor"": 0.0, ""path"": ""equity"", ""payout"": 0.9092943499560432, ""payout_source"": ""historical_dividends_to_net_income"", ""raw_growth"": 0.013943817281519177, ""retention"": 0.09070565004395681, ""roe"": 0.15372600576438042, ""roe_source"": ""historical_roe"", ""source"": ""retention_times_roe"", ""terminal_growth"": 0.013943817281519177}, ""firm"": {""binding_constraint"": ""raw"", ""ceiling"": 0.035, ""ceiling_source"": ""risk_free_rate"", ""discount_buffer"": 0.01, ""discount_cap"": 0.08219752610077168, ""discount_rate"": 0.09219752610077167, ""floor"": 0.0, ""path"": ""firm"", ""raw_growth"": 0.019485038274182326, ""reinvestment_rate"": null, ""roic"": null, ""source"": ""revenue_growth_proxy_missing_roic_or_reinvestment"", ""tax_rate"": 0.35, ""terminal_growth"": 0.019485038274182326}}",computed
AFI,BTP,terminal_growth_ceiling_source,1.0,default
AFI,BTP,terminal_growth_discount_buffer,0.01,default
AFI,BTP,terminal_growth_equity,0.013943817281519177,computed_from_fundamentals
AFI,BTP,terminal_growth_firm,0.019485038274182326,computed_from_fundamentals
AFI,BTP,terminal_growth_floor,0.0,default
AFI,BTP,use_balance_sheet_capital_weights,1.0,default
AFI,BTP,wacc,0.09219752610077167,computed
AFM,Assurances,beta,0.2105330564910896,beta_history
AFM,Assurances,beta_min_observations,60.0,default
AFM,Assurances,beta_window_years,2.0,default
AFM,Assurances,beta_zero_return_threshold,0.3,default
AFM,Assurances,bs_balance_fail_bps,200.0,default
AFM,Assurances,bs_balance_warn_bps,50.0,default
AFM,Assurances,computed_debt_weight,0.11525662930685551,computed
AFM,Assurances,computed_equity_weight,0.8847433706931445,computed
AFM,Assurances,cost_of_capital_build_up,"{""average_total_debt"": 160885000.0, ""base_cost_of_debt"": 0.055, ""base_equity_risk_premium"": 0.06, ""beta"": 0.2105330564910896, ""beta_as_of"": ""2026-06-01"", ""beta_frequency"": ""weekly"", ""beta_liquidity_flag"": false, ""beta_lookup_as_of"": ""latest"", ""beta_method"": ""ols"", ""beta_n_obs"": 104, ""beta_r2"": 0.03229677474951509, ""beta_source"": ""beta_history"", ""beta_window_years"": 2.0, ""beta_zero_week_frac"": 0.17307692307692307, ""cost_of_debt"": 0.055, ""cost_of_debt_ceiling"": 0.085, ""cost_of_debt_floor"": 0.04, ""cost_of_debt_pre_scenario"": 0.055, ""cost_of_debt_source"": ""registry_default_financial_sector"", ""cost_of_debt_unclamped"": 0.055, ""cost_of_equity"": 0.095, ""cost_of_equity_floor"": 0.095, ""cost_of_equity_floor_bound"": true, ""cost_of_equity_unfloored"": 0.04763198338946538, ""country_risk_premium"": 0.0, ""debt_weight"": 0.11525662930685551, ""effective_cost_of_debt"": 0.055, ""effective_equity_risk_premium"": 0.06, ""equity_weight"": 0.8847433706931445, ""interest_coverage"": null, ""interest_expense"": 8067000.0, ""kd_effective"": 0.050141405351648696, ""kd_synthetic"": null, ""macro_config"": {""country_risk_mode"": ""auto"", ""country_risk_premium"": 0.0, ""country_risk_source"": ""auto:masi_embedded"", ""equity_risk_premium"": 0.06, ""erp_index_asset_class"": ""index"", ""erp_index_symbol"": ""MASI"", ""erp_lookback_years"": 10.0, ""erp_mean_method"": ""geometric"", ""erp_mode"": ""manual"", ""erp_source"": ""manual"", ""expected_index_return"": null, ""risk_free_mode"": ""tenor"", ""risk_free_rate"": 0.035, ""risk_free_source"": ""treasury_curve:10Y"", ""scope_key"": ""GLOBAL"", ""source"": ""structural_default"", ""treasury_curve"": {""10Y"": 0.035, ""1Y"": 0.03, ""5Y"": 0.033}, ""treasury_tenor"": ""10Y"", ""version_label"": ""base"", ""warnings"": []}, ""market_cap"": 1235000000.0, ""market_proxy"": ""MASI"", ""scenario_cost_of_debt_addon"": 0.0, ""scenario_erp_addon"": 0.0, ""synthetic_bucket"": null, ""synthetic_spread"": null, ""tax_rate"": 0.35, ""total_debt"": 160885000.0, ""wacc"": 0.0881710447135688, ""weight_source"": ""market_cap_plus_debt""}",computed
AFM,Assurances,cost_of_debt,0.055,computed
AFM,Assurances,cost_of_equity,0.095,computed
AFM,Assurances,cost_of_equity_floor,0.095,scenario
AFM,Assurances,country_risk_premium,0.0,macro_config
AFM,Assurances,currency,MAD,scenario
AFM,Assurances,default_debt_weight,0.3,default
AFM,Assurances,default_equity_weight,0.7,default
AFM,Assurances,equity_risk_premium,0.06,macro_config
AFM,Assurances,fade_years,5.0,default
AFM,Assurances,forecast_years,5.0,default
AFM,Assurances,justified_multiple_ratio_mask,3.0,default
AFM,Assurances,mid_year_discounting,1.0,default
AFM,Assurances,mid_year_terminal,0.0,default
AFM,Assurances,peer_min_count,3.0,default
AFM,Assurances,proxy_weight_cap,0.25,default
AFM,Assurances,relative_multiple_ratio_mask,15.0,default
AFM,Assurances,risk_free_rate,0.035,macro_config
AFM,Assurances,scenario_cost_of_debt_addon,0.0,default
AFM,Assurances,scenario_erp_addon,0.0,default
AFM,Assurances,scenario_probabilities,"{""base"": 0.55, ""bear"": 0.25, ""bull"": 0.2}",
AFM,Assurances,scenario_probability_base,0.55,default
AFM,Assurances,scenario_probability_bear,0.25,default
AFM,Assurances,scenario_probability_bull,0.2,default
AFM,Assurances,sensitivity_terminal_growth_step,0.005,default
AFM,Assurances,sensitivity_wacc_step,0.005,default
AFM,Assurances,stable_payout_ratio,0.55,default
AFM,Assurances,tax_rate,0.35,default
AFM,Assurances,terminal_growth,0.025,default
AFM,Assurances,terminal_growth_basis,"{""equity"": {""binding_constraint"": ""raw"", ""ceiling"": 0.035, ""ceiling_source"": ""risk_free_rate"", ""discount_buffer"": 0.01, ""discount_cap"": 0.085, ""discount_rate"": 0.095, ""floor"": 0.0, ""path"": ""equity"", ""payout"": 0.8442840115333912, ""payout_source"": ""historical_dividends_to_net_income"", ""raw_growth"": 0.03, ""retention"": 0.15571598846660883, ""roe"": null, ""roe_source"": ""missing_roe"", ""source"": ""earnings_growth_proxy_missing_roe"", ""terminal_growth"": 0.03}, ""firm"": {""path"": ""firm"", ""source"": ""not_used_for_financials"", ""terminal_growth"": 0.025}}",computed
AFM,Assurances,terminal_growth_ceiling_source,1.0,default
AFM,Assurances,terminal_growth_discount_buffer,0.01,default
AFM,Assurances,terminal_growth_equity,0.03,computed_from_fundamentals
AFM,Assurances,terminal_growth_firm,0.025,computed_from_fundamentals
AFM,Assurances,terminal_growth_floor,0.0,default
AFM,Assurances,use_balance_sheet_capital_weights,1.0,default
AFM,Assurances,wacc,0.0881710447135688,computed
AGM,Assurances,beta,0.30704072255327225,beta_history
AGM,Assurances,beta_min_observations,60.0,default
AGM,Assurances,beta_window_years,2.0,default
AGM,Assurances,beta_zero_return_threshold,0.3,default
AGM,Assurances,bs_balance_fail_bps,200.0,default
AGM,Assurances,bs_balance_warn_bps,50.0,default
AGM,Assurances,computed_debt_weight,0.04398904812868119,computed
AGM,Assurances,computed_equity_weight,0.9560109518713188,computed
AGM,Assurances,cost_of_capital_build_up,"{""average_total_debt"": 66627000.0, ""base_cost_of_debt"": 0.055, ""base_equity_risk_premium"": 0.06, ""beta"": 0.30704072255327225, ""beta_as_of"": ""2026-06-01"", ""beta_frequency"": ""weekly"", ""beta_liquidity_flag"": true, ""beta_lookup_as_of"": ""latest"", ""beta_method"": ""dimson_blume"", ""beta_n_obs"": 103, ""beta_r2"": 0.010419883259473295, ""beta_source"": ""beta_history"", ""beta_window_years"": 2.0, ""beta_zero_week_frac"": 0.4326923076923077, ""cost_of_debt"": 0.055, ""cost_of_debt_ceiling"": 0.085, ""cost_of_debt_floor"": 0.04, ""cost_of_debt_pre_scenario"": 0.055, ""cost_of_debt_source"": ""registry_default_financial_sector"", ""cost_of_debt_unclamped"": 0.055, ""cost_of_equity"": 0.095, ""cost_of_equity_floor"": 0.095, ""cost_of_equity_floor_bound"": true, ""cost_of_equity_unfloored"": 0.05342244335319633, ""country_risk_premium"": 0.0, ""debt_weight"": 0.04398904812868119, ""effective_cost_of_debt"": 0.055, ""effective_equity_risk_premium"": 0.06, ""equity_weight"": 0.9560109518713188, ""interest_coverage"": null, ""interest_expense"": 6044000.0, ""kd_effective"": 0.09071397481501493, ""kd_synthetic"": null, ""macro_config"": {""country_risk_mode"": ""auto"", ""country_risk_premium"": 0.0, ""country_risk_source"": ""auto:masi_embedded"", ""equity_risk_premium"": 0.06, ""erp_index_asset_class"": ""index"", ""erp_index_symbol"": ""MASI"", ""erp_lookback_years"": 10.0, ""erp_mean_method"": ""geometric"", ""erp_mode"": ""manual"", ""erp_source"": ""manual"", ""expected_index_return"": null, ""risk_free_mode"": ""tenor"", ""risk_free_rate"": 0.035, ""risk_free_source"": ""treasury_curve:10Y"", ""scope_key"": ""GLOBAL"", ""source"": ""structural_default"", ""treasury_curve"": {""10Y"": 0.035, ""1Y"": 0.03, ""5Y"": 0.033}, ""treasury_tenor"": ""10Y"", ""version_label"": ""base"", ""warnings"": []}, ""market_cap"": 1448000000.0, ""market_proxy"": ""MASI"", ""scenario_cost_of_debt_addon"": 0.0, ""scenario_erp_addon"": 0.0, ""synthetic_bucket"": null, ""synthetic_spread"": null, ""tax_rate"": 0.35, ""total_debt"": 66627000.0, ""wacc"": 0.09239364889837565, ""weight_source"": ""market_cap_plus_debt""}",computed
AGM,Assurances,cost_of_debt,0.055,computed
AGM,Assurances,cost_of_equity,0.095,computed
AGM,Assurances,cost_of_equity_floor,0.095,scenario
AGM,Assurances,country_risk_premium,0.0,macro_config
AGM,Assurances,currency,MAD,scenario
AGM,Assurances,default_debt_weight,0.3,default
AGM,Assurances,default_equity_weight,0.7,default
AGM,Assurances,equity_risk_premium,0.06,macro_config
AGM,Assurances,fade_years,5.0,default
AGM,Assurances,forecast_years,5.0,default
AGM,Assurances,justified_multiple_ratio_mask,3.0,default
AGM,Assurances,mid_year_discounting,1.0,default
AGM,Assurances,mid_year_terminal,0.0,default
AGM,Assurances,peer_min_count,3.0,default
AGM,Assurances,proxy_weight_cap,0.25,default
AGM,Assurances,relative_multiple_ratio_mask,15.0,default
AGM,Assurances,risk_free_rate,0.035,macro_config
AGM,Assurances,scenario_cost_of_debt_addon,0.0,default
AGM,Assurances,scenario_erp_addon,0.0,default
AGM,Assurances,scenario_probabilities,"{""base"": 0.55, ""bear"": 0.25, ""bull"": 0.2}",
AGM,Assurances,scenario_probability_base,0.55,default
AGM,Assurances,scenario_probability_bear,0.25,default
AGM,Assurances,scenario_probability_bull,0.2,default
AGM,Assurances,sensitivity_terminal_growth_step,0.005,default
AGM,Assurances,sensitivity_wacc_step,0.005,default
AGM,Assurances,stable_payout_ratio,0.55,default
AGM,Assurances,tax_rate,0.35,default
AGM,Assurances,terminal_growth,0.025,default
AGM,Assurances,terminal_growth_basis,"{""equity"": {""binding_constraint"": ""raw"", ""ceiling"": 0.035, ""ceiling_source"": ""risk_free_rate"", ""discount_buffer"": 0.01, ""discount_cap"": 0.085, ""discount_rate"": 0.095, ""floor"": 0.0, ""path"": ""equity"", ""payout"": 0.8698507211200416, ""payout_source"": ""historical_dividends_to_net_income"", ""raw_growth"": 0.03, ""retention"": 0.13014927887995842, ""roe"": null, ""roe_source"": ""missing_roe"", ""source"": ""earnings_growth_proxy_missing_roe"", ""terminal_growth"": 0.03}, ""firm"": {""path"": ""firm"", ""source"": ""not_used_for_financials"", ""terminal_growth"": 0.025}}",computed
AGM,Assurances,terminal_growth_ceiling_source,1.0,default
AGM,Assurances,terminal_growth_discount_buffer,0.01,default
AGM,Assurances,terminal_growth_equity,0.03,computed_from_fundamentals
AGM,Assurances,terminal_growth_firm,0.025,computed_from_fundamentals
AGM,Assurances,terminal_growth_floor,0.0,default
AGM,Assurances,use_balance_sheet_capital_weights,1.0,default
AGM,Assurances,wacc,0.09239364889837565,computed
AKT,Santé,beta,1.267083139357872,beta_history
AKT,Santé,beta_min_observations,60.0,default
AKT,Santé,beta_window_years,2.0,default
AKT,Santé,beta_zero_return_threshold,0.3,default
AKT,Santé,bs_balance_fail_bps,200.0,default
AKT,Santé,bs_balance_warn_bps,50.0,default
AKT,Santé,computed_debt_weight,0.18303795458079464,computed
AKT,Santé,computed_equity_weight,0.8169620454192054,computed
AKT,Santé,cost_of_capital_build_up,"{""average_total_debt"": 3727486430.0, ""base_cost_of_debt"": 0.055, ""base_equity_risk_premium"": 0.06, ""beta"": 1.267083139357872, ""beta_as_of"": ""2026-06-01"", ""beta_frequency"": ""weekly"", ""beta_liquidity_flag"": false, ""beta_lookup_as_of"": ""latest"", ""beta_method"": ""ols"", ""beta_n_obs"": 104, ""beta_r2"": 0.41001706215416633, ""beta_source"": ""beta_history"", ""beta_window_years"": 2.0, ""beta_zero_week_frac"": 0.009615384615384616, ""cost_of_debt"": 0.049, ""cost_of_debt_ceiling"": 0.085, ""cost_of_debt_floor"": 0.04, ""cost_of_debt_pre_scenario"": 0.049, ""cost_of_debt_source"": ""synthetic_interest_coverage_spread"", ""cost_of_debt_unclamped"": 0.049, ""cost_of_equity"": 0.11102498836147233, ""cost_of_equity_floor"": 0.095, ""cost_of_equity_floor_bound"": false, ""cost_of_equity_unfloored"": 0.11102498836147233, ""country_risk_premium"": 0.0, ""debt_weight"": 0.18303795458079464, ""effective_cost_of_debt"": 0.049, ""effective_equity_risk_premium"": 0.06, ""equity_weight"": 0.8169620454192054, ""interest_coverage"": 8.046833216599925, ""interest_expense"": 100381147.0, ""kd_effective"": 0.026929983216598858, ""kd_synthetic"": 0.049, ""macro_config"": {""country_risk_mode"": ""auto"", ""country_risk_premium"": 0.0, ""country_risk_source"": ""auto:masi_embedded"", ""equity_risk_premium"": 0.06, ""erp_index_asset_class"": ""index"", ""erp_index_symbol"": ""MASI"", ""erp_lookback_years"": 10.0, ""erp_mean_method"": ""geometric"", ""erp_mode"": ""manual"", ""erp_source"": ""manual"", ""expected_index_return"": null, ""risk_free_mode"": ""tenor"", ""risk_free_rate"": 0.035, ""risk_free_source"": ""treasury_curve:10Y"", ""scope_key"": ""GLOBAL"", ""source"": ""structural_default"", ""treasury_curve"": {""10Y"": 0.035, ""1Y"": 0.03, ""5Y"": 0.033}, ""treasury_tenor"": ""10Y"", ""version_label"": ""base"", ""warnings"": []}, ""market_cap"": 16637068225.0, ""market_proxy"": ""MASI"", ""scenario_cost_of_debt_addon"": 0.0, ""scenario_erp_addon"": 0.0, ""synthetic_bucket"": ""A+"", ""synthetic_spread"": 0.014, ""tax_rate"": 0.35, ""total_debt"": 3727486430.0, ""wacc"": 0.09653296043783022, ""weight_source"": ""market_cap_plus_debt""}",computed
AKT,Santé,cost_of_debt,0.049,computed
AKT,Santé,cost_of_equity,0.11102498836147233,computed
AKT,Santé,cost_of_equity_floor,0.095,scenario
AKT,Santé,country_risk_premium,0.0,macro_config
AKT,Santé,currency,MAD,scenario
AKT,Santé,default_debt_weight,0.3,default
AKT,Santé,default_equity_weight,0.7,default
AKT,Santé,equity_risk_premium,0.06,macro_config
AKT,Santé,fade_years,5.0,default
AKT,Santé,forecast_years,5.0,default
AKT,Santé,justified_multiple_ratio_mask,3.0,default
AKT,Santé,mid_year_discounting,1.0,default
AKT,Santé,mid_year_terminal,0.0,default
AKT,Santé,peer_min_count,3.0,default
AKT,Santé,proxy_weight_cap,0.25,default
AKT,Santé,relative_multiple_ratio_mask,15.0,default
AKT,Santé,risk_free_rate,0.035,macro_config
AKT,Santé,scenario_cost_of_debt_addon,0.0,default
AKT,Santé,scenario_erp_addon,0.0,default
AKT,Santé,scenario_probabilities,"{""base"": 0.55, ""bear"": 0.25, ""bull"": 0.2}",
AKT,Santé,scenario_probability_base,0.55,default
AKT,Santé,scenario_probability_bear,0.25,default
AKT,Santé,scenario_probability_bull,0.2,default
AKT,Santé,sensitivity_terminal_growth_step,0.005,default
AKT,Santé,sensitivity_wacc_step,0.005,default
AKT,Santé,stable_payout_ratio,0.55,default
AKT,Santé,tax_rate,0.35,default
AKT,Santé,terminal_growth,0.025,default
AKT,Santé,terminal_growth_basis,"{""equity"": {""binding_constraint"": ""raw"", ""ceiling"": 0.035, ""ceiling_source"": ""risk_free_rate"", ""discount_buffer"": 0.01, ""discount_cap"": 0.10102498836147233, ""discount_rate"": 0.11102498836147233, ""floor"": 0.0, ""path"": ""equity"", ""payout"": 0.3207909503401858, ""payout_source"": ""historical_dividends_to_net_income"", ""raw_growth"": 0.03, ""retention"": 0.6792090496598142, ""roe"": null, ""roe_source"": ""missing_roe"", ""source"": ""earnings_growth_proxy_missing_roe"", ""terminal_growth"": 0.03}, ""firm"": {""binding_constraint"": ""ceiling"", ""ceiling"": 0.035, ""ceiling_source"": ""risk_free_rate"", ""discount_buffer"": 0.01, ""discount_cap"": 0.08653296043783022, ""discount_rate"": 0.09653296043783022, ""floor"": 0.0, ""path"": ""firm"", ""raw_growth"": 0.08613427439026498, ""reinvestment_rate"": 1.0386165736536204, ""roic"": 0.08293173493974192, ""source"": ""reinvestment_times_roic"", ""tax_rate"": 0.35, ""terminal_growth"": 0.035}}",computed
AKT,Santé,terminal_growth_ceiling_source,1.0,default
AKT,Santé,terminal_growth_discount_buffer,0.01,default
AKT,Santé,terminal_growth_equity,0.03,computed_from_fundamentals
AKT,Santé,terminal_growth_firm,0.035,computed_from_fundamentals
AKT,Santé,terminal_growth_floor,0.0,default
AKT,Santé,use_balance_sheet_capital_weights,1.0,default
AKT,Santé,wacc,0.09653296043783022,computed
ALM,BTP,beta,0.3246654341978934,beta_history
ALM,BTP,beta_min_observations,60.0,default
ALM,BTP,beta_window_years,2.0,default
ALM,BTP,beta_zero_return_threshold,0.3,default
ALM,BTP,bs_balance_fail_bps,200.0,default
ALM,BTP,bs_balance_warn_bps,50.0,default
ALM,BTP,computed_debt_weight,0.11627598985811453,computed
ALM,BTP,computed_equity_weight,0.8837240101418855,computed
ALM,BTP,cost_of_capital_build_up,"{""average_total_debt"": 114400540.0, ""base_cost_of_debt"": 0.055, ""base_equity_risk_premium"": 0.06, ""beta"": 0.3246654341978934, ""beta_as_of"": ""2026-06-01"", ""beta_frequency"": ""weekly"", ""beta_liquidity_flag"": false, ""beta_lookup_as_of"": ""latest"", ""beta_method"": ""ols"", ""beta_n_obs"": 104, ""beta_r2"": 0.10790862618853525, ""beta_source"": ""beta_history"", ""beta_window_years"": 2.0, ""beta_zero_week_frac"": 0.10576923076923077, ""cost_of_debt"": 0.08, ""cost_of_debt_ceiling"": 0.085, ""cost_of_debt_floor"": 0.04, ""cost_of_debt_pre_scenario"": 0.08, ""cost_of_debt_source"": ""synthetic_interest_coverage_spread"", ""cost_of_debt_unclamped"": 0.08, ""cost_of_equity"": 0.095, ""cost_of_equity_floor"": 0.095, ""cost_of_equity_floor_bound"": true, ""cost_of_equity_unfloored"": 0.05447992605187361, ""country_risk_premium"": 0.0, ""debt_weight"": 0.11627598985811453, ""effective_cost_of_debt"": 0.08, ""effective_equity_risk_premium"": 0.06, ""equity_weight"": 0.8837240101418855, ""interest_coverage"": 1.8104879738562092, ""interest_expense"": 76500000.0, ""kd_effective"": null, ""kd_synthetic"": 0.08, ""macro_config"": {""country_risk_mode"": ""auto"", ""country_risk_premium"": 0.0, ""country_risk_source"": ""auto:masi_embedded"", ""equity_risk_premium"": 0.06, ""erp_index_asset_class"": ""index"", ""erp_index_symbol"": ""MASI"", ""erp_lookback_years"": 10.0, ""erp_mean_method"": ""geometric"", ""erp_mode"": ""manual"", ""erp_source"": ""manual"", ""expected_index_return"": null, ""risk_free_mode"": ""tenor"", ""risk_free_rate"": 0.035, ""risk_free_source"": ""treasury_curve:10Y"", ""scope_key"": ""GLOBAL"", ""source"": ""structural_default"", ""treasury_curve"": {""10Y"": 0.035, ""1Y"": 0.03, ""5Y"": 0.033}, ""treasury_tenor"": ""10Y"", ""version_label"": ""base"", ""warnings"": []}, ""market_cap"": 869470164.0, ""market_proxy"": ""MASI"", ""scenario_cost_of_debt_addon"": 0.0, ""scenario_erp_addon"": 0.0, ""synthetic_bucket"": ""B"", ""synthetic_spread"": 0.045, ""tax_rate"": 0.35, ""total_debt"": 114400540.0, ""wacc"": 0.09000013243610108, ""weight_source"": ""market_cap_plus_debt""}",computed
ALM,BTP,cost_of_debt,0.08,computed
ALM,BTP,cost_of_equity,0.095,computed
ALM,BTP,cost_of_equity_floor,0.095,scenario
ALM,BTP,country_risk_premium,0.0,macro_config
ALM,BTP,currency,MAD,scenario
ALM,BTP,default_debt_weight,0.3,default
ALM,BTP,default_equity_weight,0.7,default
ALM,BTP,equity_risk_premium,0.06,macro_config
ALM,BTP,fade_years,5.0,default
ALM,BTP,forecast_years,5.0,default
ALM,BTP,justified_multiple_ratio_mask,3.0,default
ALM,BTP,mid_year_discounting,1.0,default
ALM,BTP,mid_year_terminal,0.0,default
ALM,BTP,peer_min_count,3.0,default
ALM,BTP,proxy_weight_cap,0.25,default
ALM,BTP,relative_multiple_ratio_mask,15.0,default
ALM,BTP,risk_free_rate,0.035,macro_config
ALM,BTP,scenario_cost_of_debt_addon,0.0,default
ALM,BTP,scenario_erp_addon,0.0,default
ALM,BTP,scenario_probabilities,"{""base"": 0.55, ""bear"": 0.25, ""bull"": 0.2}",
ALM,BTP,scenario_probability_base,0.55,default
ALM,BTP,scenario_probability_bear,0.25,default
ALM,BTP,scenario_probability_bull,0.2,default
ALM,BTP,sensitivity_terminal_growth_step,0.005,default
ALM,BTP,sensitivity_wacc_step,0.005,default
ALM,BTP,stable_payout_ratio,0.55,default
ALM,BTP,tax_rate,0.35,default
ALM,BTP,terminal_growth,0.025,default
ALM,BTP,terminal_growth_basis,"{""equity"": {""binding_constraint"": ""raw"", ""ceiling"": 0.035, ""ceiling_source"": ""risk_free_rate"", ""discount_buffer"": 0.01, ""discount_cap"": 0.085, ""discount_rate"": 0.095, ""floor"": 0.0, ""path"": ""equity"", ""payout"": 1.1141196266968325, ""payout_source"": ""historical_dividends_to_net_income"", ""raw_growth"": 0.03, ""retention"": 0.0, ""roe"": null, ""roe_source"": ""missing_roe"", ""source"": ""earnings_growth_proxy_missing_roe"", ""terminal_growth"": 0.03}, ""firm"": {""binding_constraint"": ""raw"", ""ceiling"": 0.035, ""ceiling_source"": ""risk_free_rate"", ""discount_buffer"": 0.01, ""discount_cap"": 0.08000013243610109, ""discount_rate"": 0.09000013243610108, ""floor"": 0.0, ""path"": ""firm"", ""raw_growth"": 0.002995568523301275, ""reinvestment_rate"": 0.017576007195820812, ""roic"": 0.1704350988211677, ""source"": ""reinvestment_times_roic"", ""tax_rate"": 0.35, ""terminal_growth"": 0.002995568523301275}}",computed
ALM,BTP,terminal_growth_ceiling_source,1.0,default
ALM,BTP,terminal_growth_discount_buffer,0.01,default
ALM,BTP,terminal_growth_equity,0.03,computed_from_fundamentals
ALM,BTP,terminal_growth_firm,0.002995568523301275,computed_from_fundamentals
ALM,BTP,terminal_growth_floor,0.0,default
ALM,BTP,use_balance_sheet_capital_weights,1.0,default
ALM,BTP,wacc,0.09000013243610108,computed
ARD,Immobilier,beta,0.3567619601063848,beta_history
ARD,Immobilier,beta_min_observations,60.0,default
ARD,Immobilier,beta_window_years,2.0,default
ARD,Immobilier,beta_zero_return_threshold,0.3,default
ARD,Immobilier,bs_balance_fail_bps,200.0,default
ARD,Immobilier,bs_balance_warn_bps,50.0,default
ARD,Immobilier,computed_debt_weight,0.3869731948968335,computed
ARD,Immobilier,computed_equity_weight,0.6130268051031664,computed
ARD,Immobilier,cost_of_capital_build_up,"{""average_total_debt"": 3411462000.0, ""base_cost_of_debt"": 0.055, ""base_equity_risk_premium"": 0.06, ""beta"": 0.3567619601063848, ""beta_as_of"": ""2026-06-01"", ""beta_frequency"": ""weekly"", ""beta_liquidity_flag"": false, ""beta_lookup_as_of"": ""latest"", ""beta_method"": ""ols"", ""beta_n_obs"": 104, ""beta_r2"": 0.12266584802282987, ""beta_source"": ""beta_history"", ""beta_window_years"": 2.0, ""beta_zero_week_frac"": 0.04807692307692308, ""cost_of_debt"": 0.049, ""cost_of_debt_ceiling"": 0.085, ""cost_of_debt_floor"": 0.04, ""cost_of_debt_pre_scenario"": 0.049, ""cost_of_debt_source"": ""synthetic_interest_coverage_spread"", ""cost_of_debt_unclamped"": 0.049, ""cost_of_equity"": 0.095, ""cost_of_equity_floor"": 0.095, ""cost_of_equity_floor_bound"": true, ""cost_of_equity_unfloored"": 0.05640571760638309, ""country_risk_premium"": 0.0, ""debt_weight"": 0.3869731948968335, ""effective_cost_of_debt"": 0.049, ""effective_equity_risk_premium"": 0.06, ""equity_weight"": 0.6130268051031664, ""interest_coverage"": 6.711917591415163, ""interest_expense"": 109309000.0, ""kd_effective"": 0.03204168769870513, ""kd_synthetic"": 0.049, ""macro_config"": {""country_risk_mode"": ""auto"", ""country_risk_premium"": 0.0, ""country_risk_source"": ""auto:masi_embedded"", ""equity_risk_premium"": 0.06, ""erp_index_asset_class"": ""index"", ""erp_index_symbol"": ""MASI"", ""erp_lookback_years"": 10.0, ""erp_mean_method"": ""geometric"", ""erp_mode"": ""manual"", ""erp_source"": ""manual"", ""expected_index_return"": null, ""risk_free_mode"": ""tenor"", ""risk_free_rate"": 0.035, ""risk_free_source"": ""treasury_curve:10Y"", ""scope_key"": ""GLOBAL"", ""source"": ""structural_default"", ""treasury_curve"": {""10Y"": 0.035, ""1Y"": 0.03, ""5Y"": 0.033}, ""treasury_tenor"": ""10Y"", ""version_label"": ""base"", ""warnings"": []}, ""market_cap"": 5404295900.0, ""market_proxy"": ""MASI"", ""scenario_cost_of_debt_addon"": 0.0, ""scenario_erp_addon"": 0.0, ""synthetic_bucket"": ""A+"", ""synthetic_spread"": 0.014, ""tax_rate"": 0.35, ""total_debt"": 3411462000.0, ""wacc"": 0.07056264274226495, ""weight_source"": ""market_cap_plus_debt""}",computed
ARD,Immobilier,cost_of_debt,0.049,computed
ARD,Immobilier,cost_of_equity,0.095,computed
ARD,Immobilier,cost_of_equity_floor,0.095,scenario
ARD,Immobilier,country_risk_premium,0.0,macro_config
ARD,Immobilier,currency,MAD,scenario
ARD,Immobilier,default_debt_weight,0.3,default
ARD,Immobilier,default_equity_weight,0.7,default
ARD,Immobilier,equity_risk_premium,0.06,macro_config
ARD,Immobilier,fade_years,5.0,default
ARD,Immobilier,forecast_years,5.0,default
ARD,Immobilier,justified_multiple_ratio_mask,3.0,default
ARD,Immobilier,mid_year_discounting,1.0,default
ARD,Immobilier,mid_year_terminal,0.0,default
ARD,Immobilier,peer_min_count,3.0,default
ARD,Immobilier,proxy_weight_cap,0.25,default
ARD,Immobilier,relative_multiple_ratio_mask,15.0,default
ARD,Immobilier,risk_free_rate,0.035,macro_config
ARD,Immobilier,scenario_cost_of_debt_addon,0.0,default
ARD,Immobilier,scenario_erp_addon,0.0,default
ARD,Immobilier,scenario_probabilities,"{""base"": 0.55, ""bear"": 0.25, ""bull"": 0.2}",
ARD,Immobilier,scenario_probability_base,0.55,default
ARD,Immobilier,scenario_probability_bear,0.25,default
ARD,Immobilier,scenario_probability_bull,0.2,default
ARD,Immobilier,sensitivity_terminal_growth_step,0.005,default
ARD,Immobilier,sensitivity_wacc_step,0.005,default
ARD,Immobilier,stable_payout_ratio,0.55,default
ARD,Immobilier,tax_rate,0.35,default
ARD,Immobilier,terminal_growth,0.025,default
ARD,Immobilier,terminal_growth_basis,"{""equity"": {""binding_constraint"": ""raw"", ""ceiling"": 0.035, ""ceiling_source"": ""risk_free_rate"", ""discount_buffer"": 0.01, ""discount_cap"": 0.085, ""discount_rate"": 0.095, ""floor"": 0.0, ""path"": ""equity"", ""payout"": 0.7712309375785753, ""payout_source"": ""historical_dividends_to_net_income"", ""raw_growth"": 0.03, ""retention"": 0.2287690624214247, ""roe"": null, ""roe_source"": ""missing_roe"", ""source"": ""earnings_growth_proxy_missing_roe"", ""terminal_growth"": 0.03}, ""firm"": {""binding_constraint"": ""ceiling"", ""ceiling"": 0.035, ""ceiling_source"": ""risk_free_rate"", ""discount_buffer"": 0.01, ""discount_cap"": 0.06056264274226495, ""discount_rate"": 0.07056264274226495, ""floor"": 0.0, ""path"": ""firm"", ""raw_growth"": 0.03949882469451004, ""reinvestment_rate"": 0.8817289461452223, ""roic"": 0.04479701485041698, ""source"": ""reinvestment_times_roic"", ""tax_rate"": 0.35, ""terminal_growth"": 0.035}}",computed
ARD,Immobilier,terminal_growth_ceiling_source,1.0,default
ARD,Immobilier,terminal_growth_discount_buffer,0.01,default
ARD,Immobilier,terminal_growth_equity,0.03,computed_from_fundamentals
ARD,Immobilier,terminal_growth_firm,0.035,computed_from_fundamentals
ARD,Immobilier,terminal_growth_floor,0.0,default
ARD,Immobilier,use_balance_sheet_capital_weights,1.0,default
ARD,Immobilier,wacc,0.07056264274226495,computed
ATH,Distribution,beta,0.5043579059904697,beta_history
ATH,Distribution,beta_min_observations,60.0,default
ATH,Distribution,beta_window_years,2.0,default
ATH,Distribution,beta_zero_return_threshold,0.3,default
ATH,Distribution,bs_balance_fail_bps,200.0,default
ATH,Distribution,bs_balance_warn_bps,50.0,default
ATH,Distribution,computed_debt_weight,0.45772469964667656,computed
ATH,Distribution,computed_equity_weight,0.5422753003533235,computed
ATH,Distribution,cost_of_capital_build_up,"{""average_total_debt"": 3009896048.14, ""base_cost_of_debt"": 0.055, ""base_equity_risk_premium"": 0.06, ""beta"": 0.5043579059904697, ""beta_as_of"": ""2026-06-01"", ""beta_frequency"": ""weekly"", ""beta_liquidity_flag"": false, ""beta_lookup_as_of"": ""latest"", ""beta_method"": ""ols"", ""beta_n_obs"": 104, ""beta_r2"": 0.04893804425828996, ""beta_source"": ""beta_history"", ""beta_window_years"": 2.0, ""beta_zero_week_frac"": 0.04807692307692308, ""cost_of_debt"": 0.061, ""cost_of_debt_ceiling"": 0.085, ""cost_of_debt_floor"": 0.04, ""cost_of_debt_pre_scenario"": 0.061, ""cost_of_debt_source"": ""synthetic_interest_coverage_spread"", ""cost_of_debt_unclamped"": 0.061, ""cost_of_equity"": 0.095, ""cost_of_equity_floor"": 0.095, ""cost_of_equity_floor_bound"": true, ""cost_of_equity_unfloored"": 0.06526147435942818, ""country_risk_premium"": 0.0, ""debt_weight"": 0.45772469964667656, ""effective_cost_of_debt"": 0.061, ""effective_equity_risk_premium"": 0.06, ""equity_weight"": 0.5422753003533235, ""interest_coverage"": 3.500577913998158, ""interest_expense"": 77987122.9, ""kd_effective"": 0.025910237979212953, ""kd_synthetic"": 0.061, ""macro_config"": {""country_risk_mode"": ""auto"", ""country_risk_premium"": 0.0, ""country_risk_source"": ""auto:masi_embedded"", ""equity_risk_premium"": 0.06, ""erp_index_asset_class"": ""index"", ""erp_index_symbol"": ""MASI"", ""erp_lookback_years"": 10.0, ""erp_mean_method"": ""geometric"", ""erp_mode"": ""manual"", ""erp_source"": ""manual"", ""expected_index_return"": null, ""risk_free_mode"": ""tenor"", ""risk_free_rate"": 0.035, ""risk_free_source"": ""treasury_curve:10Y"", ""scope_key"": ""GLOBAL"", ""source"": ""structural_default"", ""treasury_curve"": {""10Y"": 0.035, ""1Y"": 0.03, ""5Y"": 0.033}, ""treasury_tenor"": ""10Y"", ""version_label"": ""base"", ""warnings"": []}, ""market_cap"": 3565882035.2000003, ""market_proxy"": ""MASI"", ""scenario_cost_of_debt_addon"": 0.0, ""scenario_erp_addon"": 0.0, ""synthetic_bucket"": ""BBB"", ""synthetic_spread"": 0.026, ""tax_rate"": 0.35, ""total_debt"": 3009896048.14, ""wacc"": 0.06966493787455647, ""weight_source"": ""market_cap_plus_debt""}",computed
ATH,Distribution,cost_of_debt,0.061,computed
ATH,Distribution,cost_of_equity,0.095,computed
ATH,Distribution,cost_of_equity_floor,0.095,scenario
ATH,Distribution,country_risk_premium,0.0,macro_config
ATH,Distribution,currency,MAD,scenario
ATH,Distribution,default_debt_weight,0.3,default
ATH,Distribution,default_equity_weight,0.7,default
ATH,Distribution,equity_risk_premium,0.06,macro_config
ATH,Distribution,fade_years,5.0,default
ATH,Distribution,forecast_years,5.0,default
ATH,Distribution,justified_multiple_ratio_mask,3.0,default
ATH,Distribution,mid_year_discounting,1.0,default
ATH,Distribution,mid_year_terminal,0.0,default
ATH,Distribution,peer_min_count,3.0,default
ATH,Distribution,proxy_weight_cap,0.25,default
ATH,Distribution,relative_multiple_ratio_mask,15.0,default
ATH,Distribution,risk_free_rate,0.035,macro_config
ATH,Distribution,scenario_cost_of_debt_addon,0.0,default
ATH,Distribution,scenario_erp_addon,0.0,default
ATH,Distribution,scenario_probabilities,"{""base"": 0.55, ""bear"": 0.25, ""bull"": 0.2}",
ATH,Distribution,scenario_probability_base,0.55,default
ATH,Distribution,scenario_probability_bear,0.25,default
ATH,Distribution,scenario_probability_bull,0.2,default
ATH,Distribution,sensitivity_terminal_growth_step,0.005,default
ATH,Distribution,sensitivity_wacc_step,0.005,default
ATH,Distribution,stable_payout_ratio,0.55,default
ATH,Distribution,tax_rate,0.35,default
ATH,Distribution,terminal_growth,0.025,default
ATH,Distribution,terminal_growth_basis,"{""equity"": {""binding_constraint"": ""raw"", ""ceiling"": 0.035, ""ceiling_source"": ""risk_free_rate"", ""discount_buffer"": 0.01, ""discount_cap"": 0.085, ""discount_rate"": 0.095, ""floor"": 0.0, ""path"": ""equity"", ""payout"": 1.0313750980392158, ""payout_source"": ""historical_dividends_to_net_income"", ""raw_growth"": 0.03, ""retention"": 0.0, ""roe"": null, ""roe_source"": ""missing_roe"", ""source"": ""earnings_growth_proxy_missing_roe"", ""terminal_growth"": 0.03}, ""firm"": {""binding_constraint"": ""raw"", ""ceiling"": 0.035, ""ceiling_source"": ""risk_free_rate"", ""discount_buffer"": 0.01, ""discount_cap"": 0.05966493787455646, ""discount_rate"": 0.06966493787455647, ""floor"": 0.0, ""path"": ""firm"", ""raw_growth"": 0.0, ""reinvestment_rate"": 0.0, ""roic"": 0.03799687040793114, ""source"": ""reinvestment_times_roic"", ""tax_rate"": 0.35, ""terminal_growth"": 0.0}}",computed
ATH,Distribution,terminal_growth_ceiling_source,1.0,default
ATH,Distribution,terminal_growth_discount_buffer,0.01,default
ATH,Distribution,terminal_growth_equity,0.03,computed_from_fundamentals
ATH,Distribution,terminal_growth_firm,0.0,computed_from_fundamentals
ATH,Distribution,terminal_growth_floor,0.0,default
ATH,Distribution,use_balance_sheet_capital_weights,1.0,default
ATH,Distribution,wacc,0.06966493787455647,computed
ATL,Assurances,beta,0.8920097537041953,beta_history
ATL,Assurances,beta_min_observations,60.0,default
ATL,Assurances,beta_window_years,2.0,default
ATL,Assurances,beta_zero_return_threshold,0.3,default
ATL,Assurances,bs_balance_fail_bps,200.0,default
ATL,Assurances,bs_balance_warn_bps,50.0,default
ATL,Assurances,computed_debt_weight,0.0028887287008400675,computed
ATL,Assurances,computed_equity_weight,0.9971112712991599,computed
ATL,Assurances,cost_of_capital_build_up,"{""average_total_debt"": 23036000.0, ""base_cost_of_debt"": 0.055, ""base_equity_risk_premium"": 0.06, ""beta"": 0.8920097537041953, ""beta_as_of"": ""2026-06-01"", ""beta_frequency"": ""weekly"", ""beta_liquidity_flag"": false, ""beta_lookup_as_of"": ""latest"", ""beta_method"": ""ols"", ""beta_n_obs"": 104, ""beta_r2"": 0.24296371131679384, ""beta_source"": ""beta_history"", ""beta_window_years"": 2.0, ""beta_zero_week_frac"": 0.0673076923076923, ""cost_of_debt"": 0.055, ""cost_of_debt_ceiling"": 0.085, ""cost_of_debt_floor"": 0.04, ""cost_of_debt_pre_scenario"": 0.055, ""cost_of_debt_source"": ""registry_default_financial_sector"", ""cost_of_debt_unclamped"": 0.055, ""cost_of_equity"": 0.095, ""cost_of_equity_floor"": 0.095, ""cost_of_equity_floor_bound"": true, ""cost_of_equity_unfloored"": 0.08852058522225173, ""country_risk_premium"": 0.0, ""debt_weight"": 0.0028887287008400675, ""effective_cost_of_debt"": 0.055, ""effective_equity_risk_premium"": 0.06, ""equity_weight"": 0.9971112712991599, ""interest_coverage"": null, ""interest_expense"": null, ""kd_effective"": null, ""kd_synthetic"": null, ""macro_config"": {""country_risk_mode"": ""auto"", ""country_risk_premium"": 0.0, ""country_risk_source"": ""auto:masi_embedded"", ""equity_risk_premium"": 0.06, ""erp_index_asset_class"": ""index"", ""erp_index_symbol"": ""MASI"", ""erp_lookback_years"": 10.0, ""erp_mean_method"": ""geometric"", ""erp_mode"": ""manual"", ""erp_source"": ""manual"", ""expected_index_return"": null, ""risk_free_mode"": ""tenor"", ""risk_free_rate"": 0.035, ""risk_free_source"": ""treasury_curve:10Y"", ""scope_key"": ""GLOBAL"", ""source"": ""structural_default"", ""treasury_curve"": {""10Y"": 0.035, ""1Y"": 0.03, ""5Y"": 0.033}, ""treasury_tenor"": ""10Y"", ""version_label"": ""base"", ""warnings"": []}, ""market_cap"": 7951406180.5, ""market_proxy"": ""MASI"", ""scenario_cost_of_debt_addon"": 0.0, ""scenario_erp_addon"": 0.0, ""synthetic_bucket"": null, ""synthetic_spread"": null, ""tax_rate"": 0.35, ""total_debt"": 23036000.0, ""wacc"": 0.09482884282447522, ""weight_source"": ""market_cap_plus_debt""}",computed
ATL,Assurances,cost_of_debt,0.055,computed
ATL,Assurances,cost_of_equity,0.095,computed
ATL,Assurances,cost_of_equity_floor,0.095,scenario
ATL,Assurances,country_risk_premium,0.0,macro_config
ATL,Assurances,currency,MAD,scenario
ATL,Assurances,default_debt_weight,0.3,default
ATL,Assurances,default_equity_weight,0.7,default
ATL,Assurances,equity_risk_premium,0.06,macro_config
ATL,Assurances,fade_years,5.0,default
ATL,Assurances,forecast_years,5.0,default
ATL,Assurances,justified_multiple_ratio_mask,3.0,default
ATL,Assurances,mid_year_discounting,1.0,default
ATL,Assurances,mid_year_terminal,0.0,default
ATL,Assurances,peer_min_count,3.0,default
ATL,Assurances,proxy_weight_cap,0.25,default
ATL,Assurances,relative_multiple_ratio_mask,15.0,default
ATL,Assurances,risk_free_rate,0.035,macro_config
ATL,Assurances,scenario_cost_of_debt_addon,0.0,default
ATL,Assurances,scenario_erp_addon,0.0,default
ATL,Assurances,scenario_probabilities,"{""base"": 0.55, ""bear"": 0.25, ""bull"": 0.2}",
ATL,Assurances,scenario_probability_base,0.55,default
ATL,Assurances,scenario_probability_bear,0.25,default
ATL,Assurances,scenario_probability_bull,0.2,default
ATL,Assurances,sensitivity_terminal_growth_step,0.005,default
ATL,Assurances,sensitivity_wacc_step,0.005,default
ATL,Assurances,stable_payout_ratio,0.55,default
ATL,Assurances,tax_rate,0.35,default
ATL,Assurances,terminal_growth,0.025,default
ATL,Assurances,terminal_growth_basis,"{""equity"": {""binding_constraint"": ""raw"", ""ceiling"": 0.035, ""ceiling_source"": ""risk_free_rate"", ""discount_buffer"": 0.01, ""discount_cap"": 0.085, ""discount_rate"": 0.095, ""floor"": 0.0, ""path"": ""equity"", ""payout"": 0.7575089785103929, ""payout_source"": ""historical_dividends_to_net_income"", ""raw_growth"": 0.03, ""retention"": 0.2424910214896071, ""roe"": null, ""roe_source"": ""missing_roe"", ""source"": ""earnings_growth_proxy_missing_roe"", ""terminal_growth"": 0.03}, ""firm"": {""path"": ""firm"", ""source"": ""not_used_for_financials"", ""terminal_growth"": 0.025}}",computed
ATL,Assurances,terminal_growth_ceiling_source,1.0,default
ATL,Assurances,terminal_growth_discount_buffer,0.01,default
ATL,Assurances,terminal_growth_equity,0.03,computed_from_fundamentals
ATL,Assurances,terminal_growth_firm,0.025,computed_from_fundamentals
ATL,Assurances,terminal_growth_floor,0.0,default
ATL,Assurances,use_balance_sheet_capital_weights,1.0,default
ATL,Assurances,wacc,0.09482884282447522,computed
ATW,Banques,beta,1.0065534480234786,beta_history
ATW,Banques,beta_min_observations,60.0,default
ATW,Banques,beta_window_years,2.0,default
ATW,Banques,beta_zero_return_threshold,0.3,default
ATW,Banques,bs_balance_fail_bps,200.0,default
ATW,Banques,bs_balance_warn_bps,50.0,default
ATW,Banques,computed_debt_weight,0.19488622323827035,computed
ATW,Banques,computed_equity_weight,0.8051137767617297,computed
ATW,Banques,cost_of_capital_build_up,"{""average_total_debt"": 35855079000.0, ""base_cost_of_debt"": 0.055, ""base_equity_risk_premium"": 0.06, ""beta"": 1.0065534480234786, ""beta_as_of"": ""2026-06-01"", ""beta_frequency"": ""weekly"", ""beta_liquidity_flag"": false, ""beta_lookup_as_of"": ""latest"", ""beta_method"": ""ols"", ""beta_n_obs"": 104, ""beta_r2"": 0.7235251316009421, ""beta_source"": ""beta_history"", ""beta_window_years"": 2.0, ""beta_zero_week_frac"": 0.057692307692307696, ""cost_of_debt"": 0.055, ""cost_of_debt_ceiling"": 0.085, ""cost_of_debt_floor"": 0.04, ""cost_of_debt_pre_scenario"": 0.055, ""cost_of_debt_source"": ""registry_default_financial_sector"", ""cost_of_debt_unclamped"": 0.055, ""cost_of_equity"": 0.09539320688140872, ""cost_of_equity_floor"": 0.095, ""cost_of_equity_floor_bound"": false, ""cost_of_equity_unfloored"": 0.09539320688140872, ""country_risk_premium"": 0.0, ""debt_weight"": 0.19488622323827035, ""effective_cost_of_debt"": 0.055, ""effective_equity_risk_premium"": 0.06, ""equity_weight"": 0.8051137767617297, ""interest_coverage"": null, ""interest_expense"": null, ""kd_effective"": null, ""kd_synthetic"": null, ""macro_config"": {""country_risk_mode"": ""auto"", ""country_risk_premium"": 0.0, ""country_risk_source"": ""auto:masi_embedded"", ""equity_risk_premium"": 0.06, ""erp_index_asset_class"": ""index"", ""erp_index_symbol"": ""MASI"", ""erp_lookback_years"": 10.0, ""erp_mean_method"": ""geometric"", ""erp_mode"": ""manual"", ""erp_source"": ""manual"", ""expected_index_return"": null, ""risk_free_mode"": ""tenor"", ""risk_free_rate"": 0.035, ""risk_free_source"": ""treasury_curve:10Y"", ""scope_key"": ""GLOBAL"", ""source"": ""structural_default"", ""treasury_curve"": {""10Y"": 0.035, ""1Y"": 0.03, ""5Y"": 0.033}, ""treasury_tenor"": ""10Y"", ""version_label"": ""base"", ""warnings"": []}, ""market_cap"": 148124467651.5, ""market_proxy"": ""MASI"", ""scenario_cost_of_debt_addon"": 0.0, ""scenario_erp_addon"": 0.0, ""synthetic_bucket"": null, ""synthetic_spread"": null, ""tax_rate"": 0.35, ""total_debt"": 35855079000.0, ""wacc"": 0.08376956755047216, ""weight_source"": ""market_cap_plus_debt""}",computed
ATW,Banques,cost_of_debt,0.055,computed
ATW,Banques,cost_of_equity,0.09539320688140872,computed
ATW,Banques,cost_of_equity_floor,0.095,scenario
ATW,Banques,country_risk_premium,0.0,macro_config
ATW,Banques,currency,MAD,scenario
ATW,Banques,default_debt_weight,0.3,default
ATW,Banques,default_equity_weight,0.7,default
ATW,Banques,equity_risk_premium,0.06,macro_config
ATW,Banques,fade_years,5.0,default
ATW,Banques,forecast_years,5.0,default
ATW,Banques,justified_multiple_ratio_mask,3.0,default
ATW,Banques,mid_year_discounting,1.0,default
ATW,Banques,mid_year_terminal,0.0,default
ATW,Banques,peer_min_count,3.0,default
ATW,Banques,proxy_weight_cap,0.25,default
ATW,Banques,relative_multiple_ratio_mask,15.0,default
ATW,Banques,risk_free_rate,0.035,macro_config
ATW,Banques,scenario_cost_of_debt_addon,0.0,default
ATW,Banques,scenario_erp_addon,0.0,default
ATW,Banques,scenario_probabilities,"{""base"": 0.55, ""bear"": 0.25, ""bull"": 0.2}",
ATW,Banques,scenario_probability_base,0.55,default
ATW,Banques,scenario_probability_bear,0.25,default
ATW,Banques,scenario_probability_bull,0.2,default
ATW,Banques,sensitivity_terminal_growth_step,0.005,default
ATW,Banques,sensitivity_wacc_step,0.005,default
ATW,Banques,stable_payout_ratio,0.55,default
ATW,Banques,tax_rate,0.35,default
ATW,Banques,terminal_growth,0.025,default
ATW,Banques,terminal_growth_basis,"{""equity"": {""binding_constraint"": ""raw"", ""ceiling"": 0.035, ""ceiling_source"": ""risk_free_rate"", ""discount_buffer"": 0.01, ""discount_cap"": 0.08539320688140872, ""discount_rate"": 0.09539320688140872, ""floor"": 0.0, ""path"": ""equity"", ""payout"": 0.49349258728656364, ""payout_source"": ""historical_dividends_to_net_income"", ""raw_growth"": 0.03, ""retention"": 0.5065074127134364, ""roe"": null, ""roe_source"": ""missing_roe"", ""source"": ""earnings_growth_proxy_missing_roe"", ""terminal_growth"": 0.03}, ""firm"": {""path"": ""firm"", ""source"": ""not_used_for_financials"", ""terminal_growth"": 0.025}}",computed
ATW,Banques,terminal_growth_ceiling_source,1.0,default
ATW,Banques,terminal_growth_discount_buffer,0.01,default
ATW,Banques,terminal_growth_equity,0.03,computed_from_fundamentals
ATW,Banques,terminal_growth_firm,0.025,computed_from_fundamentals
ATW,Banques,terminal_growth_floor,0.0,default
ATW,Banques,use_balance_sheet_capital_weights,1.0,default
ATW,Banques,wacc,0.08376956755047216,computed
BAL,Immobilier,beta,0.27991957353947566,beta_history
BAL,Immobilier,beta_min_observations,60.0,default
BAL,Immobilier,beta_window_years,2.0,default
BAL,Immobilier,beta_zero_return_threshold,0.3,default
BAL,Immobilier,bs_balance_fail_bps,200.0,default
BAL,Immobilier,bs_balance_warn_bps,50.0,default
BAL,Immobilier,computed_debt_weight,0.07066784826691999,computed
BAL,Immobilier,computed_equity_weight,0.92933215173308,computed
BAL,Immobilier,cost_of_capital_build_up,"{""average_total_debt"": 30488521.0, ""base_cost_of_debt"": 0.055, ""base_equity_risk_premium"": 0.06, ""beta"": 0.27991957353947566, ""beta_as_of"": ""2026-05-11"", ""beta_frequency"": ""weekly"", ""beta_liquidity_flag"": false, ""beta_lookup_as_of"": ""latest"", ""beta_method"": ""ols"", ""beta_n_obs"": 104, ""beta_r2"": 0.012650582563478174, ""beta_source"": ""beta_history"", ""beta_window_years"": 2.0, ""beta_zero_week_frac"": 0.27884615384615385, ""cost_of_debt"": 0.045000000000000005, ""cost_of_debt_ceiling"": 0.085, ""cost_of_debt_floor"": 0.04, ""cost_of_debt_pre_scenario"": 0.045000000000000005, ""cost_of_debt_source"": ""synthetic_interest_coverage_spread"", ""cost_of_debt_unclamped"": 0.045000000000000005, ""cost_of_equity"": 0.095, ""cost_of_equity_floor"": 0.095, ""cost_of_equity_floor_bound"": true, ""cost_of_equity_unfloored"": 0.05179517441236854, ""country_risk_premium"": 0.0, ""debt_weight"": 0.07066784826691999, ""effective_cost_of_debt"": 0.045000000000000005, ""effective_equity_risk_premium"": 0.06, ""equity_weight"": 0.92933215173308, ""interest_coverage"": 178.97954727222077, ""interest_expense"": 111281.0, ""kd_effective"": 0.0036499310674991416, ""kd_synthetic"": 0.045000000000000005, ""macro_config"": {""country_risk_mode"": ""auto"", ""country_risk_premium"": 0.0, ""country_risk_source"": ""auto:masi_embedded"", ""equity_risk_premium"": 0.06, ""erp_index_asset_class"": ""index"", ""erp_index_symbol"": ""MASI"", ""erp_lookback_years"": 10.0, ""erp_mean_method"": ""geometric"", ""erp_mode"": ""manual"", ""erp_source"": ""manual"", ""expected_index_return"": null, ""risk_free_mode"": ""tenor"", ""risk_free_rate"": 0.035, ""risk_free_source"": ""treasury_curve:10Y"", ""scope_key"": ""GLOBAL"", ""source"": ""structural_default"", ""treasury_curve"": {""10Y"": 0.035, ""1Y"": 0.03, ""5Y"": 0.033}, ""treasury_tenor"": ""10Y"", ""version_label"": ""base"", ""warnings"": []}, ""market_cap"": 400945600.0, ""market_proxy"": ""MASI"", ""scenario_cost_of_debt_addon"": 0.0, ""scenario_erp_addon"": 0.0, ""synthetic_bucket"": ""AA"", ""synthetic_spread"": 0.01, ""tax_rate"": 0.35, ""total_debt"": 30488521.0, ""wacc"": 0.09035358897645002, ""weight_source"": ""market_cap_plus_debt""}",computed
BAL,Immobilier,cost_of_debt,0.045000000000000005,computed
BAL,Immobilier,cost_of_equity,0.095,computed
BAL,Immobilier,cost_of_equity_floor,0.095,scenario
BAL,Immobilier,country_risk_premium,0.0,macro_config
BAL,Immobilier,currency,MAD,scenario
BAL,Immobilier,default_debt_weight,0.3,default
BAL,Immobilier,default_equity_weight,0.7,default
BAL,Immobilier,equity_risk_premium,0.06,macro_config
BAL,Immobilier,fade_years,5.0,default
BAL,Immobilier,forecast_years,5.0,default
BAL,Immobilier,justified_multiple_ratio_mask,3.0,default
BAL,Immobilier,mid_year_discounting,1.0,default
BAL,Immobilier,mid_year_terminal,0.0,default
BAL,Immobilier,peer_min_count,3.0,default
BAL,Immobilier,proxy_weight_cap,0.25,default
BAL,Immobilier,relative_multiple_ratio_mask,15.0,default
BAL,Immobilier,risk_free_rate,0.035,macro_config
BAL,Immobilier,scenario_cost_of_debt_addon,0.0,default
BAL,Immobilier,scenario_erp_addon,0.0,default
BAL,Immobilier,scenario_probabilities,"{""base"": 0.55, ""bear"": 0.25, ""bull"": 0.2}",
BAL,Immobilier,scenario_probability_base,0.55,default
BAL,Immobilier,scenario_probability_bear,0.25,default
BAL,Immobilier,scenario_probability_bull,0.2,default
BAL,Immobilier,sensitivity_terminal_growth_step,0.005,default
BAL,Immobilier,sensitivity_wacc_step,0.005,default
BAL,Immobilier,stable_payout_ratio,0.55,default
BAL,Immobilier,tax_rate,0.35,default
BAL,Immobilier,terminal_growth,0.025,default
BAL,Immobilier,terminal_growth_basis,"{""equity"": {""binding_constraint"": ""raw"", ""ceiling"": 0.035, ""ceiling_source"": ""risk_free_rate"", ""discount_buffer"": 0.01, ""discount_cap"": 0.085, ""discount_rate"": 0.095, ""floor"": 0.0, ""path"": ""equity"", ""payout"": 0.47171533710471186, ""payout_source"": ""historical_dividends_to_net_income"", ""raw_growth"": 0.03, ""retention"": 0.5282846628952882, ""roe"": null, ""roe_source"": ""missing_roe"", ""source"": ""earnings_growth_proxy_missing_roe"", ""terminal_growth"": 0.03}, ""firm"": {""binding_constraint"": ""raw"", ""ceiling"": 0.035, ""ceiling_source"": ""risk_free_rate"", ""discount_buffer"": 0.01, ""discount_cap"": 0.08035358897645002, ""discount_rate"": 0.09035358897645002, ""floor"": 0.0, ""path"": ""firm"", ""raw_growth"": 0.034060812685947524, ""reinvestment_rate"": 0.5, ""roic"": 0.06812162537189505, ""source"": ""reinvestment_times_roic"", ""tax_rate"": 0.35, ""terminal_growth"": 0.034060812685947524}}",computed
BAL,Immobilier,terminal_growth_ceiling_source,1.0,default
BAL,Immobilier,terminal_growth_discount_buffer,0.01,default
BAL,Immobilier,terminal_growth_equity,0.03,computed_from_fundamentals
BAL,Immobilier,terminal_growth_firm,0.034060812685947524,computed_from_fundamentals
BAL,Immobilier,terminal_growth_floor,0.0,default
BAL,Immobilier,use_balance_sheet_capital_weights,1.0,default
BAL,Immobilier,wacc,0.09035358897645002,computed
BCI,Banques,beta,0.9540886943322269,beta_history
BCI,Banques,beta_min_observations,60.0,default
BCI,Banques,beta_window_years,2.0,default
BCI,Banques,beta_zero_return_threshold,0.3,default
BCI,Banques,bs_balance_fail_bps,200.0,default
BCI,Banques,bs_balance_warn_bps,50.0,default
BCI,Banques,computed_debt_weight,0.5027619494162278,computed
BCI,Banques,computed_equity_weight,0.4972380505837722,computed
BCI,Banques,cost_of_capital_build_up,"{""average_total_debt"": 7613000000.0, ""base_cost_of_debt"": 0.055, ""base_equity_risk_premium"": 0.06, ""beta"": 0.9540886943322269, ""beta_as_of"": ""2026-06-01"", ""beta_frequency"": ""weekly"", ""beta_liquidity_flag"": false, ""beta_lookup_as_of"": ""latest"", ""beta_method"": ""ols"", ""beta_n_obs"": 104, ""beta_r2"": 0.20776033595198717, ""beta_source"": ""beta_history"", ""beta_window_years"": 2.0, ""beta_zero_week_frac"": 0.0673076923076923, ""cost_of_debt"": 0.055, ""cost_of_debt_ceiling"": 0.085, ""cost_of_debt_floor"": 0.04, ""cost_of_debt_pre_scenario"": 0.055, ""cost_of_debt_source"": ""registry_default_financial_sector"", ""cost_of_debt_unclamped"": 0.055, ""cost_of_equity"": 0.095, ""cost_of_equity_floor"": 0.095, ""cost_of_equity_floor_bound"": true, ""cost_of_equity_unfloored"": 0.09224532165993361, ""country_risk_premium"": 0.0, ""debt_weight"": 0.5027619494162278, ""effective_cost_of_debt"": 0.055, ""effective_equity_risk_premium"": 0.06, ""equity_weight"": 0.4972380505837722, ""interest_coverage"": null, ""interest_expense"": null, ""kd_effective"": null, ""kd_synthetic"": null, ""macro_config"": {""country_risk_mode"": ""auto"", ""country_risk_premium"": 0.0, ""country_risk_source"": ""auto:masi_embedded"", ""equity_risk_premium"": 0.06, ""erp_index_asset_class"": ""index"", ""erp_index_symbol"": ""MASI"", ""erp_lookback_years"": 10.0, ""erp_mean_method"": ""geometric"", ""erp_mode"": ""manual"", ""erp_source"": ""manual"", ""expected_index_return"": null, ""risk_free_mode"": ""tenor"", ""risk_free_rate"": 0.035, ""risk_free_source"": ""treasury_curve:10Y"", ""scope_key"": ""GLOBAL"", ""source"": ""structural_default"", ""treasury_curve"": {""10Y"": 0.035, ""1Y"": 0.03, ""5Y"": 0.033}, ""treasury_tenor"": ""10Y"", ""version_label"": ""base"", ""warnings"": []}, ""market_cap"": 7529355162.0, ""market_proxy"": ""MASI"", ""scenario_cost_of_debt_addon"": 0.0, ""scenario_erp_addon"": 0.0, ""synthetic_bucket"": null, ""synthetic_spread"": null, ""tax_rate"": 0.35, ""total_debt"": 7613000000.0, ""wacc"": 0.06521135449708851, ""weight_source"": ""market_cap_plus_debt""}",computed
BCI,Banques,cost_of_debt,0.055,computed
BCI,Banques,cost_of_equity,0.095,computed
BCI,Banques,cost_of_equity_floor,0.095,scenario
BCI,Banques,country_risk_premium,0.0,macro_config
BCI,Banques,currency,MAD,scenario
BCI,Banques,default_debt_weight,0.3,default
BCI,Banques,default_equity_weight,0.7,default
BCI,Banques,equity_risk_premium,0.06,macro_config
BCI,Banques,fade_years,5.0,default
BCI,Banques,forecast_years,5.0,default
BCI,Banques,justified_multiple_ratio_mask,3.0,default
BCI,Banques,mid_year_discounting,1.0,default
BCI,Banques,mid_year_terminal,0.0,default
BCI,Banques,peer_min_count,3.0,default
BCI,Banques,proxy_weight_cap,0.25,default
BCI,Banques,relative_multiple_ratio_mask,15.0,default
BCI,Banques,risk_free_rate,0.035,macro_config
BCI,Banques,scenario_cost_of_debt_addon,0.0,default
BCI,Banques,scenario_erp_addon,0.0,default
BCI,Banques,scenario_probabilities,"{""base"": 0.55, ""bear"": 0.25, ""bull"": 0.2}",
BCI,Banques,scenario_probability_base,0.55,default
BCI,Banques,scenario_probability_bear,0.25,default
BCI,Banques,scenario_probability_bull,0.2,default
BCI,Banques,sensitivity_terminal_growth_step,0.005,default
BCI,Banques,sensitivity_wacc_step,0.005,default
BCI,Banques,stable_payout_ratio,0.55,default
BCI,Banques,tax_rate,0.35,default
BCI,Banques,terminal_growth,0.025,default
BCI,Banques,terminal_growth_basis,"{""equity"": {""binding_constraint"": ""raw"", ""ceiling"": 0.035, ""ceiling_source"": ""risk_free_rate"", ""discount_buffer"": 0.01, ""discount_cap"": 0.085, ""discount_rate"": 0.095, ""floor"": 0.0, ""path"": ""equity"", ""payout"": 1.0588913272998959, ""payout_source"": ""historical_dividends_to_net_income"", ""raw_growth"": 0.0, ""retention"": 0.0, ""roe"": 0.04177488047194286, ""roe_source"": ""historical_roe"", ""source"": ""retention_times_roe"", ""terminal_growth"": 0.0}, ""firm"": {""path"": ""firm"", ""source"": ""not_used_for_financials"", ""terminal_growth"": 0.025}}",computed
BCI,Banques,terminal_growth_ceiling_source,1.0,default
BCI,Banques,terminal_growth_discount_buffer,0.01,default
BCI,Banques,terminal_growth_equity,0.0,computed_from_fundamentals
BCI,Banques,terminal_growth_firm,0.025,computed_from_fundamentals
BCI,Banques,terminal_growth_floor,0.0,default
BCI,Banques,use_balance_sheet_capital_weights,1.0,default
BCI,Banques,wacc,0.06521135449708851,computed
BCP,Banques,beta,0.7626295797520541,beta_history
BCP,Banques,beta_min_observations,60.0,default
BCP,Banques,beta_window_years,2.0,default
BCP,Banques,beta_zero_return_threshold,0.3,default
BCP,Banques,bs_balance_fail_bps,200.0,default
BCP,Banques,bs_balance_warn_bps,50.0,default
BCP,Banques,computed_debt_weight,0.5760799649700623,computed
BCP,Banques,computed_equity_weight,0.42392003502993775,computed
BCP,Banques,cost_of_capital_build_up,"{""average_total_debt"": 64927804000.0, ""base_cost_of_debt"": 0.055, ""base_equity_risk_premium"": 0.06, ""beta"": 0.7626295797520541, ""beta_as_of"": ""2026-06-01"", ""beta_frequency"": ""weekly"", ""beta_liquidity_flag"": false, ""beta_lookup_as_of"": ""latest"", ""beta_method"": ""ols"", ""beta_n_obs"": 104, ""beta_r2"": 0.33757842686661776, ""beta_source"": ""beta_history"", ""beta_window_years"": 2.0, ""beta_zero_week_frac"": 0.04807692307692308, ""cost_of_debt"": 0.055, ""cost_of_debt_ceiling"": 0.085, ""cost_of_debt_floor"": 0.04, ""cost_of_debt_pre_scenario"": 0.055, ""cost_of_debt_source"": ""registry_default_financial_sector"", ""cost_of_debt_unclamped"": 0.055, ""cost_of_equity"": 0.095, ""cost_of_equity_floor"": 0.095, ""cost_of_equity_floor_bound"": true, ""cost_of_equity_unfloored"": 0.08075777478512325, ""country_risk_premium"": 0.0, ""debt_weight"": 0.5760799649700623, ""effective_cost_of_debt"": 0.055, ""effective_equity_risk_premium"": 0.06, ""equity_weight"": 0.42392003502993775, ""interest_coverage"": null, ""interest_expense"": null, ""kd_effective"": null, ""kd_synthetic"": null, ""macro_config"": {""country_risk_mode"": ""auto"", ""country_risk_premium"": 0.0, ""country_risk_source"": ""auto:masi_embedded"", ""equity_risk_premium"": 0.06, ""erp_index_asset_class"": ""index"", ""erp_index_symbol"": ""MASI"", ""erp_lookback_years"": 10.0, ""erp_mean_method"": ""geometric"", ""erp_mode"": ""manual"", ""erp_source"": ""manual"", ""expected_index_return"": null, ""risk_free_mode"": ""tenor"", ""risk_free_rate"": 0.035, ""risk_free_source"": ""treasury_curve:10Y"", ""scope_key"": ""GLOBAL"", ""source"": ""structural_default"", ""treasury_curve"": {""10Y"": 0.035, ""1Y"": 0.03, ""5Y"": 0.033}, ""treasury_tenor"": ""10Y"", ""version_label"": ""base"", ""warnings"": []}, ""market_cap"": 47778431155.0, ""market_proxy"": ""MASI"", ""scenario_cost_of_debt_addon"": 0.0, ""scenario_erp_addon"": 0.0, ""synthetic_bucket"": null, ""synthetic_spread"": null, ""tax_rate"": 0.35, ""total_debt"": 64927804000.0, ""wacc"": 0.060867262075523815, ""weight_source"": ""market_cap_plus_debt""}",computed
BCP,Banques,cost_of_debt,0.055,computed
BCP,Banques,cost_of_equity,0.095,computed
BCP,Banques,cost_of_equity_floor,0.095,scenario
BCP,Banques,country_risk_premium,0.0,macro_config
BCP,Banques,currency,MAD,scenario
BCP,Banques,default_debt_weight,0.3,default
BCP,Banques,default_equity_weight,0.7,default
BCP,Banques,equity_risk_premium,0.06,macro_config
BCP,Banques,fade_years,5.0,default
BCP,Banques,forecast_years,5.0,default
BCP,Banques,justified_multiple_ratio_mask,3.0,default
BCP,Banques,mid_year_discounting,1.0,default
BCP,Banques,mid_year_terminal,0.0,default
BCP,Banques,peer_min_count,3.0,default
BCP,Banques,proxy_weight_cap,0.25,default
BCP,Banques,relative_multiple_ratio_mask,15.0,default
BCP,Banques,risk_free_rate,0.035,macro_config
BCP,Banques,scenario_cost_of_debt_addon,0.0,default
BCP,Banques,scenario_erp_addon,0.0,default
BCP,Banques,scenario_probabilities,"{""base"": 0.55, ""bear"": 0.25, ""bull"": 0.2}",
BCP,Banques,scenario_probability_base,0.55,default
BCP,Banques,scenario_probability_bear,0.25,default
BCP,Banques,scenario_probability_bull,0.2,default
BCP,Banques,sensitivity_terminal_growth_step,0.005,default
BCP,Banques,sensitivity_wacc_step,0.005,default
BCP,Banques,stable_payout_ratio,0.55,default
BCP,Banques,tax_rate,0.35,default
BCP,Banques,terminal_growth,0.025,default
BCP,Banques,terminal_growth_basis,"{""equity"": {""binding_constraint"": ""raw"", ""ceiling"": 0.035, ""ceiling_source"": ""risk_free_rate"", ""discount_buffer"": 0.01, ""discount_cap"": 0.085, ""discount_rate"": 0.095, ""floor"": 0.0, ""path"": ""equity"", ""payout"": 0.5252727606337538, ""payout_source"": ""historical_dividends_to_net_income"", ""raw_growth"": 0.03, ""retention"": 0.47472723936624617, ""roe"": null, ""roe_source"": ""missing_roe"", ""source"": ""earnings_growth_proxy_missing_roe"", ""terminal_growth"": 0.03}, ""firm"": {""path"": ""firm"", ""source"": ""not_used_for_financials"", ""terminal_growth"": 0.025}}",computed
BCP,Banques,terminal_growth_ceiling_source,1.0,default
BCP,Banques,terminal_growth_discount_buffer,0.01,default
BCP,Banques,terminal_growth_equity,0.03,computed_from_fundamentals
BCP,Banques,terminal_growth_firm,0.025,computed_from_fundamentals
BCP,Banques,terminal_growth_floor,0.0,default
BCP,Banques,use_balance_sheet_capital_weights,1.0,default
BCP,Banques,wacc,0.060867262075523815,computed
BOA,Banques,beta,1.034296232448944,beta_history
BOA,Banques,beta_min_observations,60.0,default
BOA,Banques,beta_window_years,2.0,default
BOA,Banques,beta_zero_return_threshold,0.3,default
BOA,Banques,bs_balance_fail_bps,200.0,default
BOA,Banques,bs_balance_warn_bps,50.0,default
BOA,Banques,computed_debt_weight,0.2133864989210766,computed
BOA,Banques,computed_equity_weight,0.7866135010789234,computed
BOA,Banques,cost_of_capital_build_up,"{""average_total_debt"": 12100668000.0, ""base_cost_of_debt"": 0.055, ""base_equity_risk_premium"": 0.06, ""beta"": 1.034296232448944, ""beta_as_of"": ""2026-06-01"", ""beta_frequency"": ""weekly"", ""beta_liquidity_flag"": false, ""beta_lookup_as_of"": ""latest"", ""beta_method"": ""ols"", ""beta_n_obs"": 104, ""beta_r2"": 0.41109011599425727, ""beta_source"": ""beta_history"", ""beta_window_years"": 2.0, ""beta_zero_week_frac"": 0.038461538461538464, ""cost_of_debt"": 0.055, ""cost_of_debt_ceiling"": 0.085, ""cost_of_debt_floor"": 0.04, ""cost_of_debt_pre_scenario"": 0.055, ""cost_of_debt_source"": ""registry_default_financial_sector"", ""cost_of_debt_unclamped"": 0.055, ""cost_of_equity"": 0.09705777394693664, ""cost_of_equity_floor"": 0.095, ""cost_of_equity_floor_bound"": false, ""cost_of_equity_unfloored"": 0.09705777394693664, ""country_risk_premium"": 0.0, ""debt_weight"": 0.2133864989210766, ""effective_cost_of_debt"": 0.055, ""effective_equity_risk_premium"": 0.06, ""equity_weight"": 0.7866135010789234, ""interest_coverage"": null, ""interest_expense"": null, ""kd_effective"": null, ""kd_synthetic"": null, ""macro_config"": {""country_risk_mode"": ""auto"", ""country_risk_premium"": 0.0, ""country_risk_source"": ""auto:masi_embedded"", ""equity_risk_premium"": 0.06, ""erp_index_asset_class"": ""index"", ""erp_index_symbol"": ""MASI"", ""erp_lookback_years"": 10.0, ""erp_mean_method"": ""geometric"", ""erp_mode"": ""manual"", ""erp_source"": ""manual"", ""expected_index_return"": null, ""risk_free_mode"": ""tenor"", ""risk_free_rate"": 0.035, ""risk_free_source"": ""treasury_curve:10Y"", ""scope_key"": ""GLOBAL"", ""source"": ""structural_default"", ""treasury_curve"": {""10Y"": 0.035, ""1Y"": 0.03, ""5Y"": 0.033}, ""treasury_tenor"": ""10Y"", ""version_label"": ""base"", ""warnings"": []}, ""market_cap"": 44607080902.5, ""market_proxy"": ""MASI"", ""scenario_cost_of_debt_addon"": 0.0, ""scenario_erp_addon"": 0.0, ""synthetic_bucket"": null, ""synthetic_spread"": null, ""tax_rate"": 0.35, ""total_debt"": 12100668000.0, ""wacc"": 0.08397552270775503, ""weight_source"": ""market_cap_plus_debt""}",computed
BOA,Banques,cost_of_debt,0.055,computed
BOA,Banques,cost_of_equity,0.09705777394693664,computed
BOA,Banques,cost_of_equity_floor,0.095,scenario
BOA,Banques,country_risk_premium,0.0,macro_config
BOA,Banques,currency,MAD,scenario
BOA,Banques,default_debt_weight,0.3,default
BOA,Banques,default_equity_weight,0.7,default
BOA,Banques,equity_risk_premium,0.06,macro_config
BOA,Banques,fade_years,5.0,default
BOA,Banques,forecast_years,5.0,default
BOA,Banques,justified_multiple_ratio_mask,3.0,default
BOA,Banques,mid_year_discounting,1.0,default
BOA,Banques,mid_year_terminal,0.0,default
BOA,Banques,peer_min_count,3.0,default
BOA,Banques,proxy_weight_cap,0.25,default
BOA,Banques,relative_multiple_ratio_mask,15.0,default
BOA,Banques,risk_free_rate,0.035,macro_config
BOA,Banques,scenario_cost_of_debt_addon,0.0,default
BOA,Banques,scenario_erp_addon,0.0,default
BOA,Banques,scenario_probabilities,"{""base"": 0.55, ""bear"": 0.25, ""bull"": 0.2}",
BOA,Banques,scenario_probability_base,0.55,default
BOA,Banques,scenario_probability_bear,0.25,default
BOA,Banques,scenario_probability_bull,0.2,default
BOA,Banques,sensitivity_terminal_growth_step,0.005,default
BOA,Banques,sensitivity_wacc_step,0.005,default
BOA,Banques,stable_payout_ratio,0.55,default
BOA,Banques,tax_rate,0.35,default
BOA,Banques,terminal_growth,0.025,default
BOA,Banques,terminal_growth_basis,"{""equity"": {""binding_constraint"": ""raw"", ""ceiling"": 0.035, ""ceiling_source"": ""risk_free_rate"", ""discount_buffer"": 0.01, ""discount_cap"": 0.08705777394693665, ""discount_rate"": 0.09705777394693664, ""floor"": 0.0, ""path"": ""equity"", ""payout"": 0.46849968562605615, ""payout_source"": ""historical_dividends_to_net_income"", ""raw_growth"": 0.03, ""retention"": 0.5315003143739438, ""roe"": null, ""roe_source"": ""missing_roe"", ""source"": ""earnings_growth_proxy_missing_roe"", ""terminal_growth"": 0.03}, ""firm"": {""path"": ""firm"", ""source"": ""not_used_for_financials"", ""terminal_growth"": 0.025}}",computed
BOA,Banques,terminal_growth_ceiling_source,1.0,default
BOA,Banques,terminal_growth_discount_buffer,0.01,default
BOA,Banques,terminal_growth_equity,0.03,computed_from_fundamentals
BOA,Banques,terminal_growth_firm,0.025,computed_from_fundamentals
BOA,Banques,terminal_growth_floor,0.0,default
BOA,Banques,use_balance_sheet_capital_weights,1.0,default
BOA,Banques,wacc,0.08397552270775503,computed
CAP,Sociétés de financement,beta,0.9768658450892718,beta_history
CAP,Sociétés de financement,beta_min_observations,60.0,default
CAP,Sociétés de financement,beta_window_years,2.0,default
CAP,Sociétés de financement,beta_zero_return_threshold,0.3,default
CAP,Sociétés de financement,bs_balance_fail_bps,200.0,default
CAP,Sociétés de financement,bs_balance_warn_bps,50.0,default
CAP,Sociétés de financement,computed_debt_weight,4.077512598413095e-06,computed
CAP,Sociétés de financement,computed_equity_weight,0.9999959224874015,computed
CAP,Sociétés de financement,cost_of_capital_build_up,"{""average_total_debt"": 27632.0, ""base_cost_of_debt"": 0.055, ""base_equity_risk_premium"": 0.06, ""beta"": 0.9768658450892718, ""beta_as_of"": ""2026-06-01"", ""beta_frequency"": ""weekly"", ""beta_liquidity_flag"": true, ""beta_lookup_as_of"": ""latest"", ""beta_method"": ""dimson_blume"", ""beta_n_obs"": 25, ""beta_r2"": 0.3245844278030847, ""beta_source"": ""beta_history"", ""beta_window_years"": 2.0, ""beta_zero_week_frac"": 0.15384615384615385, ""cost_of_debt"": 0.055, ""cost_of_debt_ceiling"": 0.085, ""cost_of_debt_floor"": 0.04, ""cost_of_debt_pre_scenario"": 0.055, ""cost_of_debt_source"": ""registry_default_financial_sector"", ""cost_of_debt_unclamped"": 0.055, ""cost_of_equity"": 0.095, ""cost_of_equity_floor"": 0.095, ""cost_of_equity_floor_bound"": true, ""cost_of_equity_unfloored"": 0.0936119507053563, ""country_risk_premium"": 0.0, ""debt_weight"": 4.077512598413095e-06, ""effective_cost_of_debt"": 0.055, ""effective_equity_risk_premium"": 0.06, ""equity_weight"": 0.9999959224874015, ""interest_coverage"": null, ""interest_expense"": null, ""kd_effective"": null, ""kd_synthetic"": null, ""macro_config"": {""country_risk_mode"": ""auto"", ""country_risk_premium"": 0.0, ""country_risk_source"": ""auto:masi_embedded"", ""equity_risk_premium"": 0.06, ""erp_index_asset_class"": ""index"", ""erp_index_symbol"": ""MASI"", ""erp_lookback_years"": 10.0, ""erp_mean_method"": ""geometric"", ""erp_mode"": ""manual"", ""erp_source"": ""manual"", ""expected_index_return"": null, ""risk_free_mode"": ""tenor"", ""risk_free_rate"": 0.035, ""risk_free_source"": ""treasury_curve:10Y"", ""scope_key"": ""GLOBAL"", ""source"": ""structural_default"", ""treasury_curve"": {""10Y"": 0.035, ""1Y"": 0.03, ""5Y"": 0.033}, ""treasury_tenor"": ""10Y"", ""version_label"": ""base"", ""warnings"": []}, ""market_cap"": 6776652840.0, ""market_proxy"": ""MASI"", ""scenario_cost_of_debt_addon"": 0.0, ""scenario_erp_addon"": 0.0, ""synthetic_bucket"": null, ""synthetic_spread"": null, ""tax_rate"": 0.35, ""total_debt"": 27632.0, ""wacc"": 0.09499975840737854, ""weight_source"": ""market_cap_plus_debt""}",computed
CAP,Sociétés de financement,cost_of_debt,0.055,computed
CAP,Sociétés de financement,cost_of_equity,0.095,computed
CAP,Sociétés de financement,cost_of_equity_floor,0.095,scenario
CAP,Sociétés de financement,country_risk_premium,0.0,macro_config
CAP,Sociétés de financement,currency,MAD,scenario
CAP,Sociétés de financement,default_debt_weight,0.3,default
CAP,Sociétés de financement,default_equity_weight,0.7,default
CAP,Sociétés de financement,equity_risk_premium,0.06,macro_config
CAP,Sociétés de financement,fade_years,5.0,default
CAP,Sociétés de financement,forecast_years,5.0,default
CAP,Sociétés de financement,justified_multiple_ratio_mask,3.0,default
CAP,Sociétés de financement,mid_year_discounting,1.0,default
CAP,Sociétés de financement,mid_year_terminal,0.0,default
CAP,Sociétés de financement,peer_min_count,3.0,default
CAP,Sociétés de financement,proxy_weight_cap,0.25,default
CAP,Sociétés de financement,relative_multiple_ratio_mask,15.0,default
CAP,Sociétés de financement,risk_free_rate,0.035,macro_config
CAP,Sociétés de financement,scenario_cost_of_debt_addon,0.0,default
CAP,Sociétés de financement,scenario_erp_addon,0.0,default
CAP,Sociétés de financement,scenario_probabilities,"{""base"": 0.55, ""bear"": 0.25, ""bull"": 0.2}",
CAP,Sociétés de financement,scenario_probability_base,0.55,default
CAP,Sociétés de financement,scenario_probability_bear,0.25,default
CAP,Sociétés de financement,scenario_probability_bull,0.2,default
CAP,Sociétés de financement,sensitivity_terminal_growth_step,0.005,default
CAP,Sociétés de financement,sensitivity_wacc_step,0.005,default
CAP,Sociétés de financement,stable_payout_ratio,0.55,default
CAP,Sociétés de financement,tax_rate,0.35,default
CAP,Sociétés de financement,terminal_growth,0.025,default
CAP,Sociétés de financement,terminal_growth_basis,"{""equity"": {""binding_constraint"": ""raw"", ""ceiling"": 0.035, ""ceiling_source"": ""risk_free_rate"", ""discount_buffer"": 0.01, ""discount_cap"": 0.085, ""discount_rate"": 0.095, ""floor"": 0.0, ""path"": ""equity"", ""payout"": 0.8921663327676772, ""payout_source"": ""historical_dividends_to_net_income"", ""raw_growth"": 0.03, ""retention"": 0.1078336672323228, ""roe"": null, ""roe_source"": ""missing_roe"", ""source"": ""earnings_growth_proxy_missing_roe"", ""terminal_growth"": 0.03}, ""firm"": {""path"": ""firm"", ""source"": ""not_used_for_financials"", ""terminal_growth"": 0.025}}",computed
CAP,Sociétés de financement,terminal_growth_ceiling_source,1.0,default
CAP,Sociétés de financement,terminal_growth_discount_buffer,0.01,default
CAP,Sociétés de financement,terminal_growth_equity,0.03,computed_from_fundamentals
CAP,Sociétés de financement,terminal_growth_firm,0.025,computed_from_fundamentals
CAP,Sociétés de financement,terminal_growth_floor,0.0,default
CAP,Sociétés de financement,use_balance_sheet_capital_weights,1.0,default
CAP,Sociétés de financement,wacc,0.09499975840737854,computed
CDM,Banques,beta,0.9938490180167366,beta_history
CDM,Banques,beta_min_observations,60.0,default
CDM,Banques,beta_window_years,2.0,default
CDM,Banques,beta_zero_return_threshold,0.3,default
CDM,Banques,bs_balance_fail_bps,200.0,default
CDM,Banques,bs_balance_warn_bps,50.0,default
CDM,Banques,computed_debt_weight,0.5003110079168449,computed
CDM,Banques,computed_equity_weight,0.49968899208315515,computed
CDM,Banques,cost_of_capital_build_up,"{""average_total_debt"": 10894759000.0, ""base_cost_of_debt"": 0.055, ""base_equity_risk_premium"": 0.06, ""beta"": 0.9938490180167366, ""beta_as_of"": ""2026-06-01"", ""beta_frequency"": ""weekly"", ""beta_liquidity_flag"": false, ""beta_lookup_as_of"": ""latest"", ""beta_method"": ""ols"", ""beta_n_obs"": 104, ""beta_r2"": 0.30517481006602576, ""beta_source"": ""beta_history"", ""beta_window_years"": 2.0, ""beta_zero_week_frac"": 0.10576923076923077, ""cost_of_debt"": 0.055, ""cost_of_debt_ceiling"": 0.085, ""cost_of_debt_floor"": 0.04, ""cost_of_debt_pre_scenario"": 0.055, ""cost_of_debt_source"": ""registry_default_financial_sector"", ""cost_of_debt_unclamped"": 0.055, ""cost_of_equity"": 0.095, ""cost_of_equity_floor"": 0.095, ""cost_of_equity_floor_bound"": true, ""cost_of_equity_unfloored"": 0.0946309410810042, ""country_risk_premium"": 0.0, ""debt_weight"": 0.5003110079168449, ""effective_cost_of_debt"": 0.055, ""effective_equity_risk_premium"": 0.06, ""equity_weight"": 0.49968899208315515, ""interest_coverage"": null, ""interest_expense"": null, ""kd_effective"": null, ""kd_synthetic"": null, ""macro_config"": {""country_risk_mode"": ""auto"", ""country_risk_premium"": 0.0, ""country_risk_source"": ""auto:masi_embedded"", ""equity_risk_premium"": 0.06, ""erp_index_asset_class"": ""index"", ""erp_index_symbol"": ""MASI"", ""erp_lookback_years"": 10.0, ""erp_mean_method"": ""geometric"", ""erp_mode"": ""manual"", ""erp_source"": ""manual"", ""expected_index_return"": null, ""risk_free_mode"": ""tenor"", ""risk_free_rate"": 0.035, ""risk_free_source"": ""treasury_curve:10Y"", ""scope_key"": ""GLOBAL"", ""source"": ""structural_default"", ""treasury_curve"": {""10Y"": 0.035, ""1Y"": 0.03, ""5Y"": 0.033}, ""treasury_tenor"": ""10Y"", ""version_label"": ""base"", ""warnings"": []}, ""market_cap"": 10881214000.0, ""market_proxy"": ""MASI"", ""scenario_cost_of_debt_addon"": 0.0, ""scenario_erp_addon"": 0.0, ""synthetic_bucket"": null, ""synthetic_spread"": null, ""tax_rate"": 0.35, ""total_debt"": 10894759000.0, ""wacc"": 0.06535657278092694, ""weight_source"": ""market_cap_plus_debt""}",computed
CDM,Banques,cost_of_debt,0.055,computed
CDM,Banques,cost_of_equity,0.095,computed
CDM,Banques,cost_of_equity_floor,0.095,scenario
CDM,Banques,country_risk_premium,0.0,macro_config
CDM,Banques,currency,MAD,scenario
CDM,Banques,default_debt_weight,0.3,default
CDM,Banques,default_equity_weight,0.7,default
CDM,Banques,equity_risk_premium,0.06,macro_config
CDM,Banques,fade_years,5.0,default
CDM,Banques,forecast_years,5.0,default
CDM,Banques,justified_multiple_ratio_mask,3.0,default
CDM,Banques,mid_year_discounting,1.0,default
CDM,Banques,mid_year_terminal,0.0,default
CDM,Banques,peer_min_count,3.0,default
CDM,Banques,proxy_weight_cap,0.25,default
CDM,Banques,relative_multiple_ratio_mask,15.0,default
CDM,Banques,risk_free_rate,0.035,macro_config
CDM,Banques,scenario_cost_of_debt_addon,0.0,default
CDM,Banques,scenario_erp_addon,0.0,default
CDM,Banques,scenario_probabilities,"{""base"": 0.55, ""bear"": 0.25, ""bull"": 0.2}",
CDM,Banques,scenario_probability_base,0.55,default
CDM,Banques,scenario_probability_bear,0.25,default
CDM,Banques,scenario_probability_bull,0.2,default
CDM,Banques,sensitivity_terminal_growth_step,0.005,default
CDM,Banques,sensitivity_wacc_step,0.005,default
CDM,Banques,stable_payout_ratio,0.55,default
CDM,Banques,tax_rate,0.35,default
CDM,Banques,terminal_growth,0.025,default
CDM,Banques,terminal_growth_basis,"{""equity"": {""binding_constraint"": ""raw"", ""ceiling"": 0.035, ""ceiling_source"": ""risk_free_rate"", ""discount_buffer"": 0.01, ""discount_cap"": 0.085, ""discount_rate"": 0.095, ""floor"": 0.0, ""path"": ""equity"", ""payout"": 0.5372221585495036, ""payout_source"": ""historical_dividends_to_net_income"", ""raw_growth"": 0.03, ""retention"": 0.4627778414504964, ""roe"": null, ""roe_source"": ""missing_roe"", ""source"": ""earnings_growth_proxy_missing_roe"", ""terminal_growth"": 0.03}, ""firm"": {""path"": ""firm"", ""source"": ""not_used_for_financials"", ""terminal_growth"": 0.025}}",computed
CDM,Banques,terminal_growth_ceiling_source,1.0,default
CDM,Banques,terminal_growth_discount_buffer,0.01,default
CDM,Banques,terminal_growth_equity,0.03,computed_from_fundamentals
CDM,Banques,terminal_growth_firm,0.025,computed_from_fundamentals
CDM,Banques,terminal_growth_floor,0.0,default
CDM,Banques,use_balance_sheet_capital_weights,1.0,default
CDM,Banques,wacc,0.06535657278092694,computed
CFG,Banques,beta,0.8880171958560109,beta_history
CFG,Banques,beta_min_observations,60.0,default
CFG,Banques,beta_window_years,2.0,default
CFG,Banques,beta_zero_return_threshold,0.3,default
CFG,Banques,bs_balance_fail_bps,200.0,default
CFG,Banques,bs_balance_warn_bps,50.0,default
CFG,Banques,computed_debt_weight,0.6686160296447659,computed
CFG,Banques,computed_equity_weight,0.33138397035523415,computed
CFG,Banques,cost_of_capital_build_up,"{""average_total_debt"": 14479913000.0, ""base_cost_of_debt"": 0.055, ""base_equity_risk_premium"": 0.06, ""beta"": 0.8880171958560109, ""beta_as_of"": ""2026-06-01"", ""beta_frequency"": ""weekly"", ""beta_liquidity_flag"": false, ""beta_lookup_as_of"": ""latest"", ""beta_method"": ""ols"", ""beta_n_obs"": 104, ""beta_r2"": 0.37933432663424327, ""beta_source"": ""beta_history"", ""beta_window_years"": 2.0, ""beta_zero_week_frac"": 0.08653846153846154, ""cost_of_debt"": 0.055, ""cost_of_debt_ceiling"": 0.085, ""cost_of_debt_floor"": 0.04, ""cost_of_debt_pre_scenario"": 0.055, ""cost_of_debt_source"": ""registry_default_financial_sector"", ""cost_of_debt_unclamped"": 0.055, ""cost_of_equity"": 0.095, ""cost_of_equity_floor"": 0.095, ""cost_of_equity_floor_bound"": true, ""cost_of_equity_unfloored"": 0.08828103175136065, ""country_risk_premium"": 0.0, ""debt_weight"": 0.6686160296447659, ""effective_cost_of_debt"": 0.055, ""effective_equity_risk_premium"": 0.06, ""equity_weight"": 0.33138397035523415, ""interest_coverage"": null, ""interest_expense"": null, ""kd_effective"": null, ""kd_synthetic"": null, ""macro_config"": {""country_risk_mode"": ""auto"", ""country_risk_premium"": 0.0, ""country_risk_source"": ""auto:masi_embedded"", ""equity_risk_premium"": 0.06, ""erp_index_asset_class"": ""index"", ""erp_index_symbol"": ""MASI"", ""erp_lookback_years"": 10.0, ""erp_mean_method"": ""geometric"", ""erp_mode"": ""manual"", ""erp_source"": ""manual"", ""expected_index_return"": null, ""risk_free_mode"": ""tenor"", ""risk_free_rate"": 0.035, ""risk_free_source"": ""treasury_curve:10Y"", ""scope_key"": ""GLOBAL"", ""source"": ""structural_default"", ""treasury_curve"": {""10Y"": 0.035, ""1Y"": 0.03, ""5Y"": 0.033}, ""treasury_tenor"": ""10Y"", ""version_label"": ""base"", ""warnings"": []}, ""market_cap"": 7176631800.0, ""market_proxy"": ""MASI"", ""scenario_cost_of_debt_addon"": 0.0, ""scenario_erp_addon"": 0.0, ""synthetic_bucket"": null, ""synthetic_spread"": null, ""tax_rate"": 0.35, ""total_debt"": 14479913000.0, ""wacc"": 0.05538450024354763, ""weight_source"": ""market_cap_plus_debt""}",computed
CFG,Banques,cost_of_debt,0.055,computed
CFG,Banques,cost_of_equity,0.095,computed
CFG,Banques,cost_of_equity_floor,0.095,scenario
CFG,Banques,country_risk_premium,0.0,macro_config
CFG,Banques,currency,MAD,scenario
CFG,Banques,default_debt_weight,0.3,default
CFG,Banques,default_equity_weight,0.7,default
CFG,Banques,equity_risk_premium,0.06,macro_config
CFG,Banques,fade_years,5.0,default
CFG,Banques,forecast_years,5.0,default
CFG,Banques,justified_multiple_ratio_mask,3.0,default
CFG,Banques,mid_year_discounting,1.0,default
CFG,Banques,mid_year_terminal,0.0,default
CFG,Banques,peer_min_count,3.0,default
CFG,Banques,proxy_weight_cap,0.25,default
CFG,Banques,relative_multiple_ratio_mask,15.0,default
CFG,Banques,risk_free_rate,0.035,macro_config
CFG,Banques,scenario_cost_of_debt_addon,0.0,default
CFG,Banques,scenario_erp_addon,0.0,default
CFG,Banques,scenario_probabilities,"{""base"": 0.55, ""bear"": 0.25, ""bull"": 0.2}",
CFG,Banques,scenario_probability_base,0.55,default
CFG,Banques,scenario_probability_bear,0.25,default
CFG,Banques,scenario_probability_bull,0.2,default
CFG,Banques,sensitivity_terminal_growth_step,0.005,default
CFG,Banques,sensitivity_wacc_step,0.005,default
CFG,Banques,stable_payout_ratio,0.55,default
CFG,Banques,tax_rate,0.35,default
CFG,Banques,terminal_growth,0.025,default
CFG,Banques,terminal_growth_basis,"{""equity"": {""binding_constraint"": ""raw"", ""ceiling"": 0.035, ""ceiling_source"": ""risk_free_rate"", ""discount_buffer"": 0.01, ""discount_cap"": 0.085, ""discount_rate"": 0.095, ""floor"": 0.0, ""path"": ""equity"", ""payout"": 0.27251170874834757, ""payout_source"": ""historical_dividends_to_net_income"", ""raw_growth"": 0.03, ""retention"": 0.7274882912516525, ""roe"": null, ""roe_source"": ""missing_roe"", ""source"": ""earnings_growth_proxy_missing_roe"", ""terminal_growth"": 0.03}, ""firm"": {""path"": ""firm"", ""source"": ""not_used_for_financials"", ""terminal_growth"": 0.025}}",computed
CFG,Banques,terminal_growth_ceiling_source,1.0,default
CFG,Banques,terminal_growth_discount_buffer,0.01,default
CFG,Banques,terminal_growth_equity,0.03,computed_from_fundamentals
CFG,Banques,terminal_growth_firm,0.025,computed_from_fundamentals
CFG,Banques,terminal_growth_floor,0.0,default
CFG,Banques,use_balance_sheet_capital_weights,1.0,default
CFG,Banques,wacc,0.05538450024354763,computed
CIH,Banques,beta,0.5943165414912923,beta_history
CIH,Banques,beta_min_observations,60.0,default
CIH,Banques,beta_window_years,2.0,default
CIH,Banques,beta_zero_return_threshold,0.3,default
CIH,Banques,bs_balance_fail_bps,200.0,default
CIH,Banques,bs_balance_warn_bps,50.0,default
CIH,Banques,computed_debt_weight,0.7713251592522675,computed
CIH,Banques,computed_equity_weight,0.22867484074773253,computed
CIH,Banques,cost_of_capital_build_up,"{""average_total_debt"": 42659000000.0, ""base_cost_of_debt"": 0.055, ""base_equity_risk_premium"": 0.06, ""beta"": 0.5943165414912923, ""beta_as_of"": ""2026-06-01"", ""beta_frequency"": ""weekly"", ""beta_liquidity_flag"": false, ""beta_lookup_as_of"": ""latest"", ""beta_method"": ""ols"", ""beta_n_obs"": 104, ""beta_r2"": 0.22613578109366084, ""beta_source"": ""beta_history"", ""beta_window_years"": 2.0, ""beta_zero_week_frac"": 0.057692307692307696, ""cost_of_debt"": 0.055, ""cost_of_debt_ceiling"": 0.085, ""cost_of_debt_floor"": 0.04, ""cost_of_debt_pre_scenario"": 0.055, ""cost_of_debt_source"": ""registry_default_financial_sector"", ""cost_of_debt_unclamped"": 0.055, ""cost_of_equity"": 0.095, ""cost_of_equity_floor"": 0.095, ""cost_of_equity_floor_bound"": true, ""cost_of_equity_unfloored"": 0.07065899248947755, ""country_risk_premium"": 0.0, ""debt_weight"": 0.7713251592522675, ""effective_cost_of_debt"": 0.055, ""effective_equity_risk_premium"": 0.06, ""equity_weight"": 0.22867484074773253, ""interest_coverage"": null, ""interest_expense"": null, ""kd_effective"": null, ""kd_synthetic"": null, ""macro_config"": {""country_risk_mode"": ""auto"", ""country_risk_premium"": 0.0, ""country_risk_source"": ""auto:masi_embedded"", ""equity_risk_premium"": 0.06, ""erp_index_asset_class"": ""index"", ""erp_index_symbol"": ""MASI"", ""erp_lookback_years"": 10.0, ""erp_mean_method"": ""geometric"", ""erp_mode"": ""manual"", ""erp_source"": ""manual"", ""expected_index_return"": null, ""risk_free_mode"": ""tenor"", ""risk_free_rate"": 0.035, ""risk_free_source"": ""treasury_curve:10Y"", ""scope_key"": ""GLOBAL"", ""source"": ""structural_default"", ""treasury_curve"": {""10Y"": 0.035, ""1Y"": 0.03, ""5Y"": 0.033}, ""treasury_tenor"": ""10Y"", ""version_label"": ""base"", ""warnings"": []}, ""market_cap"": 12647117644.8, ""market_proxy"": ""MASI"", ""scenario_cost_of_debt_addon"": 0.0, ""scenario_erp_addon"": 0.0, ""synthetic_bucket"": null, ""synthetic_spread"": null, ""tax_rate"": 0.35, ""total_debt"": 42659000000.0, ""wacc"": 0.04929898431430316, ""weight_source"": ""market_cap_plus_debt""}",computed
CIH,Banques,cost_of_debt,0.055,computed
CIH,Banques,cost_of_equity,0.095,computed
CIH,Banques,cost_of_equity_floor,0.095,scenario
CIH,Banques,country_risk_premium,0.0,macro_config
CIH,Banques,currency,MAD,scenario
CIH,Banques,default_debt_weight,0.3,default
CIH,Banques,default_equity_weight,0.7,default
CIH,Banques,equity_risk_premium,0.06,macro_config
CIH,Banques,fade_years,5.0,default
CIH,Banques,forecast_years,5.0,default
CIH,Banques,justified_multiple_ratio_mask,3.0,default
CIH,Banques,mid_year_discounting,1.0,default
CIH,Banques,mid_year_terminal,0.0,default
CIH,Banques,peer_min_count,3.0,default
CIH,Banques,proxy_weight_cap,0.25,default
CIH,Banques,relative_multiple_ratio_mask,15.0,default
CIH,Banques,risk_free_rate,0.035,macro_config
CIH,Banques,scenario_cost_of_debt_addon,0.0,default
CIH,Banques,scenario_erp_addon,0.0,default
CIH,Banques,scenario_probabilities,"{""base"": 0.55, ""bear"": 0.25, ""bull"": 0.2}",
CIH,Banques,scenario_probability_base,0.55,default
CIH,Banques,scenario_probability_bear,0.25,default
CIH,Banques,scenario_probability_bull,0.2,default
CIH,Banques,sensitivity_terminal_growth_step,0.005,default
CIH,Banques,sensitivity_wacc_step,0.005,default
CIH,Banques,stable_payout_ratio,0.55,default
CIH,Banques,tax_rate,0.35,default
CIH,Banques,terminal_growth,0.025,default
CIH,Banques,terminal_growth_basis,"{""equity"": {""binding_constraint"": ""ceiling"", ""ceiling"": 0.035, ""ceiling_source"": ""risk_free_rate"", ""discount_buffer"": 0.01, ""discount_cap"": 0.085, ""discount_rate"": 0.095, ""floor"": 0.0, ""path"": ""equity"", ""payout"": 0.5761849292748799, ""payout_source"": ""historical_dividends_to_net_income"", ""raw_growth"": 0.04230727575722581, ""retention"": 0.42381507072512015, ""roe"": 0.09982484975071981, ""roe_source"": ""historical_roe"", ""source"": ""retention_times_roe"", ""terminal_growth"": 0.035}, ""firm"": {""path"": ""firm"", ""source"": ""not_used_for_financials"", ""terminal_growth"": 0.025}}",computed
CIH,Banques,terminal_growth_ceiling_source,1.0,default
CIH,Banques,terminal_growth_discount_buffer,0.01,default
CIH,Banques,terminal_growth_equity,0.035,computed_from_fundamentals
CIH,Banques,terminal_growth_firm,0.025,computed_from_fundamentals
CIH,Banques,terminal_growth_floor,0.0,default
CIH,Banques,use_balance_sheet_capital_weights,1.0,default
CIH,Banques,wacc,0.04929898431430316,computed
CMA,BTP,beta,0.7454179130272304,beta_history
CMA,BTP,beta_min_observations,60.0,default
CMA,BTP,beta_window_years,2.0,default
CMA,BTP,beta_zero_return_threshold,0.3,default
CMA,BTP,bs_balance_fail_bps,200.0,default
CMA,BTP,bs_balance_warn_bps,50.0,default
CMA,BTP,computed_debt_weight,0.0995372572263425,computed
CMA,BTP,computed_equity_weight,0.9004627427736575,computed
CMA,BTP,cost_of_capital_build_up,"{""average_total_debt"": 2633000000.0, ""base_cost_of_debt"": 0.055, ""base_equity_risk_premium"": 0.06, ""beta"": 0.7454179130272304, ""beta_as_of"": ""2026-06-01"", ""beta_frequency"": ""weekly"", ""beta_liquidity_flag"": false, ""beta_lookup_as_of"": ""latest"", ""beta_method"": ""ols"", ""beta_n_obs"": 104, ""beta_r2"": 0.3932102723319948, ""beta_source"": ""beta_history"", ""beta_window_years"": 2.0, ""beta_zero_week_frac"": 0.057692307692307696, ""cost_of_debt"": 0.045000000000000005, ""cost_of_debt_ceiling"": 0.085, ""cost_of_debt_floor"": 0.04, ""cost_of_debt_pre_scenario"": 0.045000000000000005, ""cost_of_debt_source"": ""synthetic_interest_coverage_spread"", ""cost_of_debt_unclamped"": 0.045000000000000005, ""cost_of_equity"": 0.095, ""cost_of_equity_floor"": 0.095, ""cost_of_equity_floor_bound"": true, ""cost_of_equity_unfloored"": 0.07972507478163382, ""country_risk_premium"": 0.0, ""debt_weight"": 0.0995372572263425, ""effective_cost_of_debt"": 0.045000000000000005, ""effective_equity_risk_premium"": 0.06, ""equity_weight"": 0.9004627427736575, ""interest_coverage"": 319.9496142339789, ""interest_expense"": 6351000.0, ""kd_effective"": 0.0024120774781617926, ""kd_synthetic"": 0.045000000000000005, ""macro_config"": {""country_risk_mode"": ""auto"", ""country_risk_premium"": 0.0, ""country_risk_source"": ""auto:masi_embedded"", ""equity_risk_premium"": 0.06, ""erp_index_asset_class"": ""index"", ""erp_index_symbol"": ""MASI"", ""erp_lookback_years"": 10.0, ""erp_mean_method"": ""geometric"", ""erp_mode"": ""manual"", ""erp_source"": ""manual"", ""expected_index_return"": null, ""risk_free_mode"": ""tenor"", ""risk_free_rate"": 0.035, ""risk_free_source"": ""treasury_curve:10Y"", ""scope_key"": ""GLOBAL"", ""source"": ""structural_default"", ""treasury_curve"": {""10Y"": 0.035, ""1Y"": 0.03, ""5Y"": 0.033}, ""treasury_tenor"": ""10Y"", ""version_label"": ""base"", ""warnings"": []}, ""market_cap"": 23819406600.0, ""market_proxy"": ""MASI"", ""scenario_cost_of_debt_addon"": 0.0, ""scenario_erp_addon"": 0.0, ""synthetic_bucket"": ""AA"", ""synthetic_spread"": 0.01, ""tax_rate"": 0.35, ""total_debt"": 2633000000.0, ""wacc"": 0.08845542533736797, ""weight_source"": ""market_cap_plus_debt""}",computed
CMA,BTP,cost_of_debt,0.045000000000000005,computed
CMA,BTP,cost_of_equity,0.095,computed
CMA,BTP,cost_of_equity_floor,0.095,scenario
CMA,BTP,country_risk_premium,0.0,macro_config
CMA,BTP,currency,MAD,scenario
CMA,BTP,default_debt_weight,0.3,default
CMA,BTP,default_equity_weight,0.7,default
CMA,BTP,equity_risk_premium,0.06,macro_config
CMA,BTP,fade_years,5.0,default
CMA,BTP,forecast_years,5.0,default
CMA,BTP,justified_multiple_ratio_mask,3.0,default
CMA,BTP,mid_year_discounting,1.0,default
CMA,BTP,mid_year_terminal,0.0,default
CMA,BTP,peer_min_count,3.0,default
CMA,BTP,proxy_weight_cap,0.25,default
CMA,BTP,relative_multiple_ratio_mask,15.0,default
CMA,BTP,risk_free_rate,0.035,macro_config
CMA,BTP,scenario_cost_of_debt_addon,0.0,default
CMA,BTP,scenario_erp_addon,0.0,default
CMA,BTP,scenario_probabilities,"{""base"": 0.55, ""bear"": 0.25, ""bull"": 0.2}",
CMA,BTP,scenario_probability_base,0.55,default
CMA,BTP,scenario_probability_bear,0.25,default
CMA,BTP,scenario_probability_bull,0.2,default
CMA,BTP,sensitivity_terminal_growth_step,0.005,default
CMA,BTP,sensitivity_wacc_step,0.005,default
CMA,BTP,stable_payout_ratio,0.55,default
CMA,BTP,tax_rate,0.35,default
CMA,BTP,terminal_growth,0.025,default
CMA,BTP,terminal_growth_basis,"{""equity"": {""binding_constraint"": ""raw"", ""ceiling"": 0.035, ""ceiling_source"": ""risk_free_rate"", ""discount_buffer"": 0.01, ""discount_cap"": 0.085, ""discount_rate"": 0.095, ""floor"": 0.0, ""path"": ""equity"", ""payout"": 1.1507194611519385, ""payout_source"": ""historical_dividends_to_net_income"", ""raw_growth"": 0.03, ""retention"": 0.0, ""roe"": null, ""roe_source"": ""missing_roe"", ""source"": ""earnings_growth_proxy_missing_roe"", ""terminal_growth"": 0.03}, ""firm"": {""binding_constraint"": ""ceiling"", ""ceiling"": 0.035, ""ceiling_source"": ""risk_free_rate"", ""discount_buffer"": 0.01, ""discount_cap"": 0.07845542533736798, ""discount_rate"": 0.08845542533736797, ""floor"": 0.0, ""path"": ""firm"", ""raw_growth"": 0.03511985701697481, ""reinvestment_rate"": 0.1280690224807872, ""roic"": 0.2742260098240655, ""source"": ""reinvestment_times_roic"", ""tax_rate"": 0.35, ""terminal_growth"": 0.035}}",computed
CMA,BTP,terminal_growth_ceiling_source,1.0,default
CMA,BTP,terminal_growth_discount_buffer,0.01,default
CMA,BTP,terminal_growth_equity,0.03,computed_from_fundamentals
CMA,BTP,terminal_growth_firm,0.035,computed_from_fundamentals
CMA,BTP,terminal_growth_floor,0.0,default
CMA,BTP,use_balance_sheet_capital_weights,1.0,default
CMA,BTP,wacc,0.08845542533736797,computed
CMG,Industrie,beta,1.1037572091719798,beta_history
CMG,Industrie,beta_min_observations,60.0,default
CMG,Industrie,beta_window_years,2.0,default
CMG,Industrie,beta_zero_return_threshold,0.3,default
CMG,Industrie,bs_balance_fail_bps,200.0,default
CMG,Industrie,bs_balance_warn_bps,50.0,default
CMG,Industrie,computed_debt_weight,0.06610930869748832,computed
CMG,Industrie,computed_equity_weight,0.9338906913025117,computed
CMG,Industrie,cost_of_capital_build_up,"{""average_total_debt"": 424105966.0, ""base_cost_of_debt"": 0.055, ""base_equity_risk_premium"": 0.06, ""beta"": 1.1037572091719798, ""beta_as_of"": ""2026-06-01"", ""beta_frequency"": ""weekly"", ""beta_liquidity_flag"": false, ""beta_lookup_as_of"": ""latest"", ""beta_method"": ""ols"", ""beta_n_obs"": 76, ""beta_r2"": 0.35367002156935856, ""beta_source"": ""beta_history"", ""beta_window_years"": 2.0, ""beta_zero_week_frac"": 0.05263157894736842, ""cost_of_debt"": 0.055, ""cost_of_debt_ceiling"": 0.085, ""cost_of_debt_floor"": 0.04, ""cost_of_debt_pre_scenario"": 0.055, ""cost_of_debt_source"": ""registry_default_missing_debt_inputs"", ""cost_of_debt_unclamped"": 0.055, ""cost_of_equity"": 0.1012254325503188, ""cost_of_equity_floor"": 0.095, ""cost_of_equity_floor_bound"": false, ""cost_of_equity_unfloored"": 0.1012254325503188, ""country_risk_premium"": 0.0, ""debt_weight"": 0.06610930869748832, ""effective_cost_of_debt"": 0.055, ""effective_equity_risk_premium"": 0.06, ""equity_weight"": 0.9338906913025117, ""interest_coverage"": null, ""interest_expense"": null, ""kd_effective"": null, ""kd_synthetic"": null, ""macro_config"": {""country_risk_mode"": ""auto"", ""country_risk_premium"": 0.0, ""country_risk_source"": ""auto:masi_embedded"", ""equity_risk_premium"": 0.06, ""erp_index_asset_class"": ""index"", ""erp_index_symbol"": ""MASI"", ""erp_lookback_years"": 10.0, ""erp_mean_method"": ""geometric"", ""erp_mode"": ""manual"", ""erp_source"": ""manual"", ""expected_index_return"": null, ""risk_free_mode"": ""tenor"", ""risk_free_rate"": 0.035, ""risk_free_source"": ""treasury_curve:10Y"", ""scope_key"": ""GLOBAL"", ""source"": ""structural_default"", ""treasury_curve"": {""10Y"": 0.035, ""1Y"": 0.03, ""5Y"": 0.033}, ""treasury_tenor"": ""10Y"", ""version_label"": ""base"", ""warnings"": []}, ""market_cap"": 5991117160.0, ""market_proxy"": ""MASI"", ""scenario_cost_of_debt_addon"": 0.0, ""scenario_erp_addon"": 0.0, ""synthetic_bucket"": null, ""synthetic_spread"": null, ""tax_rate"": 0.35, ""total_debt"": 424105966.0, ""wacc"": 0.0968968969677482, ""weight_source"": ""market_cap_plus_debt""}",computed
CMG,Industrie,cost_of_debt,0.055,computed
CMG,Industrie,cost_of_equity,0.1012254325503188,computed
CMG,Industrie,cost_of_equity_floor,0.095,scenario
CMG,Industrie,country_risk_premium,0.0,macro_config
CMG,Industrie,currency,MAD,scenario
CMG,Industrie,default_debt_weight,0.3,default
CMG,Industrie,default_equity_weight,0.7,default
CMG,Industrie,equity_risk_premium,0.06,macro_config
CMG,Industrie,fade_years,5.0,default
CMG,Industrie,forecast_years,5.0,default
CMG,Industrie,justified_multiple_ratio_mask,3.0,default
CMG,Industrie,mid_year_discounting,1.0,default
CMG,Industrie,mid_year_terminal,0.0,default
CMG,Industrie,peer_min_count,3.0,default
CMG,Industrie,proxy_weight_cap,0.25,default
CMG,Industrie,relative_multiple_ratio_mask,15.0,default
CMG,Industrie,risk_free_rate,0.035,macro_config
CMG,Industrie,scenario_cost_of_debt_addon,0.0,default
CMG,Industrie,scenario_erp_addon,0.0,default
CMG,Industrie,scenario_probabilities,"{""base"": 0.55, ""bear"": 0.25, ""bull"": 0.2}",
CMG,Industrie,scenario_probability_base,0.55,default
CMG,Industrie,scenario_probability_bear,0.25,default
CMG,Industrie,scenario_probability_bull,0.2,default
CMG,Industrie,sensitivity_terminal_growth_step,0.005,default
CMG,Industrie,sensitivity_wacc_step,0.005,default
CMG,Industrie,stable_payout_ratio,0.55,default
CMG,Industrie,tax_rate,0.35,default
CMG,Industrie,terminal_growth,0.025,default
CMG,Industrie,terminal_growth_basis,"{""equity"": {""binding_constraint"": ""raw"", ""ceiling"": 0.035, ""ceiling_source"": ""risk_free_rate"", ""discount_buffer"": 0.01, ""discount_cap"": 0.0912254325503188, ""discount_rate"": 0.1012254325503188, ""floor"": 0.0, ""path"": ""equity"", ""payout"": 0.55, ""payout_source"": ""stable_payout_assumption"", ""raw_growth"": 0.03, ""retention"": 0.44999999999999996, ""roe"": null, ""roe_source"": ""missing_roe"", ""source"": ""earnings_growth_proxy_missing_roe"", ""terminal_growth"": 0.03}, ""firm"": {""binding_constraint"": ""ceiling"", ""ceiling"": 0.035, ""ceiling_source"": ""risk_free_rate"", ""discount_buffer"": 0.01, ""discount_cap"": 0.0868968969677482, ""discount_rate"": 0.0968968969677482, ""floor"": 0.0, ""path"": ""firm"", ""raw_growth"": 0.04544336475524132, ""reinvestment_rate"": 0.7413558700441338, ""roic"": 0.06129763935441156, ""source"": ""reinvestment_times_roic"", ""tax_rate"": 0.35, ""terminal_growth"": 0.035}}",computed
CMG,Industrie,terminal_growth_ceiling_source,1.0,default
CMG,Industrie,terminal_growth_discount_buffer,0.01,default
CMG,Industrie,terminal_growth_equity,0.03,computed_from_fundamentals
CMG,Industrie,terminal_growth_firm,0.035,computed_from_fundamentals
CMG,Industrie,terminal_growth_floor,0.0,default
CMG,Industrie,use_balance_sheet_capital_weights,1.0,default
CMG,Industrie,wacc,0.0968968969677482,computed
CMT,Mines,beta,1.1582912752393626,beta_history
CMT,Mines,beta_min_observations,60.0,default
CMT,Mines,beta_window_years,2.0,default
CMT,Mines,beta_zero_return_threshold,0.3,default
CMT,Mines,bs_balance_fail_bps,200.0,default
CMT,Mines,bs_balance_warn_bps,50.0,default
CMT,Mines,computed_debt_weight,0.019248576653880342,computed
CMT,Mines,computed_equity_weight,0.9807514233461196,computed
CMT,Mines,cost_of_capital_build_up,"{""average_total_debt"": 171581683.0, ""base_cost_of_debt"": 0.055, ""base_equity_risk_premium"": 0.06, ""beta"": 1.1582912752393626, ""beta_as_of"": ""2026-06-01"", ""beta_frequency"": ""weekly"", ""beta_liquidity_flag"": false, ""beta_lookup_as_of"": ""latest"", ""beta_method"": ""ols"", ""beta_n_obs"": 104, ""beta_r2"": 0.09647881683628712, ""beta_source"": ""beta_history"", ""beta_window_years"": 2.0, ""beta_zero_week_frac"": 0.038461538461538464, ""cost_of_debt"": 0.045000000000000005, ""cost_of_debt_ceiling"": 0.085, ""cost_of_debt_floor"": 0.04, ""cost_of_debt_pre_scenario"": 0.045000000000000005, ""cost_of_debt_source"": ""synthetic_interest_coverage_spread"", ""cost_of_debt_unclamped"": 0.045000000000000005, ""cost_of_equity"": 0.10449747651436175, ""cost_of_equity_floor"": 0.095, ""cost_of_equity_floor_bound"": false, ""cost_of_equity_unfloored"": 0.10449747651436175, ""country_risk_premium"": 0.0, ""debt_weight"": 0.019248576653880342, ""effective_cost_of_debt"": 0.045000000000000005, ""effective_equity_risk_premium"": 0.06, ""equity_weight"": 0.9807514233461196, ""interest_coverage"": 214.45316287577188, ""interest_expense"": 1808544.0, ""kd_effective"": 0.010540425809904197, ""kd_synthetic"": 0.045000000000000005, ""macro_config"": {""country_risk_mode"": ""auto"", ""country_risk_premium"": 0.0, ""country_risk_source"": ""auto:masi_embedded"", ""equity_risk_premium"": 0.06, ""erp_index_asset_class"": ""index"", ""erp_index_symbol"": ""MASI"", ""erp_lookback_years"": 10.0, ""erp_mean_method"": ""geometric"", ""erp_mode"": ""manual"", ""erp_source"": ""manual"", ""expected_index_return"": null, ""risk_free_mode"": ""tenor"", ""risk_free_rate"": 0.035, ""risk_free_source"": ""treasury_curve:10Y"", ""scope_key"": ""GLOBAL"", ""source"": ""structural_default"", ""treasury_curve"": {""10Y"": 0.035, ""1Y"": 0.03, ""5Y"": 0.033}, ""treasury_tenor"": ""10Y"", ""version_label"": ""base"", ""warnings"": []}, ""market_cap"": 8742411600.0, ""market_proxy"": ""MASI"", ""scenario_cost_of_debt_addon"": 0.0, ""scenario_erp_addon"": 0.0, ""synthetic_bucket"": ""AA"", ""synthetic_spread"": 0.01, ""tax_rate"": 0.35, ""total_debt"": 171581683.0, ""wacc"": 0.10304906969466399, ""weight_source"": ""market_cap_plus_debt""}",computed
CMT,Mines,cost_of_debt,0.045000000000000005,computed
CMT,Mines,cost_of_equity,0.10449747651436175,computed
CMT,Mines,cost_of_equity_floor,0.095,scenario
CMT,Mines,country_risk_premium,0.0,macro_config
CMT,Mines,currency,MAD,scenario
CMT,Mines,default_debt_weight,0.3,default
CMT,Mines,default_equity_weight,0.7,default
CMT,Mines,equity_risk_premium,0.06,macro_config
CMT,Mines,fade_years,5.0,default
CMT,Mines,forecast_years,5.0,default
CMT,Mines,justified_multiple_ratio_mask,3.0,default
CMT,Mines,mid_year_discounting,1.0,default
CMT,Mines,mid_year_terminal,0.0,default
CMT,Mines,peer_min_count,3.0,default
CMT,Mines,proxy_weight_cap,0.25,default
CMT,Mines,relative_multiple_ratio_mask,15.0,default
CMT,Mines,risk_free_rate,0.035,macro_config
CMT,Mines,scenario_cost_of_debt_addon,0.0,default
CMT,Mines,scenario_erp_addon,0.0,default
CMT,Mines,scenario_probabilities,"{""base"": 0.55, ""bear"": 0.25, ""bull"": 0.2}",
CMT,Mines,scenario_probability_base,0.55,default
CMT,Mines,scenario_probability_bear,0.25,default
CMT,Mines,scenario_probability_bull,0.2,default
CMT,Mines,sensitivity_terminal_growth_step,0.005,default
CMT,Mines,sensitivity_wacc_step,0.005,default
CMT,Mines,stable_payout_ratio,0.55,default
CMT,Mines,tax_rate,0.35,default
CMT,Mines,terminal_growth,0.025,default
CMT,Mines,terminal_growth_basis,"{""equity"": {""binding_constraint"": ""raw"", ""ceiling"": 0.035, ""ceiling_source"": ""risk_free_rate"", ""discount_buffer"": 0.01, ""discount_cap"": 0.09449747651436176, ""discount_rate"": 0.10449747651436175, ""floor"": 0.0, ""path"": ""equity"", ""payout"": 0.8586480070953922, ""payout_source"": ""historical_dividends_to_net_income"", ""raw_growth"": 0.03, ""retention"": 0.14135199290460776, ""roe"": null, ""roe_source"": ""missing_roe"", ""source"": ""earnings_growth_proxy_missing_roe"", ""terminal_growth"": 0.03}, ""firm"": {""binding_constraint"": ""ceiling"", ""ceiling"": 0.035, ""ceiling_source"": ""risk_free_rate"", ""discount_buffer"": 0.01, ""discount_cap"": 0.09304906969466399, ""discount_rate"": 0.10304906969466399, ""floor"": 0.0, ""path"": ""firm"", ""raw_growth"": 0.07177710213247832, ""reinvestment_rate"": 0.3812581756842787, ""roic"": 0.1882637716651018, ""source"": ""reinvestment_times_roic"", ""tax_rate"": 0.35, ""terminal_growth"": 0.035}}",computed
CMT,Mines,terminal_growth_ceiling_source,1.0,default
CMT,Mines,terminal_growth_discount_buffer,0.01,default
CMT,Mines,terminal_growth_equity,0.03,computed_from_fundamentals
CMT,Mines,terminal_growth_firm,0.035,computed_from_fundamentals
CMT,Mines,terminal_growth_floor,0.0,default
CMT,Mines,use_balance_sheet_capital_weights,1.0,default
CMT,Mines,wacc,0.10304906969466399,computed
COL,BTP,beta,0.6703072845014948,beta_history
COL,BTP,beta_min_observations,60.0,default
COL,BTP,beta_window_years,2.0,default
COL,BTP,beta_zero_return_threshold,0.3,default
COL,BTP,bs_balance_fail_bps,200.0,default
COL,BTP,bs_balance_warn_bps,50.0,default
COL,BTP,computed_debt_weight,0.8149824572894808,computed
COL,BTP,computed_equity_weight,0.18501754271051915,computed
COL,BTP,cost_of_capital_build_up,"{""average_total_debt"": 5679708000.0, ""base_cost_of_debt"": 0.055, ""base_equity_risk_premium"": 0.06, ""beta"": 0.6703072845014948, ""beta_as_of"": ""2026-06-01"", ""beta_frequency"": ""weekly"", ""beta_liquidity_flag"": false, ""beta_lookup_as_of"": ""latest"", ""beta_method"": ""ols"", ""beta_n_obs"": 104, ""beta_r2"": 0.1172490523227272, ""beta_source"": ""beta_history"", ""beta_window_years"": 2.0, ""beta_zero_week_frac"": 0.04807692307692308, ""cost_of_debt"": 0.045000000000000005, ""cost_of_debt_ceiling"": 0.085, ""cost_of_debt_floor"": 0.04, ""cost_of_debt_pre_scenario"": 0.045000000000000005, ""cost_of_debt_source"": ""synthetic_interest_coverage_spread"", ""cost_of_debt_unclamped"": 0.045000000000000005, ""cost_of_equity"": 0.095, ""cost_of_equity_floor"": 0.095, ""cost_of_equity_floor_bound"": true, ""cost_of_equity_unfloored"": 0.07521843707008968, ""country_risk_premium"": 0.0, ""debt_weight"": 0.8149824572894808, ""effective_cost_of_debt"": 0.045000000000000005, ""effective_equity_risk_premium"": 0.06, ""equity_weight"": 0.18501754271051915, ""interest_coverage"": 11.535259095953712, ""interest_expense"": 9714387.33, ""kd_effective"": 0.0017103673868445349, ""kd_synthetic"": 0.045000000000000005, ""macro_config"": {""country_risk_mode"": ""auto"", ""country_risk_premium"": 0.0, ""country_risk_source"": ""auto:masi_embedded"", ""equity_risk_premium"": 0.06, ""erp_index_asset_class"": ""index"", ""erp_index_symbol"": ""MASI"", ""erp_lookback_years"": 10.0, ""erp_mean_method"": ""geometric"", ""erp_mode"": ""manual"", ""erp_source"": ""manual"", ""expected_index_return"": null, ""risk_free_mode"": ""tenor"", ""risk_free_rate"": 0.035, ""risk_free_source"": ""treasury_curve:10Y"", ""scope_key"": ""GLOBAL"", ""source"": ""structural_default"", ""treasury_curve"": {""10Y"": 0.035, ""1Y"": 0.03, ""5Y"": 0.033}, ""treasury_tenor"": ""10Y"", ""version_label"": ""base"", ""warnings"": []}, ""market_cap"": 1289408880.0, ""market_proxy"": ""MASI"", ""scenario_cost_of_debt_addon"": 0.0, ""scenario_erp_addon"": 0.0, ""synthetic_bucket"": ""AA"", ""synthetic_spread"": 0.01, ""tax_rate"": 0.35, ""total_debt"": 5679708000.0, ""wacc"": 0.04141490343321663, ""weight_source"": ""market_cap_plus_debt""}",computed
COL,BTP,cost_of_debt,0.045000000000000005,computed
COL,BTP,cost_of_equity,0.095,computed
COL,BTP,cost_of_equity_floor,0.095,scenario
COL,BTP,country_risk_premium,0.0,macro_config
COL,BTP,currency,MAD,scenario
COL,BTP,default_debt_weight,0.3,default
COL,BTP,default_equity_weight,0.7,default
COL,BTP,equity_risk_premium,0.06,macro_config
COL,BTP,fade_years,5.0,default
COL,BTP,forecast_years,5.0,default
COL,BTP,justified_multiple_ratio_mask,3.0,default
COL,BTP,mid_year_discounting,1.0,default
COL,BTP,mid_year_terminal,0.0,default
COL,BTP,peer_min_count,3.0,default
COL,BTP,proxy_weight_cap,0.25,default
COL,BTP,relative_multiple_ratio_mask,15.0,default
COL,BTP,risk_free_rate,0.035,macro_config
COL,BTP,scenario_cost_of_debt_addon,0.0,default
COL,BTP,scenario_erp_addon,0.0,default
COL,BTP,scenario_probabilities,"{""base"": 0.55, ""bear"": 0.25, ""bull"": 0.2}",
COL,BTP,scenario_probability_base,0.55,default
COL,BTP,scenario_probability_bear,0.25,default
COL,BTP,scenario_probability_bull,0.2,default
COL,BTP,sensitivity_terminal_growth_step,0.005,default
COL,BTP,sensitivity_wacc_step,0.005,default
COL,BTP,stable_payout_ratio,0.55,default
COL,BTP,tax_rate,0.35,default
COL,BTP,terminal_growth,0.025,default
COL,BTP,terminal_growth_basis,"{""equity"": {""binding_constraint"": ""raw"", ""ceiling"": 0.035, ""ceiling_source"": ""risk_free_rate"", ""discount_buffer"": 0.01, ""discount_cap"": 0.085, ""discount_rate"": 0.095, ""floor"": 0.0, ""path"": ""equity"", ""payout"": 0.41907720211231964, ""payout_source"": ""historical_dividends_to_net_income"", ""raw_growth"": 0.03, ""retention"": 0.5809227978876803, ""roe"": null, ""roe_source"": ""missing_roe"", ""source"": ""earnings_growth_proxy_missing_roe"", ""terminal_growth"": 0.03}, ""firm"": {""binding_constraint"": ""raw"", ""ceiling"": 0.035, ""ceiling_source"": ""risk_free_rate"", ""discount_buffer"": 0.01, ""discount_cap"": 0.03141490343321663, ""discount_rate"": 0.04141490343321663, ""floor"": 0.0, ""path"": ""firm"", ""raw_growth"": 0.0, ""reinvestment_rate"": 0.0, ""roic"": 0.0438581388127036, ""source"": ""reinvestment_times_roic"", ""tax_rate"": 0.35, ""terminal_growth"": 0.0}}",computed
COL,BTP,terminal_growth_ceiling_source,1.0,default
COL,BTP,terminal_growth_discount_buffer,0.01,default
COL,BTP,terminal_growth_equity,0.03,computed_from_fundamentals
COL,BTP,terminal_growth_firm,0.0,computed_from_fundamentals
COL,BTP,terminal_growth_floor,0.0,default
COL,BTP,use_balance_sheet_capital_weights,1.0,default
COL,BTP,wacc,0.04141490343321663,computed
CRS,Agroalimentaire,beta,0.4483148280885791,beta_history
CRS,Agroalimentaire,beta_min_observations,60.0,default
CRS,Agroalimentaire,beta_window_years,2.0,default
CRS,Agroalimentaire,beta_zero_return_threshold,0.3,default
CRS,Agroalimentaire,bs_balance_fail_bps,200.0,default
CRS,Agroalimentaire,bs_balance_warn_bps,50.0,default
CRS,Agroalimentaire,computed_debt_weight,0.3,computed
CRS,Agroalimentaire,computed_equity_weight,0.7,computed
CRS,Agroalimentaire,cost_of_capital_build_up,"{""average_total_debt"": null, ""base_cost_of_debt"": 0.055, ""base_equity_risk_premium"": 0.06, ""beta"": 0.4483148280885791, ""beta_as_of"": ""2026-06-01"", ""beta_frequency"": ""weekly"", ""beta_liquidity_flag"": false, ""beta_lookup_as_of"": ""latest"", ""beta_method"": ""ols"", ""beta_n_obs"": 104, ""beta_r2"": 0.039529728433733924, ""beta_source"": ""beta_history"", ""beta_window_years"": 2.0, ""beta_zero_week_frac"": 0.04807692307692308, ""cost_of_debt"": 0.085, ""cost_of_debt_ceiling"": 0.085, ""cost_of_debt_floor"": 0.04, ""cost_of_debt_pre_scenario"": 0.09, ""cost_of_debt_source"": ""synthetic_interest_coverage_spread"", ""cost_of_debt_unclamped"": 0.09, ""cost_of_equity"": 0.095, ""cost_of_equity_floor"": 0.095, ""cost_of_equity_floor_bound"": true, ""cost_of_equity_unfloored"": 0.06189888968531475, ""country_risk_premium"": 0.0, ""debt_weight"": 0.3, ""effective_cost_of_debt"": 0.085, ""effective_equity_risk_premium"": 0.06, ""equity_weight"": 0.7, ""interest_coverage"": 1.373714466005411, ""interest_expense"": 12335921.35, ""kd_effective"": null, ""kd_synthetic"": 0.09, ""macro_config"": {""country_risk_mode"": ""auto"", ""country_risk_premium"": 0.0, ""country_risk_source"": ""auto:masi_embedded"", ""equity_risk_premium"": 0.06, ""erp_index_asset_class"": ""index"", ""erp_index_symbol"": ""MASI"", ""erp_lookback_years"": 10.0, ""erp_mean_method"": ""geometric"", ""erp_mode"": ""manual"", ""erp_source"": ""manual"", ""expected_index_return"": null, ""risk_free_mode"": ""tenor"", ""risk_free_rate"": 0.035, ""risk_free_source"": ""treasury_curve:10Y"", ""scope_key"": ""GLOBAL"", ""source"": ""structural_default"", ""treasury_curve"": {""10Y"": 0.035, ""1Y"": 0.03, ""5Y"": 0.033}, ""treasury_tenor"": ""10Y"", ""version_label"": ""base"", ""warnings"": []}, ""market_cap"": 147420000.0, ""market_proxy"": ""MASI"", ""scenario_cost_of_debt_addon"": 0.0, ""scenario_erp_addon"": 0.0, ""synthetic_bucket"": ""CCC"", ""synthetic_spread"": 0.055, ""tax_rate"": 0.35, ""total_debt"": null, ""wacc"": 0.083075, ""weight_source"": ""default_target_missing_market_cap_or_debt""}",computed
CRS,Agroalimentaire,cost_of_debt,0.085,computed
CRS,Agroalimentaire,cost_of_equity,0.095,computed
CRS,Agroalimentaire,cost_of_equity_floor,0.095,scenario
CRS,Agroalimentaire,country_risk_premium,0.0,macro_config
CRS,Agroalimentaire,currency,MAD,scenario
CRS,Agroalimentaire,default_debt_weight,0.3,default
CRS,Agroalimentaire,default_equity_weight,0.7,default
CRS,Agroalimentaire,equity_risk_premium,0.06,macro_config
CRS,Agroalimentaire,fade_years,5.0,default
CRS,Agroalimentaire,forecast_years,5.0,default
CRS,Agroalimentaire,justified_multiple_ratio_mask,3.0,default
CRS,Agroalimentaire,mid_year_discounting,1.0,default
CRS,Agroalimentaire,mid_year_terminal,0.0,default
CRS,Agroalimentaire,peer_min_count,3.0,default
CRS,Agroalimentaire,proxy_weight_cap,0.25,default
CRS,Agroalimentaire,relative_multiple_ratio_mask,15.0,default
CRS,Agroalimentaire,risk_free_rate,0.035,macro_config
CRS,Agroalimentaire,scenario_cost_of_debt_addon,0.0,default
CRS,Agroalimentaire,scenario_erp_addon,0.0,default
CRS,Agroalimentaire,scenario_probabilities,"{""base"": 0.55, ""bear"": 0.25, ""bull"": 0.2}",
CRS,Agroalimentaire,scenario_probability_base,0.55,default
CRS,Agroalimentaire,scenario_probability_bear,0.25,default
CRS,Agroalimentaire,scenario_probability_bull,0.2,default
CRS,Agroalimentaire,sensitivity_terminal_growth_step,0.005,default
CRS,Agroalimentaire,sensitivity_wacc_step,0.005,default
CRS,Agroalimentaire,stable_payout_ratio,0.55,default
CRS,Agroalimentaire,tax_rate,0.35,default
CRS,Agroalimentaire,terminal_growth,0.025,default
CRS,Agroalimentaire,terminal_growth_basis,"{""equity"": {""binding_constraint"": ""raw"", ""ceiling"": 0.035, ""ceiling_source"": ""risk_free_rate"", ""discount_buffer"": 0.01, ""discount_cap"": 0.085, ""discount_rate"": 0.095, ""floor"": 0.0, ""path"": ""equity"", ""payout"": 0.0, ""payout_source"": ""historical_dividends_to_net_income"", ""raw_growth"": 0.03, ""retention"": 1.0, ""roe"": null, ""roe_source"": ""missing_roe"", ""source"": ""earnings_growth_proxy_missing_roe"", ""terminal_growth"": 0.03}, ""firm"": {""binding_constraint"": ""raw"", ""ceiling"": 0.035, ""ceiling_source"": ""risk_free_rate"", ""discount_buffer"": 0.01, ""discount_cap"": 0.073075, ""discount_rate"": 0.083075, ""floor"": 0.0, ""path"": ""firm"", ""raw_growth"": 0.03, ""reinvestment_rate"": null, ""roic"": null, ""source"": ""revenue_growth_proxy_missing_roic_or_reinvestment"", ""tax_rate"": 0.35, ""terminal_growth"": 0.03}}",computed
CRS,Agroalimentaire,terminal_growth_ceiling_source,1.0,default
CRS,Agroalimentaire,terminal_growth_discount_buffer,0.01,default
CRS,Agroalimentaire,terminal_growth_equity,0.03,computed_from_fundamentals
CRS,Agroalimentaire,terminal_growth_firm,0.03,computed_from_fundamentals
CRS,Agroalimentaire,terminal_growth_floor,0.0,default
CRS,Agroalimentaire,use_balance_sheet_capital_weights,1.0,default
CRS,Agroalimentaire,wacc,0.083075,computed
CSR,Agroalimentaire,beta,0.8839790546763971,beta_history
CSR,Agroalimentaire,beta_min_observations,60.0,default
CSR,Agroalimentaire,beta_window_years,2.0,default
CSR,Agroalimentaire,beta_zero_return_threshold,0.3,default
CSR,Agroalimentaire,bs_balance_fail_bps,200.0,default
CSR,Agroalimentaire,bs_balance_warn_bps,50.0,default
CSR,Agroalimentaire,computed_debt_weight,0.055370438039511236,computed
CSR,Agroalimentaire,computed_equity_weight,0.9446295619604888,computed
CSR,Agroalimentaire,cost_of_capital_build_up,"{""average_total_debt"": 1008000000.0, ""base_cost_of_debt"": 0.055, ""base_equity_risk_premium"": 0.06, ""beta"": 0.8839790546763971, ""beta_as_of"": ""2026-06-01"", ""beta_frequency"": ""weekly"", ""beta_liquidity_flag"": false, ""beta_lookup_as_of"": ""latest"", ""beta_method"": ""ols"", ""beta_n_obs"": 104, ""beta_r2"": 0.3880777015281205, ""beta_source"": ""beta_history"", ""beta_window_years"": 2.0, ""beta_zero_week_frac"": 0.08653846153846154, ""cost_of_debt"": 0.045000000000000005, ""cost_of_debt_ceiling"": 0.085, ""cost_of_debt_floor"": 0.04, ""cost_of_debt_pre_scenario"": 0.045000000000000005, ""cost_of_debt_source"": ""synthetic_interest_coverage_spread"", ""cost_of_debt_unclamped"": 0.045000000000000005, ""cost_of_equity"": 0.095, ""cost_of_equity_floor"": 0.095, ""cost_of_equity_floor_bound"": true, ""cost_of_equity_unfloored"": 0.08803874328058384, ""country_risk_premium"": 0.0, ""debt_weight"": 0.055370438039511236, ""effective_cost_of_debt"": 0.045000000000000005, ""effective_equity_risk_premium"": 0.06, ""equity_weight"": 0.9446295619604888, ""interest_coverage"": 30.046296296296298, ""interest_expense"": 43200000.0, ""kd_effective"": 0.04285714285714286, ""kd_synthetic"": 0.045000000000000005, ""macro_config"": {""country_risk_mode"": ""auto"", ""country_risk_premium"": 0.0, ""country_risk_source"": ""auto:masi_embedded"", ""equity_risk_premium"": 0.06, ""erp_index_asset_class"": ""index"", ""erp_index_symbol"": ""MASI"", ""erp_lookback_years"": 10.0, ""erp_mean_method"": ""geometric"", ""erp_mode"": ""manual"", ""erp_source"": ""manual"", ""expected_index_return"": null, ""risk_free_mode"": ""tenor"", ""risk_free_rate"": 0.035, ""risk_free_source"": ""treasury_curve:10Y"", ""scope_key"": ""GLOBAL"", ""source"": ""structural_default"", ""treasury_curve"": {""10Y"": 0.035, ""1Y"": 0.03, ""5Y"": 0.033}, ""treasury_tenor"": ""10Y"", ""version_label"": ""base"", ""warnings"": []}, ""market_cap"": 17196660026.0, ""market_proxy"": ""MASI"", ""scenario_cost_of_debt_addon"": 0.0, ""scenario_erp_addon"": 0.0, ""synthetic_bucket"": ""AA"", ""synthetic_spread"": 0.01, ""tax_rate"": 0.35, ""total_debt"": 1008000000.0, ""wacc"": 0.09135939369890213, ""weight_source"": ""market_cap_plus_debt""}",computed
CSR,Agroalimentaire,cost_of_debt,0.045000000000000005,computed
CSR,Agroalimentaire,cost_of_equity,0.095,computed
CSR,Agroalimentaire,cost_of_equity_floor,0.095,scenario
CSR,Agroalimentaire,country_risk_premium,0.0,macro_config
CSR,Agroalimentaire,currency,MAD,scenario
CSR,Agroalimentaire,default_debt_weight,0.3,default
CSR,Agroalimentaire,default_equity_weight,0.7,default
CSR,Agroalimentaire,equity_risk_premium,0.06,macro_config
CSR,Agroalimentaire,fade_years,5.0,default
CSR,Agroalimentaire,forecast_years,5.0,default
CSR,Agroalimentaire,justified_multiple_ratio_mask,3.0,default
CSR,Agroalimentaire,mid_year_discounting,1.0,default
CSR,Agroalimentaire,mid_year_terminal,0.0,default
CSR,Agroalimentaire,peer_min_count,3.0,default
CSR,Agroalimentaire,proxy_weight_cap,0.25,default
CSR,Agroalimentaire,relative_multiple_ratio_mask,15.0,default
CSR,Agroalimentaire,risk_free_rate,0.035,macro_config
CSR,Agroalimentaire,scenario_cost_of_debt_addon,0.0,default
CSR,Agroalimentaire,scenario_erp_addon,0.0,default
CSR,Agroalimentaire,scenario_probabilities,"{""base"": 0.55, ""bear"": 0.25, ""bull"": 0.2}",
CSR,Agroalimentaire,scenario_probability_base,0.55,default
CSR,Agroalimentaire,scenario_probability_bear,0.25,default
CSR,Agroalimentaire,scenario_probability_bull,0.2,default
CSR,Agroalimentaire,sensitivity_terminal_growth_step,0.005,default
CSR,Agroalimentaire,sensitivity_wacc_step,0.005,default
CSR,Agroalimentaire,stable_payout_ratio,0.55,default
CSR,Agroalimentaire,tax_rate,0.35,default
CSR,Agroalimentaire,terminal_growth,0.025,default
CSR,Agroalimentaire,terminal_growth_basis,"{""equity"": {""binding_constraint"": ""raw"", ""ceiling"": 0.035, ""ceiling_source"": ""risk_free_rate"", ""discount_buffer"": 0.01, ""discount_cap"": 0.085, ""discount_rate"": 0.095, ""floor"": 0.0, ""path"": ""equity"", ""payout"": 0.8174387348791378, ""payout_source"": ""historical_dividends_to_net_income"", ""raw_growth"": 0.03, ""retention"": 0.18256126512086224, ""roe"": null, ""roe_source"": ""missing_roe"", ""source"": ""earnings_growth_proxy_missing_roe"", ""terminal_growth"": 0.03}, ""firm"": {""binding_constraint"": ""ceiling"", ""ceiling"": 0.035, ""ceiling_source"": ""risk_free_rate"", ""discount_buffer"": 0.01, ""discount_cap"": 0.08135939369890213, ""discount_rate"": 0.09135939369890213, ""floor"": 0.0, ""path"": ""firm"", ""raw_growth"": 0.04437928778642655, ""reinvestment_rate"": 0.3754644108630046, ""roic"": 0.11819838712388427, ""source"": ""reinvestment_times_roic"", ""tax_rate"": 0.35, ""terminal_growth"": 0.035}}",computed
CSR,Agroalimentaire,terminal_growth_ceiling_source,1.0,default
CSR,Agroalimentaire,terminal_growth_discount_buffer,0.01,default
CSR,Agroalimentaire,terminal_growth_equity,0.03,computed_from_fundamentals
CSR,Agroalimentaire,terminal_growth_firm,0.035,computed_from_fundamentals
CSR,Agroalimentaire,terminal_growth_floor,0.0,default
CSR,Agroalimentaire,use_balance_sheet_capital_weights,1.0,default
CSR,Agroalimentaire,wacc,0.09135939369890213,computed
CTM,Transport,beta,0.9075210623276256,beta_history
CTM,Transport,beta_min_observations,60.0,default
CTM,Transport,beta_window_years,2.0,default
CTM,Transport,beta_zero_return_threshold,0.3,default
CTM,Transport,bs_balance_fail_bps,200.0,default
CTM,Transport,bs_balance_warn_bps,50.0,default
CTM,Transport,computed_debt_weight,0.27443807916547214,computed
CTM,Transport,computed_equity_weight,0.7255619208345279,computed
CTM,Transport,cost_of_capital_build_up,"{""average_total_debt"": 415490000.0, ""base_cost_of_debt"": 0.055, ""base_equity_risk_premium"": 0.06, ""beta"": 0.9075210623276256, ""beta_as_of"": ""2026-05-26"", ""beta_frequency"": ""weekly"", ""beta_liquidity_flag"": false, ""beta_lookup_as_of"": ""latest"", ""beta_method"": ""ols"", ""beta_n_obs"": 104, ""beta_r2"": 0.16532205364858144, ""beta_source"": ""beta_history"", ""beta_window_years"": 2.0, ""beta_zero_week_frac"": 0.028846153846153848, ""cost_of_debt"": 0.055, ""cost_of_debt_ceiling"": 0.085, ""cost_of_debt_floor"": 0.04, ""cost_of_debt_pre_scenario"": 0.055, ""cost_of_debt_source"": ""registry_default_missing_debt_inputs"", ""cost_of_debt_unclamped"": 0.055, ""cost_of_equity"": 0.095, ""cost_of_equity_floor"": 0.095, ""cost_of_equity_floor_bound"": true, ""cost_of_equity_unfloored"": 0.08945126373965753, ""country_risk_premium"": 0.0, ""debt_weight"": 0.27443807916547214, ""effective_cost_of_debt"": 0.055, ""effective_equity_risk_premium"": 0.06, ""equity_weight"": 0.7255619208345279, ""interest_coverage"": null, ""interest_expense"": null, ""kd_effective"": null, ""kd_synthetic"": null, ""macro_config"": {""country_risk_mode"": ""auto"", ""country_risk_premium"": 0.0, ""country_risk_source"": ""auto:masi_embedded"", ""equity_risk_premium"": 0.06, ""erp_index_asset_class"": ""index"", ""erp_index_symbol"": ""MASI"", ""erp_lookback_years"": 10.0, ""erp_mean_method"": ""geometric"", ""erp_mode"": ""manual"", ""erp_source"": ""manual"", ""expected_index_return"": null, ""risk_free_mode"": ""tenor"", ""risk_free_rate"": 0.035, ""risk_free_source"": ""treasury_curve:10Y"", ""scope_key"": ""GLOBAL"", ""source"": ""structural_default"", ""treasury_curve"": {""10Y"": 0.035, ""1Y"": 0.03, ""5Y"": 0.033}, ""treasury_tenor"": ""10Y"", ""version_label"": ""base"", ""warnings"": []}, ""market_cap"": 1098476288.0, ""market_proxy"": ""MASI"", ""scenario_cost_of_debt_addon"": 0.0, ""scenario_erp_addon"": 0.0, ""synthetic_bucket"": null, ""synthetic_spread"": null, ""tax_rate"": 0.35, ""total_debt"": 415490000.0, ""wacc"": 0.07873954380944578, ""weight_source"": ""market_cap_plus_debt""}",computed
CTM,Transport,cost_of_debt,0.055,computed
CTM,Transport,cost_of_equity,0.095,computed
CTM,Transport,cost_of_equity_floor,0.095,scenario
CTM,Transport,country_risk_premium,0.0,macro_config
CTM,Transport,currency,MAD,scenario
CTM,Transport,default_debt_weight,0.3,default
CTM,Transport,default_equity_weight,0.7,default
CTM,Transport,equity_risk_premium,0.06,macro_config
CTM,Transport,fade_years,5.0,default
CTM,Transport,forecast_years,5.0,default
CTM,Transport,justified_multiple_ratio_mask,3.0,default
CTM,Transport,mid_year_discounting,1.0,default
CTM,Transport,mid_year_terminal,0.0,default
CTM,Transport,peer_min_count,3.0,default
CTM,Transport,proxy_weight_cap,0.25,default
CTM,Transport,relative_multiple_ratio_mask,15.0,default
CTM,Transport,risk_free_rate,0.035,macro_config
CTM,Transport,scenario_cost_of_debt_addon,0.0,default
CTM,Transport,scenario_erp_addon,0.0,default
CTM,Transport,scenario_probabilities,"{""base"": 0.55, ""bear"": 0.25, ""bull"": 0.2}",
CTM,Transport,scenario_probability_base,0.55,default
CTM,Transport,scenario_probability_bear,0.25,default
CTM,Transport,scenario_probability_bull,0.2,default
CTM,Transport,sensitivity_terminal_growth_step,0.005,default
CTM,Transport,sensitivity_wacc_step,0.005,default
CTM,Transport,stable_payout_ratio,0.55,default
CTM,Transport,tax_rate,0.35,default
CTM,Transport,terminal_growth,0.025,default
CTM,Transport,terminal_growth_basis,"{""equity"": {""binding_constraint"": ""ceiling"", ""ceiling"": 0.035, ""ceiling_source"": ""risk_free_rate"", ""discount_buffer"": 0.01, ""discount_cap"": 0.085, ""discount_rate"": 0.095, ""floor"": 0.0, ""path"": ""equity"", ""payout"": 0.6045649175716795, ""payout_source"": ""historical_dividends_to_net_income"", ""raw_growth"": 0.06424033345105451, ""retention"": 0.3954350824283205, ""roe"": 0.16245481573501813, ""roe_source"": ""historical_roe"", ""source"": ""retention_times_roe"", ""terminal_growth"": 0.035}, ""firm"": {""binding_constraint"": ""ceiling"", ""ceiling"": 0.035, ""ceiling_source"": ""risk_free_rate"", ""discount_buffer"": 0.01, ""discount_cap"": 0.06873954380944579, ""discount_rate"": 0.07873954380944578, ""floor"": 0.0, ""path"": ""firm"", ""raw_growth"": 0.43548387096774194, ""reinvestment_rate"": null, ""roic"": null, ""source"": ""revenue_growth_proxy_missing_roic_or_reinvestment"", ""tax_rate"": 0.35, ""terminal_growth"": 0.035}}",computed
CTM,Transport,terminal_growth_ceiling_source,1.0,default
CTM,Transport,terminal_growth_discount_buffer,0.01,default
CTM,Transport,terminal_growth_equity,0.035,computed_from_fundamentals
CTM,Transport,terminal_growth_firm,0.035,computed_from_fundamentals
CTM,Transport,terminal_growth_floor,0.0,default
CTM,Transport,use_balance_sheet_capital_weights,1.0,default
CTM,Transport,wacc,0.07873954380944578,computed
DHO,BTP,beta,1.422093401702098,beta_history
DHO,BTP,beta_min_observations,60.0,default
DHO,BTP,beta_window_years,2.0,default
DHO,BTP,beta_zero_return_threshold,0.3,default
DHO,BTP,bs_balance_fail_bps,200.0,default
DHO,BTP,bs_balance_warn_bps,50.0,default
DHO,BTP,computed_debt_weight,0.011506405264613682,computed
DHO,BTP,computed_equity_weight,0.9884935947353863,computed
DHO,BTP,cost_of_capital_build_up,"{""average_total_debt"": 58122564.55, ""base_cost_of_debt"": 0.055, ""base_equity_risk_premium"": 0.06, ""beta"": 1.422093401702098, ""beta_as_of"": ""2026-06-01"", ""beta_frequency"": ""weekly"", ""beta_liquidity_flag"": false, ""beta_lookup_as_of"": ""latest"", ""beta_method"": ""ols"", ""beta_n_obs"": 104, ""beta_r2"": 0.4318968032244147, ""beta_source"": ""beta_history"", ""beta_window_years"": 2.0, ""beta_zero_week_frac"": 0.009615384615384616, ""cost_of_debt"": 0.045000000000000005, ""cost_of_debt_ceiling"": 0.085, ""cost_of_debt_floor"": 0.04, ""cost_of_debt_pre_scenario"": 0.045000000000000005, ""cost_of_debt_source"": ""synthetic_interest_coverage_spread"", ""cost_of_debt_unclamped"": 0.045000000000000005, ""cost_of_equity"": 0.12032560410212588, ""cost_of_equity_floor"": 0.095, ""cost_of_equity_floor_bound"": false, ""cost_of_equity_unfloored"": 0.12032560410212588, ""country_risk_premium"": 0.0, ""debt_weight"": 0.011506405264613682, ""effective_cost_of_debt"": 0.045000000000000005, ""effective_equity_risk_premium"": 0.06, ""equity_weight"": 0.9884935947353863, ""interest_coverage"": 11.759717147570036, ""interest_expense"": 38597366.13, ""kd_effective"": null, ""kd_synthetic"": 0.045000000000000005, ""macro_config"": {""country_risk_mode"": ""auto"", ""country_risk_premium"": 0.0, ""country_risk_source"": ""auto:masi_embedded"", ""equity_risk_premium"": 0.06, ""erp_index_asset_class"": ""index"", ""erp_index_symbol"": ""MASI"", ""erp_lookback_years"": 10.0, ""erp_mean_method"": ""geometric"", ""erp_mode"": ""manual"", ""erp_source"": ""manual"", ""expected_index_return"": null, ""risk_free_mode"": ""tenor"", ""risk_free_rate"": 0.035, ""risk_free_source"": ""treasury_curve:10Y"", ""scope_key"": ""GLOBAL"", ""source"": ""structural_default"", ""treasury_curve"": {""10Y"": 0.035, ""1Y"": 0.03, ""5Y"": 0.033}, ""treasury_tenor"": ""10Y"", ""version_label"": ""base"", ""warnings"": []}, ""market_cap"": 4993200000.0, ""market_proxy"": ""MASI"", ""scenario_cost_of_debt_addon"": 0.0, ""scenario_erp_addon"": 0.0, ""synthetic_bucket"": ""AA"", ""synthetic_spread"": 0.01, ""tax_rate"": 0.35, ""total_debt"": 58122564.55, ""wacc"": 0.1192776512916073, ""weight_source"": ""market_cap_plus_debt""}",computed
DHO,BTP,cost_of_debt,0.045000000000000005,computed
DHO,BTP,cost_of_equity,0.12032560410212588,computed
DHO,BTP,cost_of_equity_floor,0.095,scenario
DHO,BTP,country_risk_premium,0.0,macro_config
DHO,BTP,currency,MAD,scenario
DHO,BTP,default_debt_weight,0.3,default
DHO,BTP,default_equity_weight,0.7,default
DHO,BTP,equity_risk_premium,0.06,macro_config
DHO,BTP,fade_years,5.0,default
DHO,BTP,forecast_years,5.0,default
DHO,BTP,justified_multiple_ratio_mask,3.0,default
DHO,BTP,mid_year_discounting,1.0,default
DHO,BTP,mid_year_terminal,0.0,default
DHO,BTP,peer_min_count,3.0,default
DHO,BTP,proxy_weight_cap,0.25,default
DHO,BTP,relative_multiple_ratio_mask,15.0,default
DHO,BTP,risk_free_rate,0.035,macro_config
DHO,BTP,scenario_cost_of_debt_addon,0.0,default
DHO,BTP,scenario_erp_addon,0.0,default
DHO,BTP,scenario_probabilities,"{""base"": 0.55, ""bear"": 0.25, ""bull"": 0.2}",
DHO,BTP,scenario_probability_base,0.55,default
DHO,BTP,scenario_probability_bear,0.25,default
DHO,BTP,scenario_probability_bull,0.2,default
DHO,BTP,sensitivity_terminal_growth_step,0.005,default
DHO,BTP,sensitivity_wacc_step,0.005,default
DHO,BTP,stable_payout_ratio,0.55,default
DHO,BTP,tax_rate,0.35,default
DHO,BTP,terminal_growth,0.025,default
DHO,BTP,terminal_growth_basis,"{""equity"": {""binding_constraint"": ""raw"", ""ceiling"": 0.035, ""ceiling_source"": ""risk_free_rate"", ""discount_buffer"": 0.01, ""discount_cap"": 0.11032560410212588, ""discount_rate"": 0.12032560410212588, ""floor"": 0.0, ""path"": ""equity"", ""payout"": 0.5939861018754952, ""payout_source"": ""historical_dividends_to_net_income"", ""raw_growth"": 0.03, ""retention"": 0.40601389812450484, ""roe"": null, ""roe_source"": ""missing_roe"", ""source"": ""earnings_growth_proxy_missing_roe"", ""terminal_growth"": 0.03}, ""firm"": {""binding_constraint"": ""raw"", ""ceiling"": 0.035, ""ceiling_source"": ""risk_free_rate"", ""discount_buffer"": 0.01, ""discount_cap"": 0.10927765129160731, ""discount_rate"": 0.1192776512916073, ""floor"": 0.0, ""path"": ""firm"", ""raw_growth"": 0.0, ""reinvestment_rate"": 0.0, ""roic"": 0.09858915267754642, ""source"": ""reinvestment_times_roic"", ""tax_rate"": 0.35, ""terminal_growth"": 0.0}}",computed
DHO,BTP,terminal_growth_ceiling_source,1.0,default
DHO,BTP,terminal_growth_discount_buffer,0.01,default
DHO,BTP,terminal_growth_equity,0.03,computed_from_fundamentals
DHO,BTP,terminal_growth_firm,0.0,computed_from_fundamentals
DHO,BTP,terminal_growth_floor,0.0,default
DHO,BTP,use_balance_sheet_capital_weights,1.0,default
DHO,BTP,wacc,0.1192776512916073,computed
DWY,Informatique,beta,0.2850620017686724,beta_history
DWY,Informatique,beta_min_observations,60.0,default
DWY,Informatique,beta_window_years,2.0,default
DWY,Informatique,beta_zero_return_threshold,0.3,default
DWY,Informatique,bs_balance_fail_bps,200.0,default
DWY,Informatique,bs_balance_warn_bps,50.0,default
DWY,Informatique,computed_debt_weight,0.03951613588015973,computed
DWY,Informatique,computed_equity_weight,0.9604838641198403,computed
DWY,Informatique,cost_of_capital_build_up,"{""average_total_debt"": 61523985.94, ""base_cost_of_debt"": 0.055, ""base_equity_risk_premium"": 0.06, ""beta"": 0.2850620017686724, ""beta_as_of"": ""2026-06-01"", ""beta_frequency"": ""weekly"", ""beta_liquidity_flag"": false, ""beta_lookup_as_of"": ""latest"", ""beta_method"": ""ols"", ""beta_n_obs"": 104, ""beta_r2"": 0.04579043611066358, ""beta_source"": ""beta_history"", ""beta_window_years"": 2.0, ""beta_zero_week_frac"": 0.07692307692307693, ""cost_of_debt"": 0.045000000000000005, ""cost_of_debt_ceiling"": 0.085, ""cost_of_debt_floor"": 0.04, ""cost_of_debt_pre_scenario"": 0.045000000000000005, ""cost_of_debt_source"": ""synthetic_interest_coverage_spread"", ""cost_of_debt_unclamped"": 0.045000000000000005, ""cost_of_equity"": 0.095, ""cost_of_equity_floor"": 0.095, ""cost_of_equity_floor_bound"": true, ""cost_of_equity_unfloored"": 0.05210372010612035, ""country_risk_premium"": 0.0, ""debt_weight"": 0.03951613588015973, ""effective_cost_of_debt"": 0.045000000000000005, ""effective_equity_risk_premium"": 0.06, ""equity_weight"": 0.9604838641198403, ""interest_coverage"": 46.402912717850214, ""interest_expense"": 2317234.4, ""kd_effective"": 0.03766391862614095, ""kd_synthetic"": 0.045000000000000005, ""macro_config"": {""country_risk_mode"": ""auto"", ""country_risk_premium"": 0.0, ""country_risk_source"": ""auto:masi_embedded"", ""equity_risk_premium"": 0.06, ""erp_index_asset_class"": ""index"", ""erp_index_symbol"": ""MASI"", ""erp_lookback_years"": 10.0, ""erp_mean_method"": ""geometric"", ""erp_mode"": ""manual"", ""erp_source"": ""manual"", ""expected_index_return"": null, ""risk_free_mode"": ""tenor"", ""risk_free_rate"": 0.035, ""risk_free_source"": ""treasury_curve:10Y"", ""scope_key"": ""GLOBAL"", ""source"": ""structural_default"", ""treasury_curve"": {""10Y"": 0.035, ""1Y"": 0.03, ""5Y"": 0.033}, ""treasury_tenor"": ""10Y"", ""version_label"": ""base"", ""warnings"": []}, ""market_cap"": 1495409266.0, ""market_proxy"": ""MASI"", ""scenario_cost_of_debt_addon"": 0.0, ""scenario_erp_addon"": 0.0, ""synthetic_bucket"": ""AA"", ""synthetic_spread"": 0.01, ""tax_rate"": 0.35, ""total_debt"": 61523985.94, ""wacc"": 0.0924018140658795, ""weight_source"": ""market_cap_plus_debt""}",computed
DWY,Informatique,cost_of_debt,0.045000000000000005,computed
DWY,Informatique,cost_of_equity,0.095,computed
DWY,Informatique,cost_of_equity_floor,0.095,scenario
DWY,Informatique,country_risk_premium,0.0,macro_config
DWY,Informatique,currency,MAD,scenario
DWY,Informatique,default_debt_weight,0.3,default
DWY,Informatique,default_equity_weight,0.7,default
DWY,Informatique,equity_risk_premium,0.06,macro_config
DWY,Informatique,fade_years,5.0,default
DWY,Informatique,forecast_years,5.0,default
DWY,Informatique,justified_multiple_ratio_mask,3.0,default
DWY,Informatique,mid_year_discounting,1.0,default
DWY,Informatique,mid_year_terminal,0.0,default
DWY,Informatique,peer_min_count,3.0,default
DWY,Informatique,proxy_weight_cap,0.25,default
DWY,Informatique,relative_multiple_ratio_mask,15.0,default
DWY,Informatique,risk_free_rate,0.035,macro_config
DWY,Informatique,scenario_cost_of_debt_addon,0.0,default
DWY,Informatique,scenario_erp_addon,0.0,default
DWY,Informatique,scenario_probabilities,"{""base"": 0.55, ""bear"": 0.25, ""bull"": 0.2}",
DWY,Informatique,scenario_probability_base,0.55,default
DWY,Informatique,scenario_probability_bear,0.25,default
DWY,Informatique,scenario_probability_bull,0.2,default
DWY,Informatique,sensitivity_terminal_growth_step,0.005,default
DWY,Informatique,sensitivity_wacc_step,0.005,default
DWY,Informatique,stable_payout_ratio,0.55,default
DWY,Informatique,tax_rate,0.35,default
DWY,Informatique,terminal_growth,0.025,default
DWY,Informatique,terminal_growth_basis,"{""equity"": {""binding_constraint"": ""raw"", ""ceiling"": 0.035, ""ceiling_source"": ""risk_free_rate"", ""discount_buffer"": 0.01, ""discount_cap"": 0.085, ""discount_rate"": 0.095, ""floor"": 0.0, ""path"": ""equity"", ""payout"": 0.9090386159601409, ""payout_source"": ""historical_dividends_to_net_income"", ""raw_growth"": 0.03, ""retention"": 0.0909613840398591, ""roe"": null, ""roe_source"": ""missing_roe"", ""source"": ""earnings_growth_proxy_missing_roe"", ""terminal_growth"": 0.03}, ""firm"": {""binding_constraint"": ""raw"", ""ceiling"": 0.035, ""ceiling_source"": ""risk_free_rate"", ""discount_buffer"": 0.01, ""discount_cap"": 0.0824018140658795, ""discount_rate"": 0.0924018140658795, ""floor"": 0.0, ""path"": ""firm"", ""raw_growth"": 0.032847209006351956, ""reinvestment_rate"": 0.3374208632514153, ""roic"": 0.09734788978320291, ""source"": ""reinvestment_times_roic"", ""tax_rate"": 0.35, ""terminal_growth"": 0.032847209006351956}}",computed
DWY,Informatique,terminal_growth_ceiling_source,1.0,default
DWY,Informatique,terminal_growth_discount_buffer,0.01,default
DWY,Informatique,terminal_growth_equity,0.03,computed_from_fundamentals
DWY,Informatique,terminal_growth_firm,0.032847209006351956,computed_from_fundamentals
DWY,Informatique,terminal_growth_floor,0.0,default
DWY,Informatique,use_balance_sheet_capital_weights,1.0,default
DWY,Informatique,wacc,0.0924018140658795,computed
DYT,Informatique,beta,0.9622294678041357,beta_history
DYT,Informatique,beta_min_observations,60.0,default
DYT,Informatique,beta_window_years,2.0,default
DYT,Informatique,beta_zero_return_threshold,0.3,default
DYT,Informatique,bs_balance_fail_bps,200.0,default
DYT,Informatique,bs_balance_warn_bps,50.0,default
DYT,Informatique,computed_debt_weight,0.005932422820060332,computed
DYT,Informatique,computed_equity_weight,0.9940675771799397,computed
DYT,Informatique,cost_of_capital_build_up,"{""average_total_debt"": 2138400.48, ""base_cost_of_debt"": 0.055, ""base_equity_risk_premium"": 0.06, ""beta"": 0.9622294678041357, ""beta_as_of"": ""2026-06-01"", ""beta_frequency"": ""weekly"", ""beta_liquidity_flag"": false, ""beta_lookup_as_of"": ""latest"", ""beta_method"": ""ols"", ""beta_n_obs"": 104, ""beta_r2"": 0.2363133908801235, ""beta_source"": ""beta_history"", ""beta_window_years"": 2.0, ""beta_zero_week_frac"": 0.04807692307692308, ""cost_of_debt"": 0.049, ""cost_of_debt_ceiling"": 0.085, ""cost_of_debt_floor"": 0.04, ""cost_of_debt_pre_scenario"": 0.049, ""cost_of_debt_source"": ""synthetic_interest_coverage_spread"", ""cost_of_debt_unclamped"": 0.049, ""cost_of_equity"": 0.095, ""cost_of_equity_floor"": 0.095, ""cost_of_equity_floor_bound"": true, ""cost_of_equity_unfloored"": 0.09273376806824814, ""country_risk_premium"": 0.0, ""debt_weight"": 0.005932422820060332, ""effective_cost_of_debt"": 0.049, ""effective_equity_risk_premium"": 0.06, ""equity_weight"": 0.9940675771799397, ""interest_coverage"": 7.860186028617483, ""interest_expense"": 4571016.07, ""kd_effective"": null, ""kd_synthetic"": 0.049, ""macro_config"": {""country_risk_mode"": ""auto"", ""country_risk_premium"": 0.0, ""country_risk_source"": ""auto:masi_embedded"", ""equity_risk_premium"": 0.06, ""erp_index_asset_class"": ""index"", ""erp_index_symbol"": ""MASI"", ""erp_lookback_years"": 10.0, ""erp_mean_method"": ""geometric"", ""erp_mode"": ""manual"", ""erp_source"": ""manual"", ""expected_index_return"": null, ""risk_free_mode"": ""tenor"", ""risk_free_rate"": 0.035, ""risk_free_source"": ""treasury_curve:10Y"", ""scope_key"": ""GLOBAL"", ""source"": ""structural_default"", ""treasury_curve"": {""10Y"": 0.035, ""1Y"": 0.03, ""5Y"": 0.033}, ""treasury_tenor"": ""10Y"", ""version_label"": ""base"", ""warnings"": []}, ""market_cap"": 358321490.0, ""market_proxy"": ""MASI"", ""scenario_cost_of_debt_addon"": 0.0, ""scenario_erp_addon"": 0.0, ""synthetic_bucket"": ""A+"", ""synthetic_spread"": 0.014, ""tax_rate"": 0.35, ""total_debt"": 2138400.48, ""wacc"": 0.09462536749891319, ""weight_source"": ""market_cap_plus_debt""}",computed
DYT,Informatique,cost_of_debt,0.049,computed
DYT,Informatique,cost_of_equity,0.095,computed
DYT,Informatique,cost_of_equity_floor,0.095,scenario
DYT,Informatique,country_risk_premium,0.0,macro_config
DYT,Informatique,currency,MAD,scenario
DYT,Informatique,default_debt_weight,0.3,default
DYT,Informatique,default_equity_weight,0.7,default
DYT,Informatique,equity_risk_premium,0.06,macro_config
DYT,Informatique,fade_years,5.0,default
DYT,Informatique,forecast_years,5.0,default
DYT,Informatique,justified_multiple_ratio_mask,3.0,default
DYT,Informatique,mid_year_discounting,1.0,default
DYT,Informatique,mid_year_terminal,0.0,default
DYT,Informatique,peer_min_count,3.0,default
DYT,Informatique,proxy_weight_cap,0.25,default
DYT,Informatique,relative_multiple_ratio_mask,15.0,default
DYT,Informatique,risk_free_rate,0.035,macro_config
DYT,Informatique,scenario_cost_of_debt_addon,0.0,default
DYT,Informatique,scenario_erp_addon,0.0,default
DYT,Informatique,scenario_probabilities,"{""base"": 0.55, ""bear"": 0.25, ""bull"": 0.2}",
DYT,Informatique,scenario_probability_base,0.55,default
DYT,Informatique,scenario_probability_bear,0.25,default
DYT,Informatique,scenario_probability_bull,0.2,default
DYT,Informatique,sensitivity_terminal_growth_step,0.005,default
DYT,Informatique,sensitivity_wacc_step,0.005,default
DYT,Informatique,stable_payout_ratio,0.55,default
DYT,Informatique,tax_rate,0.35,default
DYT,Informatique,terminal_growth,0.025,default
DYT,Informatique,terminal_growth_basis,"{""equity"": {""binding_constraint"": ""raw"", ""ceiling"": 0.035, ""ceiling_source"": ""risk_free_rate"", ""discount_buffer"": 0.01, ""discount_cap"": 0.085, ""discount_rate"": 0.095, ""floor"": 0.0, ""path"": ""equity"", ""payout"": 1.008425173021639, ""payout_source"": ""historical_dividends_to_net_income"", ""raw_growth"": 0.03, ""retention"": 0.0, ""roe"": null, ""roe_source"": ""missing_roe"", ""source"": ""earnings_growth_proxy_missing_roe"", ""terminal_growth"": 0.03}, ""firm"": {""binding_constraint"": ""raw"", ""ceiling"": 0.035, ""ceiling_source"": ""risk_free_rate"", ""discount_buffer"": 0.01, ""discount_cap"": 0.0846253674989132, ""discount_rate"": 0.09462536749891319, ""floor"": 0.0, ""path"": ""firm"", ""raw_growth"": 0.014109009795979737, ""reinvestment_rate"": 0.12398099672942563, ""roic"": 0.11379977712851463, ""source"": ""reinvestment_times_roic"", ""tax_rate"": 0.35, ""terminal_growth"": 0.014109009795979737}}",computed
DYT,Informatique,terminal_growth_ceiling_source,1.0,default
DYT,Informatique,terminal_growth_discount_buffer,0.01,default
DYT,Informatique,terminal_growth_equity,0.03,computed_from_fundamentals
DYT,Informatique,terminal_growth_firm,0.014109009795979737,computed_from_fundamentals
DYT,Informatique,terminal_growth_floor,0.0,default
DYT,Informatique,use_balance_sheet_capital_weights,1.0,default
DYT,Informatique,wacc,0.09462536749891319,computed
EQD,Sociétés de financement,beta,0.3749190421665487,beta_history
EQD,Sociétés de financement,beta_min_observations,60.0,default
EQD,Sociétés de financement,beta_window_years,2.0,default
EQD,Sociétés de financement,beta_zero_return_threshold,0.3,default
EQD,Sociétés de financement,bs_balance_fail_bps,200.0,default
EQD,Sociétés de financement,bs_balance_warn_bps,50.0,default
EQD,Sociétés de financement,computed_debt_weight,0.22538419064258877,computed
EQD,Sociétés de financement,computed_equity_weight,0.7746158093574113,computed
EQD,Sociétés de financement,cost_of_capital_build_up,"{""average_total_debt"": 687176000.0, ""base_cost_of_debt"": 0.055, ""base_equity_risk_premium"": 0.06, ""beta"": 0.3749190421665487, ""beta_as_of"": ""2026-06-01"", ""beta_frequency"": ""weekly"", ""beta_liquidity_flag"": false, ""beta_lookup_as_of"": ""latest"", ""beta_method"": ""ols"", ""beta_n_obs"": 104, ""beta_r2"": 0.03220595101806778, ""beta_source"": ""beta_history"", ""beta_window_years"": 2.0, ""beta_zero_week_frac"": 0.21153846153846154, ""cost_of_debt"": 0.055, ""cost_of_debt_ceiling"": 0.085, ""cost_of_debt_floor"": 0.04, ""cost_of_debt_pre_scenario"": 0.055, ""cost_of_debt_source"": ""registry_default_financial_sector"", ""cost_of_debt_unclamped"": 0.055, ""cost_of_equity"": 0.095, ""cost_of_equity_floor"": 0.095, ""cost_of_equity_floor_bound"": true, ""cost_of_equity_unfloored"": 0.057495142529992924, ""country_risk_premium"": 0.0, ""debt_weight"": 0.22538419064258877, ""effective_cost_of_debt"": 0.055, ""effective_equity_risk_premium"": 0.06, ""equity_weight"": 0.7746158093574113, ""interest_coverage"": null, ""interest_expense"": null, ""kd_effective"": null, ""kd_synthetic"": null, ""macro_config"": {""country_risk_mode"": ""auto"", ""country_risk_premium"": 0.0, ""country_risk_source"": ""auto:masi_embedded"", ""equity_risk_premium"": 0.06, ""erp_index_asset_class"": ""index"", ""erp_index_symbol"": ""MASI"", ""erp_lookback_years"": 10.0, ""erp_mean_method"": ""geometric"", ""erp_mode"": ""manual"", ""erp_source"": ""manual"", ""expected_index_return"": null, ""risk_free_mode"": ""tenor"", ""risk_free_rate"": 0.035, ""risk_free_source"": ""treasury_curve:10Y"", ""scope_key"": ""GLOBAL"", ""source"": ""structural_default"", ""treasury_curve"": {""10Y"": 0.035, ""1Y"": 0.03, ""5Y"": 0.033}, ""treasury_tenor"": ""10Y"", ""version_label"": ""base"", ""warnings"": []}, ""market_cap"": 2361733500.0, ""market_proxy"": ""MASI"", ""scenario_cost_of_debt_addon"": 0.0, ""scenario_erp_addon"": 0.0, ""synthetic_bucket"": null, ""synthetic_spread"": null, ""tax_rate"": 0.35, ""total_debt"": 687176000.0, ""wacc"": 0.08164598670442662, ""weight_source"": ""market_cap_plus_debt""}",computed
EQD,Sociétés de financement,cost_of_debt,0.055,computed
EQD,Sociétés de financement,cost_of_equity,0.095,computed
EQD,Sociétés de financement,cost_of_equity_floor,0.095,scenario
EQD,Sociétés de financement,country_risk_premium,0.0,macro_config
EQD,Sociétés de financement,currency,MAD,scenario
EQD,Sociétés de financement,default_debt_weight,0.3,default
EQD,Sociétés de financement,default_equity_weight,0.7,default
EQD,Sociétés de financement,equity_risk_premium,0.06,macro_config
EQD,Sociétés de financement,fade_years,5.0,default
EQD,Sociétés de financement,forecast_years,5.0,default
EQD,Sociétés de financement,justified_multiple_ratio_mask,3.0,default
EQD,Sociétés de financement,mid_year_discounting,1.0,default
EQD,Sociétés de financement,mid_year_terminal,0.0,default
EQD,Sociétés de financement,peer_min_count,3.0,default
EQD,Sociétés de financement,proxy_weight_cap,0.25,default
EQD,Sociétés de financement,relative_multiple_ratio_mask,15.0,default
EQD,Sociétés de financement,risk_free_rate,0.035,macro_config
EQD,Sociétés de financement,scenario_cost_of_debt_addon,0.0,default
EQD,Sociétés de financement,scenario_erp_addon,0.0,default
EQD,Sociétés de financement,scenario_probabilities,"{""base"": 0.55, ""bear"": 0.25, ""bull"": 0.2}",
EQD,Sociétés de financement,scenario_probability_base,0.55,default
EQD,Sociétés de financement,scenario_probability_bear,0.25,default
EQD,Sociétés de financement,scenario_probability_bull,0.2,default
EQD,Sociétés de financement,sensitivity_terminal_growth_step,0.005,default
EQD,Sociétés de financement,sensitivity_wacc_step,0.005,default
EQD,Sociétés de financement,stable_payout_ratio,0.55,default
EQD,Sociétés de financement,tax_rate,0.35,default
EQD,Sociétés de financement,terminal_growth,0.025,default
EQD,Sociétés de financement,terminal_growth_basis,"{""equity"": {""binding_constraint"": ""raw"", ""ceiling"": 0.035, ""ceiling_source"": ""risk_free_rate"", ""discount_buffer"": 0.01, ""discount_cap"": 0.085, ""discount_rate"": 0.095, ""floor"": 0.0, ""path"": ""equity"", ""payout"": 0.8910788503491593, ""payout_source"": ""historical_dividends_to_net_income"", ""raw_growth"": 0.03, ""retention"": 0.10892114965084065, ""roe"": null, ""roe_source"": ""missing_roe"", ""source"": ""earnings_growth_proxy_missing_roe"", ""terminal_growth"": 0.03}, ""firm"": {""path"": ""firm"", ""source"": ""not_used_for_financials"", ""terminal_growth"": 0.025}}",computed
EQD,Sociétés de financement,terminal_growth_ceiling_source,1.0,default
EQD,Sociétés de financement,terminal_growth_discount_buffer,0.01,default
EQD,Sociétés de financement,terminal_growth_equity,0.03,computed_from_fundamentals
EQD,Sociétés de financement,terminal_growth_firm,0.025,computed_from_fundamentals
EQD,Sociétés de financement,terminal_growth_floor,0.0,default
EQD,Sociétés de financement,use_balance_sheet_capital_weights,1.0,default
EQD,Sociétés de financement,wacc,0.08164598670442662,computed
FBR,Distribution,beta,1.5512778810701204,beta_history
FBR,Distribution,beta_min_observations,60.0,default
FBR,Distribution,beta_window_years,2.0,default
FBR,Distribution,beta_zero_return_threshold,0.3,default
FBR,Distribution,bs_balance_fail_bps,200.0,default
FBR,Distribution,bs_balance_warn_bps,50.0,default
FBR,Distribution,computed_debt_weight,0.06939115622306292,computed
FBR,Distribution,computed_equity_weight,0.9306088437769371,computed
FBR,Distribution,cost_of_capital_build_up,"{""average_total_debt"": 31256000.0, ""base_cost_of_debt"": 0.055, ""base_equity_risk_premium"": 0.06, ""beta"": 1.5512778810701204, ""beta_as_of"": ""2026-06-01"", ""beta_frequency"": ""weekly"", ""beta_liquidity_flag"": false, ""beta_lookup_as_of"": ""latest"", ""beta_method"": ""ols"", ""beta_n_obs"": 104, ""beta_r2"": 0.21760838325899035, ""beta_source"": ""beta_history"", ""beta_window_years"": 2.0, ""beta_zero_week_frac"": 0.028846153846153848, ""cost_of_debt"": 0.053000000000000005, ""cost_of_debt_ceiling"": 0.085, ""cost_of_debt_floor"": 0.04, ""cost_of_debt_pre_scenario"": 0.053000000000000005, ""cost_of_debt_source"": ""synthetic_interest_coverage_spread"", ""cost_of_debt_unclamped"": 0.053000000000000005, ""cost_of_equity"": 0.1280766728642072, ""cost_of_equity_floor"": 0.095, ""cost_of_equity_floor_bound"": false, ""cost_of_equity_unfloored"": 0.1280766728642072, ""country_risk_premium"": 0.0, ""debt_weight"": 0.06939115622306292, ""effective_cost_of_debt"": 0.053000000000000005, ""effective_equity_risk_premium"": 0.06, ""equity_weight"": 0.9306088437769371, ""interest_coverage"": 5.525539938292766, ""interest_expense"": 5834000.0, ""kd_effective"": 0.18665216278474533, ""kd_synthetic"": 0.053000000000000005, ""macro_config"": {""country_risk_mode"": ""auto"", ""country_risk_premium"": 0.0, ""country_risk_source"": ""auto:masi_embedded"", ""equity_risk_premium"": 0.06, ""erp_index_asset_class"": ""index"", ""erp_index_symbol"": ""MASI"", ""erp_lookback_years"": 10.0, ""erp_mean_method"": ""geometric"", ""erp_mode"": ""manual"", ""erp_source"": ""manual"", ""expected_index_return"": null, ""risk_free_mode"": ""tenor"", ""risk_free_rate"": 0.035, ""risk_free_source"": ""treasury_curve:10Y"", ""scope_key"": ""GLOBAL"", ""source"": ""structural_default"", ""treasury_curve"": {""10Y"": 0.035, ""1Y"": 0.03, ""5Y"": 0.033}, ""treasury_tenor"": ""10Y"", ""version_label"": ""base"", ""warnings"": []}, ""market_cap"": 419176039.2, ""market_proxy"": ""MASI"", ""scenario_cost_of_debt_addon"": 0.0, ""scenario_erp_addon"": 0.0, ""synthetic_bucket"": ""A"", ""synthetic_spread"": 0.018, ""tax_rate"": 0.35, ""total_debt"": 31256000.0, ""wacc"": 0.1215798097808414, ""weight_source"": ""market_cap_plus_debt""}",computed
FBR,Distribution,cost_of_debt,0.053000000000000005,computed
FBR,Distribution,cost_of_equity,0.1280766728642072,computed
FBR,Distribution,cost_of_equity_floor,0.095,scenario
FBR,Distribution,country_risk_premium,0.0,macro_config
FBR,Distribution,currency,MAD,scenario
FBR,Distribution,default_debt_weight,0.3,default
FBR,Distribution,default_equity_weight,0.7,default
FBR,Distribution,equity_risk_premium,0.06,macro_config
FBR,Distribution,fade_years,5.0,default
FBR,Distribution,forecast_years,5.0,default
FBR,Distribution,justified_multiple_ratio_mask,3.0,default
FBR,Distribution,mid_year_discounting,1.0,default
FBR,Distribution,mid_year_terminal,0.0,default
FBR,Distribution,peer_min_count,3.0,default
FBR,Distribution,proxy_weight_cap,0.25,default
FBR,Distribution,relative_multiple_ratio_mask,15.0,default
FBR,Distribution,risk_free_rate,0.035,macro_config
FBR,Distribution,scenario_cost_of_debt_addon,0.0,default
FBR,Distribution,scenario_erp_addon,0.0,default
FBR,Distribution,scenario_probabilities,"{""base"": 0.55, ""bear"": 0.25, ""bull"": 0.2}",
FBR,Distribution,scenario_probability_base,0.55,default
FBR,Distribution,scenario_probability_bear,0.25,default
FBR,Distribution,scenario_probability_bull,0.2,default
FBR,Distribution,sensitivity_terminal_growth_step,0.005,default
FBR,Distribution,sensitivity_wacc_step,0.005,default
FBR,Distribution,stable_payout_ratio,0.55,default
FBR,Distribution,tax_rate,0.35,default
FBR,Distribution,terminal_growth,0.025,default
FBR,Distribution,terminal_growth_basis,"{""equity"": {""binding_constraint"": ""raw"", ""ceiling"": 0.035, ""ceiling_source"": ""risk_free_rate"", ""discount_buffer"": 0.01, ""discount_cap"": 0.11807667286420721, ""discount_rate"": 0.1280766728642072, ""floor"": 0.0, ""path"": ""equity"", ""payout"": 0.55, ""payout_source"": ""stable_payout_assumption"", ""raw_growth"": 0.03, ""retention"": 0.44999999999999996, ""roe"": null, ""roe_source"": ""missing_roe"", ""source"": ""earnings_growth_proxy_missing_roe"", ""terminal_growth"": 0.03}, ""firm"": {""binding_constraint"": ""ceiling"", ""ceiling"": 0.035, ""ceiling_source"": ""risk_free_rate"", ""discount_buffer"": 0.01, ""discount_cap"": 0.11157980978084141, ""discount_rate"": 0.1215798097808414, ""floor"": 0.0, ""path"": ""firm"", ""raw_growth"": 0.09782031525843699, ""reinvestment_rate"": 1.0, ""roic"": 0.09782031525843699, ""source"": ""reinvestment_times_roic"", ""tax_rate"": 0.35, ""terminal_growth"": 0.035}}",computed
FBR,Distribution,terminal_growth_ceiling_source,1.0,default
FBR,Distribution,terminal_growth_discount_buffer,0.01,default
FBR,Distribution,terminal_growth_equity,0.03,computed_from_fundamentals
FBR,Distribution,terminal_growth_firm,0.035,computed_from_fundamentals
FBR,Distribution,terminal_growth_floor,0.0,default
FBR,Distribution,use_balance_sheet_capital_weights,1.0,default
FBR,Distribution,wacc,0.1215798097808414,computed
GAZ,Énergie,beta,0.4295396497778286,beta_history
GAZ,Énergie,beta_min_observations,60.0,default
GAZ,Énergie,beta_window_years,2.0,default
GAZ,Énergie,beta_zero_return_threshold,0.3,default
GAZ,Énergie,bs_balance_fail_bps,200.0,default
GAZ,Énergie,bs_balance_warn_bps,50.0,default
GAZ,Énergie,computed_debt_weight,0.08394809306244058,computed
GAZ,Énergie,computed_equity_weight,0.9160519069375594,computed
GAZ,Énergie,cost_of_capital_build_up,"{""average_total_debt"": 1194543000.0, ""base_cost_of_debt"": 0.055, ""base_equity_risk_premium"": 0.06, ""beta"": 0.4295396497778286, ""beta_as_of"": ""2026-06-01"", ""beta_frequency"": ""weekly"", ""beta_liquidity_flag"": false, ""beta_lookup_as_of"": ""latest"", ""beta_method"": ""ols"", ""beta_n_obs"": 104, ""beta_r2"": 0.09274708137319654, ""beta_source"": ""beta_history"", ""beta_window_years"": 2.0, ""beta_zero_week_frac"": 0.09615384615384616, ""cost_of_debt"": 0.045000000000000005, ""cost_of_debt_ceiling"": 0.085, ""cost_of_debt_floor"": 0.04, ""cost_of_debt_pre_scenario"": 0.045000000000000005, ""cost_of_debt_source"": ""synthetic_interest_coverage_spread"", ""cost_of_debt_unclamped"": 0.045000000000000005, ""cost_of_equity"": 0.095, ""cost_of_equity_floor"": 0.095, ""cost_of_equity_floor_bound"": true, ""cost_of_equity_unfloored"": 0.06077237898666972, ""country_risk_premium"": 0.0, ""debt_weight"": 0.08394809306244058, ""effective_cost_of_debt"": 0.045000000000000005, ""effective_equity_risk_premium"": 0.06, ""equity_weight"": 0.9160519069375594, ""interest_coverage"": 16.19746213330742, ""interest_expense"": 72029000.0, ""kd_effective"": 0.060298373520250005, ""kd_synthetic"": 0.045000000000000005, ""macro_config"": {""country_risk_mode"": ""auto"", ""country_risk_premium"": 0.0, ""country_risk_source"": ""auto:masi_embedded"", ""equity_risk_premium"": 0.06, ""erp_index_asset_class"": ""index"", ""erp_index_symbol"": ""MASI"", ""erp_lookback_years"": 10.0, ""erp_mean_method"": ""geometric"", ""erp_mode"": ""manual"", ""erp_source"": ""manual"", ""expected_index_return"": null, ""risk_free_mode"": ""tenor"", ""risk_free_rate"": 0.035, ""risk_free_source"": ""treasury_curve:10Y"", ""scope_key"": ""GLOBAL"", ""source"": ""structural_default"", ""treasury_curve"": {""10Y"": 0.035, ""1Y"": 0.03, ""5Y"": 0.033}, ""treasury_tenor"": ""10Y"", ""version_label"": ""base"", ""warnings"": []}, ""market_cap"": 13035000000.0, ""market_proxy"": ""MASI"", ""scenario_cost_of_debt_addon"": 0.0, ""scenario_erp_addon"": 0.0, ""synthetic_bucket"": ""AA"", ""synthetic_spread"": 0.01, ""tax_rate"": 0.35, ""total_debt"": 1194543000.0, ""wacc"": 0.08948041288114454, ""weight_source"": ""market_cap_plus_debt""}",computed
GAZ,Énergie,cost_of_debt,0.045000000000000005,computed
GAZ,Énergie,cost_of_equity,0.095,computed
GAZ,Énergie,cost_of_equity_floor,0.095,scenario
GAZ,Énergie,country_risk_premium,0.0,macro_config
GAZ,Énergie,currency,MAD,scenario
GAZ,Énergie,default_debt_weight,0.3,default
GAZ,Énergie,default_equity_weight,0.7,default
GAZ,Énergie,equity_risk_premium,0.06,macro_config
GAZ,Énergie,fade_years,5.0,default
GAZ,Énergie,forecast_years,5.0,default
GAZ,Énergie,justified_multiple_ratio_mask,3.0,default
GAZ,Énergie,mid_year_discounting,1.0,default
GAZ,Énergie,mid_year_terminal,0.0,default
GAZ,Énergie,peer_min_count,3.0,default
GAZ,Énergie,proxy_weight_cap,0.25,default
GAZ,Énergie,relative_multiple_ratio_mask,15.0,default
GAZ,Énergie,risk_free_rate,0.035,macro_config
GAZ,Énergie,scenario_cost_of_debt_addon,0.0,default
GAZ,Énergie,scenario_erp_addon,0.0,default
GAZ,Énergie,scenario_probabilities,"{""base"": 0.55, ""bear"": 0.25, ""bull"": 0.2}",
GAZ,Énergie,scenario_probability_base,0.55,default
GAZ,Énergie,scenario_probability_bear,0.25,default
GAZ,Énergie,scenario_probability_bull,0.2,default
GAZ,Énergie,sensitivity_terminal_growth_step,0.005,default
GAZ,Énergie,sensitivity_wacc_step,0.005,default
GAZ,Énergie,stable_payout_ratio,0.55,default
GAZ,Énergie,tax_rate,0.35,default
GAZ,Énergie,terminal_growth,0.025,default
GAZ,Énergie,terminal_growth_basis,"{""equity"": {""binding_constraint"": ""raw"", ""ceiling"": 0.035, ""ceiling_source"": ""risk_free_rate"", ""discount_buffer"": 0.01, ""discount_cap"": 0.085, ""discount_rate"": 0.095, ""floor"": 0.0, ""path"": ""equity"", ""payout"": 0.8150013343522984, ""payout_source"": ""historical_dividends_to_net_income"", ""raw_growth"": 0.03, ""retention"": 0.18499866564770162, ""roe"": null, ""roe_source"": ""missing_roe"", ""source"": ""earnings_growth_proxy_missing_roe"", ""terminal_growth"": 0.03}, ""firm"": {""binding_constraint"": ""raw"", ""ceiling"": 0.035, ""ceiling_source"": ""risk_free_rate"", ""discount_buffer"": 0.01, ""discount_cap"": 0.07948041288114455, ""discount_rate"": 0.08948041288114454, ""floor"": 0.0, ""path"": ""firm"", ""raw_growth"": 0.008719110044395281, ""reinvestment_rate"": 0.055102721409469875, ""roic"": 0.15823374638075186, ""source"": ""reinvestment_times_roic"", ""tax_rate"": 0.35, ""terminal_growth"": 0.008719110044395281}}",computed
GAZ,Énergie,terminal_growth_ceiling_source,1.0,default
GAZ,Énergie,terminal_growth_discount_buffer,0.01,default
GAZ,Énergie,terminal_growth_equity,0.03,computed_from_fundamentals
GAZ,Énergie,terminal_growth_firm,0.008719110044395281,computed_from_fundamentals
GAZ,Énergie,terminal_growth_floor,0.0,default
GAZ,Énergie,use_balance_sheet_capital_weights,1.0,default
GAZ,Énergie,wacc,0.08948041288114454,computed
GTM,BTP,beta,1.394262286599155,beta_history
GTM,BTP,beta_min_observations,60.0,default
GTM,BTP,beta_window_years,2.0,default
GTM,BTP,beta_zero_return_threshold,0.3,default
GTM,BTP,bs_balance_fail_bps,200.0,default
GTM,BTP,bs_balance_warn_bps,50.0,default
GTM,BTP,computed_debt_weight,0.02508297648767089,computed
GTM,BTP,computed_equity_weight,0.9749170235123291,computed
GTM,BTP,cost_of_capital_build_up,"{""average_total_debt"": 1119645000.0, ""base_cost_of_debt"": 0.055, ""base_equity_risk_premium"": 0.06, ""beta"": 1.394262286599155, ""beta_as_of"": ""2026-06-01"", ""beta_frequency"": ""weekly"", ""beta_liquidity_flag"": true, ""beta_lookup_as_of"": ""latest"", ""beta_method"": ""dimson_blume"", ""beta_n_obs"": 23, ""beta_r2"": 0.6166328526781728, ""beta_source"": ""beta_history"", ""beta_window_years"": 2.0, ""beta_zero_week_frac"": 0.041666666666666664, ""cost_of_debt"": 0.045000000000000005, ""cost_of_debt_ceiling"": 0.085, ""cost_of_debt_floor"": 0.04, ""cost_of_debt_pre_scenario"": 0.045000000000000005, ""cost_of_debt_source"": ""synthetic_interest_coverage_spread"", ""cost_of_debt_unclamped"": 0.045000000000000005, ""cost_of_equity"": 0.1186557371959493, ""cost_of_equity_floor"": 0.095, ""cost_of_equity_floor_bound"": false, ""cost_of_equity_unfloored"": 0.1186557371959493, ""country_risk_premium"": 0.0, ""debt_weight"": 0.02508297648767089, ""effective_cost_of_debt"": 0.045000000000000005, ""effective_equity_risk_premium"": 0.06, ""equity_weight"": 0.9749170235123291, ""interest_coverage"": 42.3421709227398, ""interest_expense"": 46091000.0, ""kd_effective"": 0.04116572663656784, ""kd_synthetic"": 0.045000000000000005, ""macro_config"": {""country_risk_mode"": ""auto"", ""country_risk_premium"": 0.0, ""country_risk_source"": ""auto:masi_embedded"", ""equity_risk_premium"": 0.06, ""erp_index_asset_class"": ""index"", ""erp_index_symbol"": ""MASI"", ""erp_lookback_years"": 10.0, ""erp_mean_method"": ""geometric"", ""erp_mode"": ""manual"", ""erp_source"": ""manual"", ""expected_index_return"": null, ""risk_free_mode"": ""tenor"", ""risk_free_rate"": 0.035, ""risk_free_source"": ""treasury_curve:10Y"", ""scope_key"": ""GLOBAL"", ""source"": ""structural_default"", ""treasury_curve"": {""10Y"": 0.035, ""1Y"": 0.03, ""5Y"": 0.033}, ""treasury_tenor"": ""10Y"", ""version_label"": ""base"", ""warnings"": []}, ""market_cap"": 43518000000.0, ""market_proxy"": ""MASI"", ""scenario_cost_of_debt_addon"": 0.0, ""scenario_erp_addon"": 0.0, ""synthetic_bucket"": ""AA"", ""synthetic_spread"": 0.01, ""tax_rate"": 0.35, ""total_debt"": 1119645000.0, ""wacc"": 0.11641317519200042, ""weight_source"": ""market_cap_plus_debt""}",computed
GTM,BTP,cost_of_debt,0.045000000000000005,computed
GTM,BTP,cost_of_equity,0.1186557371959493,computed
GTM,BTP,cost_of_equity_floor,0.095,scenario
GTM,BTP,country_risk_premium,0.0,macro_config
GTM,BTP,currency,MAD,scenario
GTM,BTP,default_debt_weight,0.3,default
GTM,BTP,default_equity_weight,0.7,default
GTM,BTP,equity_risk_premium,0.06,macro_config
GTM,BTP,fade_years,5.0,default
GTM,BTP,forecast_years,5.0,default
GTM,BTP,justified_multiple_ratio_mask,3.0,default
GTM,BTP,mid_year_discounting,1.0,default
GTM,BTP,mid_year_terminal,0.0,default
GTM,BTP,peer_min_count,3.0,default
GTM,BTP,proxy_weight_cap,0.25,default
GTM,BTP,relative_multiple_ratio_mask,15.0,default
GTM,BTP,risk_free_rate,0.035,macro_config
GTM,BTP,scenario_cost_of_debt_addon,0.0,default
GTM,BTP,scenario_erp_addon,0.0,default
GTM,BTP,scenario_probabilities,"{""base"": 0.55, ""bear"": 0.25, ""bull"": 0.2}",
GTM,BTP,scenario_probability_base,0.55,default
GTM,BTP,scenario_probability_bear,0.25,default
GTM,BTP,scenario_probability_bull,0.2,default
GTM,BTP,sensitivity_terminal_growth_step,0.005,default
GTM,BTP,sensitivity_wacc_step,0.005,default
GTM,BTP,stable_payout_ratio,0.55,default
GTM,BTP,tax_rate,0.35,default
GTM,BTP,terminal_growth,0.025,default
GTM,BTP,terminal_growth_basis,"{""equity"": {""binding_constraint"": ""raw"", ""ceiling"": 0.035, ""ceiling_source"": ""risk_free_rate"", ""discount_buffer"": 0.01, ""discount_cap"": 0.1086557371959493, ""discount_rate"": 0.1186557371959493, ""floor"": 0.0, ""path"": ""equity"", ""payout"": 0.33468827358943815, ""payout_source"": ""historical_dividends_to_net_income"", ""raw_growth"": 0.03, ""retention"": 0.6653117264105619, ""roe"": null, ""roe_source"": ""missing_roe"", ""source"": ""earnings_growth_proxy_missing_roe"", ""terminal_growth"": 0.03}, ""firm"": {""binding_constraint"": ""ceiling"", ""ceiling"": 0.035, ""ceiling_source"": ""risk_free_rate"", ""discount_buffer"": 0.01, ""discount_cap"": 0.10641317519200043, ""discount_rate"": 0.11641317519200042, ""floor"": 0.0, ""path"": ""firm"", ""raw_growth"": 0.05719047438724252, ""reinvestment_rate"": 0.2213791393404248, ""roic"": 0.2583372333889966, ""source"": ""reinvestment_times_roic"", ""tax_rate"": 0.35, ""terminal_growth"": 0.035}}",computed
GTM,BTP,terminal_growth_ceiling_source,1.0,default
GTM,BTP,terminal_growth_discount_buffer,0.01,default
GTM,BTP,terminal_growth_equity,0.03,computed_from_fundamentals
GTM,BTP,terminal_growth_firm,0.035,computed_from_fundamentals
GTM,BTP,terminal_growth_floor,0.0,default
GTM,BTP,use_balance_sheet_capital_weights,1.0,default
GTM,BTP,wacc,0.11641317519200042,computed
HPS,Informatique,beta,0.7859064943702032,beta_history
HPS,Informatique,beta_min_observations,60.0,default
HPS,Informatique,beta_window_years,2.0,default
HPS,Informatique,beta_zero_return_threshold,0.3,default
HPS,Informatique,bs_balance_fail_bps,200.0,default
HPS,Informatique,bs_balance_warn_bps,50.0,default
HPS,Informatique,computed_debt_weight,0.09751778433459626,computed
HPS,Informatique,computed_equity_weight,0.9024822156654038,computed
HPS,Informatique,cost_of_capital_build_up,"{""average_total_debt"": 492170000.0, ""base_cost_of_debt"": 0.055, ""base_equity_risk_premium"": 0.06, ""beta"": 0.7859064943702032, ""beta_as_of"": ""2026-06-01"", ""beta_frequency"": ""weekly"", ""beta_liquidity_flag"": false, ""beta_lookup_as_of"": ""latest"", ""beta_method"": ""ols"", ""beta_n_obs"": 104, ""beta_r2"": 0.22834593718643692, ""beta_source"": ""beta_history"", ""beta_window_years"": 2.0, ""beta_zero_week_frac"": 0.0673076923076923, ""cost_of_debt"": 0.055, ""cost_of_debt_ceiling"": 0.085, ""cost_of_debt_floor"": 0.04, ""cost_of_debt_pre_scenario"": 0.055, ""cost_of_debt_source"": ""registry_default_missing_debt_inputs"", ""cost_of_debt_unclamped"": 0.055, ""cost_of_equity"": 0.095, ""cost_of_equity_floor"": 0.095, ""cost_of_equity_floor_bound"": true, ""cost_of_equity_unfloored"": 0.0821543896622122, ""country_risk_premium"": 0.0, ""debt_weight"": 0.09751778433459626, ""effective_cost_of_debt"": 0.055, ""effective_equity_risk_premium"": 0.06, ""equity_weight"": 0.9024822156654038, ""interest_coverage"": null, ""interest_expense"": null, ""kd_effective"": null, ""kd_synthetic"": null, ""macro_config"": {""country_risk_mode"": ""auto"", ""country_risk_premium"": 0.0, ""country_risk_source"": ""auto:masi_embedded"", ""equity_risk_premium"": 0.06, ""erp_index_asset_class"": ""index"", ""erp_index_symbol"": ""MASI"", ""erp_lookback_years"": 10.0, ""erp_mean_method"": ""geometric"", ""erp_mode"": ""manual"", ""erp_source"": ""manual"", ""expected_index_return"": null, ""risk_free_mode"": ""tenor"", ""risk_free_rate"": 0.035, ""risk_free_source"": ""treasury_curve:10Y"", ""scope_key"": ""GLOBAL"", ""source"": ""structural_default"", ""treasury_curve"": {""10Y"": 0.035, ""1Y"": 0.03, ""5Y"": 0.033}, ""treasury_tenor"": ""10Y"", ""version_label"": ""base"", ""warnings"": []}, ""market_cap"": 4554806850.0, ""market_proxy"": ""MASI"", ""scenario_cost_of_debt_addon"": 0.0, ""scenario_erp_addon"": 0.0, ""synthetic_bucket"": null, ""synthetic_spread"": null, ""tax_rate"": 0.35, ""total_debt"": 492170000.0, ""wacc"": 0.08922207127817518, ""weight_source"": ""market_cap_plus_debt""}",computed
HPS,Informatique,cost_of_debt,0.055,computed
HPS,Informatique,cost_of_equity,0.095,computed
HPS,Informatique,cost_of_equity_floor,0.095,scenario
HPS,Informatique,country_risk_premium,0.0,macro_config
HPS,Informatique,currency,MAD,scenario
HPS,Informatique,default_debt_weight,0.3,default
HPS,Informatique,default_equity_weight,0.7,default
HPS,Informatique,equity_risk_premium,0.06,macro_config
HPS,Informatique,fade_years,5.0,default
HPS,Informatique,forecast_years,5.0,default
HPS,Informatique,justified_multiple_ratio_mask,3.0,default
HPS,Informatique,mid_year_discounting,1.0,default
HPS,Informatique,mid_year_terminal,0.0,default
HPS,Informatique,peer_min_count,3.0,default
HPS,Informatique,proxy_weight_cap,0.25,default
HPS,Informatique,relative_multiple_ratio_mask,15.0,default
HPS,Informatique,risk_free_rate,0.035,macro_config
HPS,Informatique,scenario_cost_of_debt_addon,0.0,default
HPS,Informatique,scenario_erp_addon,0.0,default
HPS,Informatique,scenario_probabilities,"{""base"": 0.55, ""bear"": 0.25, ""bull"": 0.2}",
HPS,Informatique,scenario_probability_base,0.55,default
HPS,Informatique,scenario_probability_bear,0.25,default
HPS,Informatique,scenario_probability_bull,0.2,default
HPS,Informatique,sensitivity_terminal_growth_step,0.005,default
HPS,Informatique,sensitivity_wacc_step,0.005,default
HPS,Informatique,stable_payout_ratio,0.55,default
HPS,Informatique,tax_rate,0.35,default
HPS,Informatique,terminal_growth,0.025,default
HPS,Informatique,terminal_growth_basis,"{""equity"": {""binding_constraint"": ""ceiling"", ""ceiling"": 0.035, ""ceiling_source"": ""risk_free_rate"", ""discount_buffer"": 0.01, ""discount_cap"": 0.085, ""discount_rate"": 0.095, ""floor"": 0.0, ""path"": ""equity"", ""payout"": 0.5841947964709048, ""payout_source"": ""historical_dividends_to_net_income"", ""raw_growth"": 0.049717439723084074, ""retention"": 0.4158052035290952, ""roe"": 0.11956906575750725, ""roe_source"": ""historical_roe"", ""source"": ""retention_times_roe"", ""terminal_growth"": 0.035}, ""firm"": {""binding_constraint"": ""ceiling"", ""ceiling"": 0.035, ""ceiling_source"": ""risk_free_rate"", ""discount_buffer"": 0.01, ""discount_cap"": 0.07922207127817518, ""discount_rate"": 0.08922207127817518, ""floor"": 0.0, ""path"": ""firm"", ""raw_growth"": 0.2216867469879518, ""reinvestment_rate"": null, ""roic"": null, ""source"": ""revenue_growth_proxy_missing_roic_or_reinvestment"", ""tax_rate"": 0.35, ""terminal_growth"": 0.035}}",computed
HPS,Informatique,terminal_growth_ceiling_source,1.0,default
HPS,Informatique,terminal_growth_discount_buffer,0.01,default
HPS,Informatique,terminal_growth_equity,0.035,computed_from_fundamentals
HPS,Informatique,terminal_growth_firm,0.035,computed_from_fundamentals
HPS,Informatique,terminal_growth_floor,0.0,default
HPS,Informatique,use_balance_sheet_capital_weights,1.0,default
HPS,Informatique,wacc,0.08922207127817518,computed
IAM,Télécommunications,beta,0.8360334967862519,beta_history
IAM,Télécommunications,beta_min_observations,60.0,default
IAM,Télécommunications,beta_window_years,2.0,default
IAM,Télécommunications,beta_zero_return_threshold,0.3,default
IAM,Télécommunications,bs_balance_fail_bps,200.0,default
IAM,Télécommunications,bs_balance_warn_bps,50.0,default
IAM,Télécommunications,computed_debt_weight,0.19284996562038617,computed
IAM,Télécommunications,computed_equity_weight,0.8071500343796139,computed
IAM,Télécommunications,cost_of_capital_build_up,"{""average_total_debt"": 19603000000.0, ""base_cost_of_debt"": 0.055, ""base_equity_risk_premium"": 0.06, ""beta"": 0.8360334967862519, ""beta_as_of"": ""2026-06-01"", ""beta_frequency"": ""weekly"", ""beta_liquidity_flag"": false, ""beta_lookup_as_of"": ""latest"", ""beta_method"": ""ols"", ""beta_n_obs"": 104, ""beta_r2"": 0.32108073422593886, ""beta_source"": ""beta_history"", ""beta_window_years"": 2.0, ""beta_zero_week_frac"": 0.019230769230769232, ""cost_of_debt"": 0.055, ""cost_of_debt_ceiling"": 0.085, ""cost_of_debt_floor"": 0.04, ""cost_of_debt_pre_scenario"": 0.055, ""cost_of_debt_source"": ""registry_default_missing_debt_inputs"", ""cost_of_debt_unclamped"": 0.055, ""cost_of_equity"": 0.095, ""cost_of_equity_floor"": 0.095, ""cost_of_equity_floor_bound"": true, ""cost_of_equity_unfloored"": 0.08516200980717512, ""country_risk_premium"": 0.0, ""debt_weight"": 0.19284996562038617, ""effective_cost_of_debt"": 0.055, ""effective_equity_risk_premium"": 0.06, ""equity_weight"": 0.8071500343796139, ""interest_coverage"": null, ""interest_expense"": null, ""kd_effective"": null, ""kd_synthetic"": null, ""macro_config"": {""country_risk_mode"": ""auto"", ""country_risk_premium"": 0.0, ""country_risk_source"": ""auto:masi_embedded"", ""equity_risk_premium"": 0.06, ""erp_index_asset_class"": ""index"", ""erp_index_symbol"": ""MASI"", ""erp_lookback_years"": 10.0, ""erp_mean_method"": ""geometric"", ""erp_mode"": ""manual"", ""erp_source"": ""manual"", ""expected_index_return"": null, ""risk_free_mode"": ""tenor"", ""risk_free_rate"": 0.035, ""risk_free_source"": ""treasury_curve:10Y"", ""scope_key"": ""GLOBAL"", ""source"": ""structural_default"", ""treasury_curve"": {""10Y"": 0.035, ""1Y"": 0.03, ""5Y"": 0.033}, ""treasury_tenor"": ""10Y"", ""version_label"": ""base"", ""warnings"": []}, ""market_cap"": 82045968082.2, ""market_proxy"": ""MASI"", ""scenario_cost_of_debt_addon"": 0.0, ""scenario_erp_addon"": 0.0, ""synthetic_bucket"": null, ""synthetic_spread"": null, ""tax_rate"": 0.35, ""total_debt"": 19603000000.0, ""wacc"": 0.08357363953699212, ""weight_source"": ""market_cap_plus_debt""}",computed
IAM,Télécommunications,cost_of_debt,0.055,computed
IAM,Télécommunications,cost_of_equity,0.095,computed
IAM,Télécommunications,cost_of_equity_floor,0.095,scenario
IAM,Télécommunications,country_risk_premium,0.0,macro_config
IAM,Télécommunications,currency,MAD,scenario
IAM,Télécommunications,default_debt_weight,0.3,default
IAM,Télécommunications,default_equity_weight,0.7,default
IAM,Télécommunications,equity_risk_premium,0.06,macro_config
IAM,Télécommunications,fade_years,5.0,default
IAM,Télécommunications,forecast_years,5.0,default
IAM,Télécommunications,justified_multiple_ratio_mask,3.0,default
IAM,Télécommunications,mid_year_discounting,1.0,default
IAM,Télécommunications,mid_year_terminal,0.0,default
IAM,Télécommunications,peer_min_count,3.0,default
IAM,Télécommunications,proxy_weight_cap,0.25,default
IAM,Télécommunications,relative_multiple_ratio_mask,15.0,default
IAM,Télécommunications,risk_free_rate,0.035,macro_config
IAM,Télécommunications,scenario_cost_of_debt_addon,0.0,default
IAM,Télécommunications,scenario_erp_addon,0.0,default
IAM,Télécommunications,scenario_probabilities,"{""base"": 0.55, ""bear"": 0.25, ""bull"": 0.2}",
IAM,Télécommunications,scenario_probability_base,0.55,default
IAM,Télécommunications,scenario_probability_bear,0.25,default
IAM,Télécommunications,scenario_probability_bull,0.2,default
IAM,Télécommunications,sensitivity_terminal_growth_step,0.005,default
IAM,Télécommunications,sensitivity_wacc_step,0.005,default
IAM,Télécommunications,stable_payout_ratio,0.55,default
IAM,Télécommunications,tax_rate,0.35,default
IAM,Télécommunications,terminal_growth,0.025,default
IAM,Télécommunications,terminal_growth_basis,"{""equity"": {""binding_constraint"": ""ceiling"", ""ceiling"": 0.035, ""ceiling_source"": ""risk_free_rate"", ""discount_buffer"": 0.01, ""discount_cap"": 0.085, ""discount_rate"": 0.095, ""floor"": 0.0, ""path"": ""equity"", ""payout"": 0.6338450242201842, ""payout_source"": ""historical_dividends_to_net_income"", ""raw_growth"": 0.07676575341045466, ""retention"": 0.3661549757798158, ""roe"": 0.209653721752554, ""roe_source"": ""historical_roe"", ""source"": ""retention_times_roe"", ""terminal_growth"": 0.035}, ""firm"": {""binding_constraint"": ""floor"", ""ceiling"": 0.035, ""ceiling_source"": ""risk_free_rate"", ""discount_buffer"": 0.01, ""discount_cap"": 0.07357363953699213, ""discount_rate"": 0.08357363953699212, ""floor"": 0.0, ""path"": ""firm"", ""raw_growth"": -0.0004904765797433173, ""reinvestment_rate"": null, ""roic"": null, ""source"": ""revenue_growth_proxy_missing_roic_or_reinvestment"", ""tax_rate"": 0.35, ""terminal_growth"": 0.0}}",computed
IAM,Télécommunications,terminal_growth_ceiling_source,1.0,default
IAM,Télécommunications,terminal_growth_discount_buffer,0.01,default
IAM,Télécommunications,terminal_growth_equity,0.035,computed_from_fundamentals
IAM,Télécommunications,terminal_growth_firm,0.0,computed_from_fundamentals
IAM,Télécommunications,terminal_growth_floor,0.0,default
IAM,Télécommunications,use_balance_sheet_capital_weights,1.0,default
IAM,Télécommunications,wacc,0.08357363953699212,computed
IBC,Informatique,beta,0.3231521964645337,beta_history
IBC,Informatique,beta_min_observations,60.0,default
IBC,Informatique,beta_window_years,2.0,default
IBC,Informatique,beta_zero_return_threshold,0.3,default
IBC,Informatique,bs_balance_fail_bps,200.0,default
IBC,Informatique,bs_balance_warn_bps,50.0,default
IBC,Informatique,computed_debt_weight,0.6678628013198259,computed
IBC,Informatique,computed_equity_weight,0.33213719868017416,computed
IBC,Informatique,cost_of_capital_build_up,"{""average_total_debt"": 52560000.0, ""base_cost_of_debt"": 0.055, ""base_equity_risk_premium"": 0.06, ""beta"": 0.3231521964645337, ""beta_as_of"": ""2026-06-01"", ""beta_frequency"": ""weekly"", ""beta_liquidity_flag"": false, ""beta_lookup_as_of"": ""latest"", ""beta_method"": ""ols"", ""beta_n_obs"": 104, ""beta_r2"": 0.006922226747828053, ""beta_source"": ""beta_history"", ""beta_window_years"": 2.0, ""beta_zero_week_frac"": 0.0673076923076923, ""cost_of_debt"": 0.04, ""cost_of_debt_ceiling"": 0.085, ""cost_of_debt_floor"": 0.04, ""cost_of_debt_pre_scenario"": 0.0013318112633181126, ""cost_of_debt_source"": ""effective_interest_rate_fallback"", ""cost_of_debt_unclamped"": 0.0013318112633181126, ""cost_of_equity"": 0.095, ""cost_of_equity_floor"": 0.095, ""cost_of_equity_floor_bound"": true, ""cost_of_equity_unfloored"": 0.054389131787872025, ""country_risk_premium"": 0.0, ""debt_weight"": 0.6678628013198259, ""effective_cost_of_debt"": 0.04, ""effective_equity_risk_premium"": 0.06, ""equity_weight"": 0.33213719868017416, ""interest_coverage"": null, ""interest_expense"": 70000.0, ""kd_effective"": 0.0013318112633181126, ""kd_synthetic"": null, ""macro_config"": {""country_risk_mode"": ""auto"", ""country_risk_premium"": 0.0, ""country_risk_source"": ""auto:masi_embedded"", ""equity_risk_premium"": 0.06, ""erp_index_asset_class"": ""index"", ""erp_index_symbol"": ""MASI"", ""erp_lookback_years"": 10.0, ""erp_mean_method"": ""geometric"", ""erp_mode"": ""manual"", ""erp_source"": ""manual"", ""expected_index_return"": null, ""risk_free_mode"": ""tenor"", ""risk_free_rate"": 0.035, ""risk_free_source"": ""treasury_curve:10Y"", ""scope_key"": ""GLOBAL"", ""source"": ""structural_default"", ""treasury_curve"": {""10Y"": 0.035, ""1Y"": 0.03, ""5Y"": 0.033}, ""treasury_tenor"": ""10Y"", ""version_label"": ""base"", ""warnings"": []}, ""market_cap"": 26138798.46, ""market_proxy"": ""MASI"", ""scenario_cost_of_debt_addon"": 0.0, ""scenario_erp_addon"": 0.0, ""synthetic_bucket"": null, ""synthetic_spread"": null, ""tax_rate"": 0.35, ""total_debt"": 52560000.0, ""wacc"": 0.04891746670893202, ""weight_source"": ""market_cap_plus_debt""}",computed
IBC,Informatique,cost_of_debt,0.04,computed
IBC,Informatique,cost_of_equity,0.095,computed
IBC,Informatique,cost_of_equity_floor,0.095,scenario
IBC,Informatique,country_risk_premium,0.0,macro_config
IBC,Informatique,currency,MAD,scenario
IBC,Informatique,default_debt_weight,0.3,default
IBC,Informatique,default_equity_weight,0.7,default
IBC,Informatique,equity_risk_premium,0.06,macro_config
IBC,Informatique,fade_years,5.0,default
IBC,Informatique,forecast_years,5.0,default
IBC,Informatique,justified_multiple_ratio_mask,3.0,default
IBC,Informatique,mid_year_discounting,1.0,default
IBC,Informatique,mid_year_terminal,0.0,default
IBC,Informatique,peer_min_count,3.0,default
IBC,Informatique,proxy_weight_cap,0.25,default
IBC,Informatique,relative_multiple_ratio_mask,15.0,default
IBC,Informatique,risk_free_rate,0.035,macro_config
IBC,Informatique,scenario_cost_of_debt_addon,0.0,default
IBC,Informatique,scenario_erp_addon,0.0,default
IBC,Informatique,scenario_probabilities,"{""base"": 0.55, ""bear"": 0.25, ""bull"": 0.2}",
IBC,Informatique,scenario_probability_base,0.55,default
IBC,Informatique,scenario_probability_bear,0.25,default
IBC,Informatique,scenario_probability_bull,0.2,default
IBC,Informatique,sensitivity_terminal_growth_step,0.005,default
IBC,Informatique,sensitivity_wacc_step,0.005,default
IBC,Informatique,stable_payout_ratio,0.55,default
IBC,Informatique,tax_rate,0.35,default
IBC,Informatique,terminal_growth,0.025,default
IBC,Informatique,terminal_growth_basis,"{""equity"": {""binding_constraint"": ""ceiling"", ""ceiling"": 0.035, ""ceiling_source"": ""risk_free_rate"", ""discount_buffer"": 0.01, ""discount_cap"": 0.085, ""discount_rate"": 0.095, ""floor"": 0.0, ""path"": ""equity"", ""payout"": 0.0, ""payout_source"": ""snapshot_dividend_payout"", ""raw_growth"": 0.2754114616695817, ""retention"": 1.0, ""roe"": 0.2754114616695817, ""roe_source"": ""historical_roe"", ""source"": ""retention_times_roe"", ""terminal_growth"": 0.035}, ""firm"": {""binding_constraint"": ""floor"", ""ceiling"": 0.035, ""ceiling_source"": ""risk_free_rate"", ""discount_buffer"": 0.01, ""discount_cap"": 0.038917466708932015, ""discount_rate"": 0.04891746670893202, ""floor"": 0.0, ""path"": ""firm"", ""raw_growth"": -0.05, ""reinvestment_rate"": null, ""roic"": null, ""source"": ""revenue_growth_proxy_missing_roic_or_reinvestment"", ""tax_rate"": 0.35, ""terminal_growth"": 0.0}}",computed
IBC,Informatique,terminal_growth_ceiling_source,1.0,default
IBC,Informatique,terminal_growth_discount_buffer,0.01,default
IBC,Informatique,terminal_growth_equity,0.035,computed_from_fundamentals
IBC,Informatique,terminal_growth_firm,0.0,computed_from_fundamentals
IBC,Informatique,terminal_growth_floor,0.0,default
IBC,Informatique,use_balance_sheet_capital_weights,1.0,default
IBC,Informatique,wacc,0.04891746670893202,computed
IMO,Immobilier,beta,0.20062243944582245,beta_history
IMO,Immobilier,beta_min_observations,60.0,default
IMO,Immobilier,beta_window_years,2.0,default
IMO,Immobilier,beta_zero_return_threshold,0.3,default
IMO,Immobilier,bs_balance_fail_bps,200.0,default
IMO,Immobilier,bs_balance_warn_bps,50.0,default
IMO,Immobilier,computed_debt_weight,0.31322009070630286,computed
IMO,Immobilier,computed_equity_weight,0.6867799092936971,computed
IMO,Immobilier,cost_of_capital_build_up,"{""average_total_debt"": 369458000.0, ""base_cost_of_debt"": 0.055, ""base_equity_risk_premium"": 0.06, ""beta"": 0.20062243944582245, ""beta_as_of"": ""2026-06-01"", ""beta_frequency"": ""weekly"", ""beta_liquidity_flag"": false, ""beta_lookup_as_of"": ""latest"", ""beta_method"": ""ols"", ""beta_n_obs"": 104, ""beta_r2"": 0.13474492424622486, ""beta_source"": ""beta_history"", ""beta_window_years"": 2.0, ""beta_zero_week_frac"": 0.057692307692307696, ""cost_of_debt"": 0.045000000000000005, ""cost_of_debt_ceiling"": 0.085, ""cost_of_debt_floor"": 0.04, ""cost_of_debt_pre_scenario"": 0.045000000000000005, ""cost_of_debt_source"": ""synthetic_interest_coverage_spread"", ""cost_of_debt_unclamped"": 0.045000000000000005, ""cost_of_equity"": 0.095, ""cost_of_equity_floor"": 0.095, ""cost_of_equity_floor_bound"": true, ""cost_of_equity_unfloored"": 0.04703734636674935, ""country_risk_premium"": 0.0, ""debt_weight"": 0.31322009070630286, ""effective_cost_of_debt"": 0.045000000000000005, ""effective_equity_risk_premium"": 0.06, ""equity_weight"": 0.6867799092936971, ""interest_coverage"": 43.58031837916064, ""interest_expense"": 1382000.0, ""kd_effective"": 0.0037406146300797386, ""kd_synthetic"": 0.045000000000000005, ""macro_config"": {""country_risk_mode"": ""auto"", ""country_risk_premium"": 0.0, ""country_risk_source"": ""auto:masi_embedded"", ""equity_risk_premium"": 0.06, ""erp_index_asset_class"": ""index"", ""erp_index_symbol"": ""MASI"", ""erp_lookback_years"": 10.0, ""erp_mean_method"": ""geometric"", ""erp_mode"": ""manual"", ""erp_source"": ""manual"", ""expected_index_return"": null, ""risk_free_mode"": ""tenor"", ""risk_free_rate"": 0.035, ""risk_free_source"": ""treasury_curve:10Y"", ""scope_key"": ""GLOBAL"", ""source"": ""structural_default"", ""treasury_curve"": {""10Y"": 0.035, ""1Y"": 0.03, ""5Y"": 0.033}, ""treasury_tenor"": ""10Y"", ""version_label"": ""base"", ""warnings"": []}, ""market_cap"": 810089580.0, ""market_proxy"": ""MASI"", ""scenario_cost_of_debt_addon"": 0.0, ""scenario_erp_addon"": 0.0, ""synthetic_bucket"": ""AA"", ""synthetic_spread"": 0.01, ""tax_rate"": 0.35, ""total_debt"": 369458000.0, ""wacc"": 0.07440577903606059, ""weight_source"": ""market_cap_plus_debt""}",computed
IMO,Immobilier,cost_of_debt,0.045000000000000005,computed
IMO,Immobilier,cost_of_equity,0.095,computed
IMO,Immobilier,cost_of_equity_floor,0.095,scenario
IMO,Immobilier,country_risk_premium,0.0,macro_config
IMO,Immobilier,currency,MAD,scenario
IMO,Immobilier,default_debt_weight,0.3,default
IMO,Immobilier,default_equity_weight,0.7,default
IMO,Immobilier,equity_risk_premium,0.06,macro_config
IMO,Immobilier,fade_years,5.0,default
IMO,Immobilier,forecast_years,5.0,default
IMO,Immobilier,justified_multiple_ratio_mask,3.0,default
IMO,Immobilier,mid_year_discounting,1.0,default
IMO,Immobilier,mid_year_terminal,0.0,default
IMO,Immobilier,peer_min_count,3.0,default
IMO,Immobilier,proxy_weight_cap,0.25,default
IMO,Immobilier,relative_multiple_ratio_mask,15.0,default
IMO,Immobilier,risk_free_rate,0.035,macro_config
IMO,Immobilier,scenario_cost_of_debt_addon,0.0,default
IMO,Immobilier,scenario_erp_addon,0.0,default
IMO,Immobilier,scenario_probabilities,"{""base"": 0.55, ""bear"": 0.25, ""bull"": 0.2}",
IMO,Immobilier,scenario_probability_base,0.55,default
IMO,Immobilier,scenario_probability_bear,0.25,default
IMO,Immobilier,scenario_probability_bull,0.2,default
IMO,Immobilier,sensitivity_terminal_growth_step,0.005,default
IMO,Immobilier,sensitivity_wacc_step,0.005,default
IMO,Immobilier,stable_payout_ratio,0.55,default
IMO,Immobilier,tax_rate,0.35,default
IMO,Immobilier,terminal_growth,0.025,default
IMO,Immobilier,terminal_growth_basis,"{""equity"": {""binding_constraint"": ""raw"", ""ceiling"": 0.035, ""ceiling_source"": ""risk_free_rate"", ""discount_buffer"": 0.01, ""discount_cap"": 0.085, ""discount_rate"": 0.095, ""floor"": 0.0, ""path"": ""equity"", ""payout"": 1.0585795056189276, ""payout_source"": ""historical_dividends_to_net_income"", ""raw_growth"": 0.03, ""retention"": 0.0, ""roe"": null, ""roe_source"": ""missing_roe"", ""source"": ""earnings_growth_proxy_missing_roe"", ""terminal_growth"": 0.03}, ""firm"": {""binding_constraint"": ""raw"", ""ceiling"": 0.035, ""ceiling_source"": ""risk_free_rate"", ""discount_buffer"": 0.01, ""discount_cap"": 0.0644057790360606, ""discount_rate"": 0.07440577903606059, ""floor"": 0.0, ""path"": ""firm"", ""raw_growth"": 0.0045085243454570136, ""reinvestment_rate"": 0.14338343648688476, ""roic"": 0.031443829607678615, ""source"": ""reinvestment_times_roic"", ""tax_rate"": 0.35, ""terminal_growth"": 0.0045085243454570136}}",computed
IMO,Immobilier,terminal_growth_ceiling_source,1.0,default
IMO,Immobilier,terminal_growth_discount_buffer,0.01,default
IMO,Immobilier,terminal_growth_equity,0.03,computed_from_fundamentals
IMO,Immobilier,terminal_growth_firm,0.0045085243454570136,computed_from_fundamentals
IMO,Immobilier,terminal_growth_floor,0.0,default
IMO,Immobilier,use_balance_sheet_capital_weights,1.0,default
IMO,Immobilier,wacc,0.07440577903606059,computed
INV,Informatique,beta,0.4487983956070545,beta_history
INV,Informatique,beta_min_observations,60.0,default
INV,Informatique,beta_window_years,2.0,default
INV,Informatique,beta_zero_return_threshold,0.3,default
INV,Informatique,bs_balance_fail_bps,200.0,default
INV,Informatique,bs_balance_warn_bps,50.0,default
INV,Informatique,computed_debt_weight,0.22160542596311494,computed
INV,Informatique,computed_equity_weight,0.778394574036885,computed
INV,Informatique,cost_of_capital_build_up,"{""average_total_debt"": 15363010.29, ""base_cost_of_debt"": 0.055, ""base_equity_risk_premium"": 0.06, ""beta"": 0.4487983956070545, ""beta_as_of"": ""2026-06-01"", ""beta_frequency"": ""weekly"", ""beta_liquidity_flag"": false, ""beta_lookup_as_of"": ""latest"", ""beta_method"": ""ols"", ""beta_n_obs"": 104, ""beta_r2"": 0.012479981890993419, ""beta_source"": ""beta_history"", ""beta_window_years"": 2.0, ""beta_zero_week_frac"": 0.07692307692307693, ""cost_of_debt"": 0.085, ""cost_of_debt_ceiling"": 0.085, ""cost_of_debt_floor"": 0.04, ""cost_of_debt_pre_scenario"": 0.095, ""cost_of_debt_source"": ""synthetic_interest_coverage_spread"", ""cost_of_debt_unclamped"": 0.095, ""cost_of_equity"": 0.095, ""cost_of_equity_floor"": 0.095, ""cost_of_equity_floor_bound"": true, ""cost_of_equity_unfloored"": 0.061927903736423276, ""country_risk_premium"": 0.0, ""debt_weight"": 0.22160542596311494, ""effective_cost_of_debt"": 0.085, ""effective_equity_risk_premium"": 0.06, ""equity_weight"": 0.778394574036885, ""interest_coverage"": 0.542147377451516, ""interest_expense"": 553355.07, ""kd_effective"": 0.036018661678576536, ""kd_synthetic"": 0.095, ""macro_config"": {""country_risk_mode"": ""auto"", ""country_risk_premium"": 0.0, ""country_risk_source"": ""auto:masi_embedded"", ""equity_risk_premium"": 0.06, ""erp_index_asset_class"": ""index"", ""erp_index_symbol"": ""MASI"", ""erp_lookback_years"": 10.0, ""erp_mean_method"": ""geometric"", ""erp_mode"": ""manual"", ""erp_source"": ""manual"", ""expected_index_return"": null, ""risk_free_mode"": ""tenor"", ""risk_free_rate"": 0.035, ""risk_free_source"": ""treasury_curve:10Y"", ""scope_key"": ""GLOBAL"", ""source"": ""structural_default"", ""treasury_curve"": {""10Y"": 0.035, ""1Y"": 0.03, ""5Y"": 0.033}, ""treasury_tenor"": ""10Y"", ""version_label"": ""base"", ""warnings"": []}, ""market_cap"": 53962956.0, ""market_proxy"": ""MASI"", ""scenario_cost_of_debt_addon"": 0.0, ""scenario_erp_addon"": 0.0, ""synthetic_bucket"": ""CC/C"", ""synthetic_spread"": 0.06, ""tax_rate"": 0.35, ""total_debt"": 15363010.29, ""wacc"": 0.08619118431796617, ""weight_source"": ""market_cap_plus_debt""}",computed
INV,Informatique,cost_of_debt,0.085,computed
INV,Informatique,cost_of_equity,0.095,computed
INV,Informatique,cost_of_equity_floor,0.095,scenario
INV,Informatique,country_risk_premium,0.0,macro_config
INV,Informatique,currency,MAD,scenario
INV,Informatique,default_debt_weight,0.3,default
INV,Informatique,default_equity_weight,0.7,default
INV,Informatique,equity_risk_premium,0.06,macro_config
INV,Informatique,fade_years,5.0,default
INV,Informatique,forecast_years,5.0,default
INV,Informatique,justified_multiple_ratio_mask,3.0,default
INV,Informatique,mid_year_discounting,1.0,default
INV,Informatique,mid_year_terminal,0.0,default
INV,Informatique,peer_min_count,3.0,default
INV,Informatique,proxy_weight_cap,0.25,default
INV,Informatique,relative_multiple_ratio_mask,15.0,default
INV,Informatique,risk_free_rate,0.035,macro_config
INV,Informatique,scenario_cost_of_debt_addon,0.0,default
INV,Informatique,scenario_erp_addon,0.0,default
INV,Informatique,scenario_probabilities,"{""base"": 0.55, ""bear"": 0.25, ""bull"": 0.2}",
INV,Informatique,scenario_probability_base,0.55,default
INV,Informatique,scenario_probability_bear,0.25,default
INV,Informatique,scenario_probability_bull,0.2,default
INV,Informatique,sensitivity_terminal_growth_step,0.005,default
INV,Informatique,sensitivity_wacc_step,0.005,default
INV,Informatique,stable_payout_ratio,0.55,default
INV,Informatique,tax_rate,0.35,default
INV,Informatique,terminal_growth,0.025,default
INV,Informatique,terminal_growth_basis,"{""equity"": {""binding_constraint"": ""raw"", ""ceiling"": 0.035, ""ceiling_source"": ""risk_free_rate"", ""discount_buffer"": 0.01, ""discount_cap"": 0.085, ""discount_rate"": 0.095, ""floor"": 0.0, ""path"": ""equity"", ""payout"": 0.55, ""payout_source"": ""stable_payout_assumption"", ""raw_growth"": 0.03, ""retention"": 0.44999999999999996, ""roe"": null, ""roe_source"": ""missing_roe"", ""source"": ""earnings_growth_proxy_missing_roe"", ""terminal_growth"": 0.03}, ""firm"": {""binding_constraint"": ""raw"", ""ceiling"": 0.035, ""ceiling_source"": ""risk_free_rate"", ""discount_buffer"": 0.01, ""discount_cap"": 0.07619118431796618, ""discount_rate"": 0.08619118431796617, ""floor"": 0.0, ""path"": ""firm"", ""raw_growth"": 0.01578108053846149, ""reinvestment_rate"": 0.6902295876975538, ""roic"": 0.02286352370245895, ""source"": ""reinvestment_times_roic"", ""tax_rate"": 0.35, ""terminal_growth"": 0.01578108053846149}}",computed
INV,Informatique,terminal_growth_ceiling_source,1.0,default
INV,Informatique,terminal_growth_discount_buffer,0.01,default
INV,Informatique,terminal_growth_equity,0.03,computed_from_fundamentals
INV,Informatique,terminal_growth_firm,0.01578108053846149,computed_from_fundamentals
INV,Informatique,terminal_growth_floor,0.0,default
INV,Informatique,use_balance_sheet_capital_weights,1.0,default
INV,Informatique,wacc,0.08619118431796617,computed
JET,BTP,beta,1.1179923684095374,beta_history
JET,BTP,beta_min_observations,60.0,default
JET,BTP,beta_window_years,2.0,default
JET,BTP,beta_zero_return_threshold,0.3,default
JET,BTP,bs_balance_fail_bps,200.0,default
JET,BTP,bs_balance_warn_bps,50.0,default
JET,BTP,computed_debt_weight,0.15900552336685028,computed
JET,BTP,computed_equity_weight,0.8409944766331497,computed
JET,BTP,cost_of_capital_build_up,"{""average_total_debt"": 1191397028.94, ""base_cost_of_debt"": 0.055, ""base_equity_risk_premium"": 0.06, ""beta"": 1.1179923684095374, ""beta_as_of"": ""2026-06-01"", ""beta_frequency"": ""weekly"", ""beta_liquidity_flag"": false, ""beta_lookup_as_of"": ""latest"", ""beta_method"": ""ols"", ""beta_n_obs"": 104, ""beta_r2"": 0.16006292456862103, ""beta_source"": ""beta_history"", ""beta_window_years"": 2.0, ""beta_zero_week_frac"": 0.038461538461538464, ""cost_of_debt"": 0.061, ""cost_of_debt_ceiling"": 0.085, ""cost_of_debt_floor"": 0.04, ""cost_of_debt_pre_scenario"": 0.061, ""cost_of_debt_source"": ""synthetic_interest_coverage_spread"", ""cost_of_debt_unclamped"": 0.061, ""cost_of_equity"": 0.10207954210457225, ""cost_of_equity_floor"": 0.095, ""cost_of_equity_floor_bound"": false, ""cost_of_equity_unfloored"": 0.10207954210457225, ""country_risk_premium"": 0.0, ""debt_weight"": 0.15900552336685028, ""effective_cost_of_debt"": 0.061, ""effective_equity_risk_premium"": 0.06, ""equity_weight"": 0.8409944766331497, ""interest_coverage"": 4.724355778544386, ""interest_expense"": 92134308.37, ""kd_effective"": 0.07733300162077203, ""kd_synthetic"": 0.061, ""macro_config"": {""country_risk_mode"": ""auto"", ""country_risk_premium"": 0.0, ""country_risk_source"": ""auto:masi_embedded"", ""equity_risk_premium"": 0.06, ""erp_index_asset_class"": ""index"", ""erp_index_symbol"": ""MASI"", ""erp_lookback_years"": 10.0, ""erp_mean_method"": ""geometric"", ""erp_mode"": ""manual"", ""erp_source"": ""manual"", ""expected_index_return"": null, ""risk_free_mode"": ""tenor"", ""risk_free_rate"": 0.035, ""risk_free_source"": ""treasury_curve:10Y"", ""scope_key"": ""GLOBAL"", ""source"": ""structural_default"", ""treasury_curve"": {""10Y"": 0.035, ""1Y"": 0.03, ""5Y"": 0.033}, ""treasury_tenor"": ""10Y"", ""version_label"": ""base"", ""warnings"": []}, ""market_cap"": 6301405760.0, ""market_proxy"": ""MASI"", ""scenario_cost_of_debt_addon"": 0.0, ""scenario_erp_addon"": 0.0, ""synthetic_bucket"": ""BBB"", ""synthetic_spread"": 0.026, ""tax_rate"": 0.35, ""total_debt"": 1191397028.94, ""wacc"": 0.09215290008868193, ""weight_source"": ""market_cap_plus_debt""}",computed
JET,BTP,cost_of_debt,0.061,computed
JET,BTP,cost_of_equity,0.10207954210457225,computed
JET,BTP,cost_of_equity_floor,0.095,scenario
JET,BTP,country_risk_premium,0.0,macro_config
JET,BTP,currency,MAD,scenario
JET,BTP,default_debt_weight,0.3,default
JET,BTP,default_equity_weight,0.7,default
JET,BTP,equity_risk_premium,0.06,macro_config
JET,BTP,fade_years,5.0,default
JET,BTP,forecast_years,5.0,default
JET,BTP,justified_multiple_ratio_mask,3.0,default
JET,BTP,mid_year_discounting,1.0,default
JET,BTP,mid_year_terminal,0.0,default
JET,BTP,peer_min_count,3.0,default
JET,BTP,proxy_weight_cap,0.25,default
JET,BTP,relative_multiple_ratio_mask,15.0,default
JET,BTP,risk_free_rate,0.035,macro_config
JET,BTP,scenario_cost_of_debt_addon,0.0,default
JET,BTP,scenario_erp_addon,0.0,default
JET,BTP,scenario_probabilities,"{""base"": 0.55, ""bear"": 0.25, ""bull"": 0.2}",
JET,BTP,scenario_probability_base,0.55,default
JET,BTP,scenario_probability_bear,0.25,default
JET,BTP,scenario_probability_bull,0.2,default
JET,BTP,sensitivity_terminal_growth_step,0.005,default
JET,BTP,sensitivity_wacc_step,0.005,default
JET,BTP,stable_payout_ratio,0.55,default
JET,BTP,tax_rate,0.35,default
JET,BTP,terminal_growth,0.025,default
JET,BTP,terminal_growth_basis,"{""equity"": {""binding_constraint"": ""raw"", ""ceiling"": 0.035, ""ceiling_source"": ""risk_free_rate"", ""discount_buffer"": 0.01, ""discount_cap"": 0.09207954210457225, ""discount_rate"": 0.10207954210457225, ""floor"": 0.0, ""path"": ""equity"", ""payout"": 0.23737813778101846, ""payout_source"": ""historical_dividends_to_net_income"", ""raw_growth"": 0.03, ""retention"": 0.7626218622189815, ""roe"": null, ""roe_source"": ""missing_roe"", ""source"": ""earnings_growth_proxy_missing_roe"", ""terminal_growth"": 0.03}, ""firm"": {""binding_constraint"": ""ceiling"", ""ceiling"": 0.035, ""ceiling_source"": ""risk_free_rate"", ""discount_buffer"": 0.01, ""discount_cap"": 0.08215290008868194, ""discount_rate"": 0.09215290008868193, ""floor"": 0.0, ""path"": ""firm"", ""raw_growth"": 0.08663225364738084, ""reinvestment_rate"": 0.7877926350351876, ""roic"": 0.10996834673823945, ""source"": ""reinvestment_times_roic"", ""tax_rate"": 0.35, ""terminal_growth"": 0.035}}",computed
JET,BTP,terminal_growth_ceiling_source,1.0,default
JET,BTP,terminal_growth_discount_buffer,0.01,default
JET,BTP,terminal_growth_equity,0.03,computed_from_fundamentals
JET,BTP,terminal_growth_firm,0.035,computed_from_fundamentals
JET,BTP,terminal_growth_floor,0.0,default
JET,BTP,use_balance_sheet_capital_weights,1.0,default
JET,BTP,wacc,0.09215290008868193,computed
LBV,Distribution,beta,0.8495426167252501,beta_history
LBV,Distribution,beta_min_observations,60.0,default
LBV,Distribution,beta_window_years,2.0,default
LBV,Distribution,beta_zero_return_threshold,0.3,default
LBV,Distribution,bs_balance_fail_bps,200.0,default
LBV,Distribution,bs_balance_warn_bps,50.0,default
LBV,Distribution,computed_debt_weight,0.36477222554943245,computed
LBV,Distribution,computed_equity_weight,0.6352277744505676,computed
LBV,Distribution,cost_of_capital_build_up,"{""average_total_debt"": 6391365262.29, ""base_cost_of_debt"": 0.055, ""base_equity_risk_premium"": 0.06, ""beta"": 0.8495426167252501, ""beta_as_of"": ""2026-06-01"", ""beta_frequency"": ""weekly"", ""beta_liquidity_flag"": false, ""beta_lookup_as_of"": ""latest"", ""beta_method"": ""ols"", ""beta_n_obs"": 104, ""beta_r2"": 0.24268053381427113, ""beta_source"": ""beta_history"", ""beta_window_years"": 2.0, ""beta_zero_week_frac"": 0.0673076923076923, ""cost_of_debt"": 0.045000000000000005, ""cost_of_debt_ceiling"": 0.085, ""cost_of_debt_floor"": 0.04, ""cost_of_debt_pre_scenario"": 0.045000000000000005, ""cost_of_debt_source"": ""synthetic_interest_coverage_spread"", ""cost_of_debt_unclamped"": 0.045000000000000005, ""cost_of_equity"": 0.095, ""cost_of_equity_floor"": 0.095, ""cost_of_equity_floor_bound"": true, ""cost_of_equity_unfloored"": 0.085972557003515, ""country_risk_premium"": 0.0, ""debt_weight"": 0.36477222554943245, ""effective_cost_of_debt"": 0.045000000000000005, ""effective_equity_risk_premium"": 0.06, ""equity_weight"": 0.6352277744505676, ""interest_coverage"": 688.636219487311, ""interest_expense"": 1217937.56, ""kd_effective"": 0.0001905598428532964, ""kd_synthetic"": 0.045000000000000005, ""macro_config"": {""country_risk_mode"": ""auto"", ""country_risk_premium"": 0.0, ""country_risk_source"": ""auto:masi_embedded"", ""equity_risk_premium"": 0.06, ""erp_index_asset_class"": ""index"", ""erp_index_symbol"": ""MASI"", ""erp_lookback_years"": 10.0, ""erp_mean_method"": ""geometric"", ""erp_mode"": ""manual"", ""erp_source"": ""manual"", ""expected_index_return"": null, ""risk_free_mode"": ""tenor"", ""risk_free_rate"": 0.035, ""risk_free_source"": ""treasury_curve:10Y"", ""scope_key"": ""GLOBAL"", ""source"": ""structural_default"", ""treasury_curve"": {""10Y"": 0.035, ""1Y"": 0.03, ""5Y"": 0.033}, ""treasury_tenor"": ""10Y"", ""version_label"": ""base"", ""warnings"": []}, ""market_cap"": 11130158622.0, ""market_proxy"": ""MASI"", ""scenario_cost_of_debt_addon"": 0.0, ""scenario_erp_addon"": 0.0, ""synthetic_bucket"": ""AA"", ""synthetic_spread"": 0.01, ""tax_rate"": 0.35, ""total_debt"": 6391365262.29, ""wacc"": 0.07101622617012482, ""weight_source"": ""market_cap_plus_debt""}",computed
LBV,Distribution,cost_of_debt,0.045000000000000005,computed
LBV,Distribution,cost_of_equity,0.095,computed
LBV,Distribution,cost_of_equity_floor,0.095,scenario
LBV,Distribution,country_risk_premium,0.0,macro_config
LBV,Distribution,currency,MAD,scenario
LBV,Distribution,default_debt_weight,0.3,default
LBV,Distribution,default_equity_weight,0.7,default
LBV,Distribution,equity_risk_premium,0.06,macro_config
LBV,Distribution,fade_years,5.0,default
LBV,Distribution,forecast_years,5.0,default
LBV,Distribution,justified_multiple_ratio_mask,3.0,default
LBV,Distribution,mid_year_discounting,1.0,default
LBV,Distribution,mid_year_terminal,0.0,default
LBV,Distribution,peer_min_count,3.0,default
LBV,Distribution,proxy_weight_cap,0.25,default
LBV,Distribution,relative_multiple_ratio_mask,15.0,default
LBV,Distribution,risk_free_rate,0.035,macro_config
LBV,Distribution,scenario_cost_of_debt_addon,0.0,default
LBV,Distribution,scenario_erp_addon,0.0,default
LBV,Distribution,scenario_probabilities,"{""base"": 0.55, ""bear"": 0.25, ""bull"": 0.2}",
LBV,Distribution,scenario_probability_base,0.55,default
LBV,Distribution,scenario_probability_bear,0.25,default
LBV,Distribution,scenario_probability_bull,0.2,default
LBV,Distribution,sensitivity_terminal_growth_step,0.005,default
LBV,Distribution,sensitivity_wacc_step,0.005,default
LBV,Distribution,stable_payout_ratio,0.55,default
LBV,Distribution,tax_rate,0.35,default
LBV,Distribution,terminal_growth,0.025,default
LBV,Distribution,terminal_growth_basis,"{""equity"": {""binding_constraint"": ""raw"", ""ceiling"": 0.035, ""ceiling_source"": ""risk_free_rate"", ""discount_buffer"": 0.01, ""discount_cap"": 0.085, ""discount_rate"": 0.095, ""floor"": 0.0, ""path"": ""equity"", ""payout"": 0.5231712230996145, ""payout_source"": ""historical_dividends_to_net_income"", ""raw_growth"": 0.03, ""retention"": 0.4768287769003855, ""roe"": null, ""roe_source"": ""missing_roe"", ""source"": ""earnings_growth_proxy_missing_roe"", ""terminal_growth"": 0.03}, ""firm"": {""binding_constraint"": ""raw"", ""ceiling"": 0.035, ""ceiling_source"": ""risk_free_rate"", ""discount_buffer"": 0.01, ""discount_cap"": 0.06101622617012482, ""discount_rate"": 0.07101622617012482, ""floor"": 0.0, ""path"": ""firm"", ""raw_growth"": 0.029317726617504203, ""reinvestment_rate"": 0.5, ""roic"": 0.058635453235008406, ""source"": ""reinvestment_times_roic"", ""tax_rate"": 0.35, ""terminal_growth"": 0.029317726617504203}}",computed
LBV,Distribution,terminal_growth_ceiling_source,1.0,default
LBV,Distribution,terminal_growth_discount_buffer,0.01,default
LBV,Distribution,terminal_growth_equity,0.03,computed_from_fundamentals
LBV,Distribution,terminal_growth_firm,0.029317726617504203,computed_from_fundamentals
LBV,Distribution,terminal_growth_floor,0.0,default
LBV,Distribution,use_balance_sheet_capital_weights,1.0,default
LBV,Distribution,wacc,0.07101622617012482,computed
LES,Agroalimentaire,beta,1.0,beta_history
LES,Agroalimentaire,beta_min_observations,60.0,default
LES,Agroalimentaire,beta_window_years,2.0,default
LES,Agroalimentaire,beta_zero_return_threshold,0.3,default
LES,Agroalimentaire,bs_balance_fail_bps,200.0,default
LES,Agroalimentaire,bs_balance_warn_bps,50.0,default
LES,Agroalimentaire,computed_debt_weight,0.04539197728566263,computed
LES,Agroalimentaire,computed_equity_weight,0.9546080227143373,computed
LES,Agroalimentaire,cost_of_capital_build_up,"{""average_total_debt"": 473000000.0, ""base_cost_of_debt"": 0.055, ""base_equity_risk_premium"": 0.06, ""beta"": 1.0, ""beta_as_of"": ""2026-06-01"", ""beta_frequency"": ""weekly"", ""beta_liquidity_flag"": false, ""beta_lookup_as_of"": ""latest"", ""beta_method"": ""ols"", ""beta_n_obs"": 104, ""beta_r2"": 0.002182361953891876, ""beta_source"": ""beta_history"", ""beta_window_years"": 2.0, ""beta_zero_week_frac"": 0.19230769230769232, ""cost_of_debt"": 0.055, ""cost_of_debt_ceiling"": 0.085, ""cost_of_debt_floor"": 0.04, ""cost_of_debt_pre_scenario"": 0.055, ""cost_of_debt_source"": ""registry_default_missing_debt_inputs"", ""cost_of_debt_unclamped"": 0.055, ""cost_of_equity"": 0.095, ""cost_of_equity_floor"": 0.095, ""cost_of_equity_floor_bound"": false, ""cost_of_equity_unfloored"": 0.095, ""country_risk_premium"": 0.0, ""debt_weight"": 0.04539197728566263, ""effective_cost_of_debt"": 0.055, ""effective_equity_risk_premium"": 0.06, ""equity_weight"": 0.9546080227143373, ""interest_coverage"": null, ""interest_expense"": null, ""kd_effective"": null, ""kd_synthetic"": null, ""macro_config"": {""country_risk_mode"": ""auto"", ""country_risk_premium"": 0.0, ""country_risk_source"": ""auto:masi_embedded"", ""equity_risk_premium"": 0.06, ""erp_index_asset_class"": ""index"", ""erp_index_symbol"": ""MASI"", ""erp_lookback_years"": 10.0, ""erp_mean_method"": ""geometric"", ""erp_mode"": ""manual"", ""erp_source"": ""manual"", ""expected_index_return"": null, ""risk_free_mode"": ""tenor"", ""risk_free_rate"": 0.035, ""risk_free_source"": ""treasury_curve:10Y"", ""scope_key"": ""GLOBAL"", ""source"": ""structural_default"", ""treasury_curve"": {""10Y"": 0.035, ""1Y"": 0.03, ""5Y"": 0.033}, ""treasury_tenor"": ""10Y"", ""version_label"": ""base"", ""warnings"": []}, ""market_cap"": 9947343600.0, ""market_proxy"": ""MASI"", ""scenario_cost_of_debt_addon"": 0.0, ""scenario_erp_addon"": 0.0, ""synthetic_bucket"": null, ""synthetic_spread"": null, ""tax_rate"": 0.35, ""total_debt"": 473000000.0, ""wacc"": 0.09231052534582448, ""weight_source"": ""market_cap_plus_debt""}",computed
LES,Agroalimentaire,cost_of_debt,0.055,computed
LES,Agroalimentaire,cost_of_equity,0.095,computed
LES,Agroalimentaire,cost_of_equity_floor,0.095,scenario
LES,Agroalimentaire,country_risk_premium,0.0,macro_config
LES,Agroalimentaire,currency,MAD,scenario
LES,Agroalimentaire,default_debt_weight,0.3,default
LES,Agroalimentaire,default_equity_weight,0.7,default
LES,Agroalimentaire,equity_risk_premium,0.06,macro_config
LES,Agroalimentaire,fade_years,5.0,default
LES,Agroalimentaire,forecast_years,5.0,default
LES,Agroalimentaire,justified_multiple_ratio_mask,3.0,default
LES,Agroalimentaire,mid_year_discounting,1.0,default
LES,Agroalimentaire,mid_year_terminal,0.0,default
LES,Agroalimentaire,peer_min_count,3.0,default
LES,Agroalimentaire,proxy_weight_cap,0.25,default
LES,Agroalimentaire,relative_multiple_ratio_mask,15.0,default
LES,Agroalimentaire,risk_free_rate,0.035,macro_config
LES,Agroalimentaire,scenario_cost_of_debt_addon,0.0,default
LES,Agroalimentaire,scenario_erp_addon,0.0,default
LES,Agroalimentaire,scenario_probabilities,"{""base"": 0.55, ""bear"": 0.25, ""bull"": 0.2}",
LES,Agroalimentaire,scenario_probability_base,0.55,default
LES,Agroalimentaire,scenario_probability_bear,0.25,default
LES,Agroalimentaire,scenario_probability_bull,0.2,default
LES,Agroalimentaire,sensitivity_terminal_growth_step,0.005,default
LES,Agroalimentaire,sensitivity_wacc_step,0.005,default
LES,Agroalimentaire,stable_payout_ratio,0.55,default
LES,Agroalimentaire,tax_rate,0.35,default
LES,Agroalimentaire,terminal_growth,0.025,default
LES,Agroalimentaire,terminal_growth_basis,"{""equity"": {""binding_constraint"": ""raw"", ""ceiling"": 0.035, ""ceiling_source"": ""risk_free_rate"", ""discount_buffer"": 0.01, ""discount_cap"": 0.085, ""discount_rate"": 0.095, ""floor"": 0.0, ""path"": ""equity"", ""payout"": 1.2012003155339805, ""payout_source"": ""historical_dividends_to_net_income"", ""raw_growth"": 0.0, ""retention"": 0.0, ""roe"": 0.00672140093656827, ""roe_source"": ""historical_roe"", ""source"": ""retention_times_roe"", ""terminal_growth"": 0.0}, ""firm"": {""binding_constraint"": ""raw"", ""ceiling"": 0.035, ""ceiling_source"": ""risk_free_rate"", ""discount_buffer"": 0.01, ""discount_cap"": 0.08231052534582449, ""discount_rate"": 0.09231052534582448, ""floor"": 0.0, ""path"": ""firm"", ""raw_growth"": 0.012098991750687443, ""reinvestment_rate"": null, ""roic"": null, ""source"": ""revenue_growth_proxy_missing_roic_or_reinvestment"", ""tax_rate"": 0.35, ""terminal_growth"": 0.012098991750687443}}",computed
LES,Agroalimentaire,terminal_growth_ceiling_source,1.0,default
LES,Agroalimentaire,terminal_growth_discount_buffer,0.01,default
LES,Agroalimentaire,terminal_growth_equity,0.0,computed_from_fundamentals
LES,Agroalimentaire,terminal_growth_firm,0.012098991750687443,computed_from_fundamentals
LES,Agroalimentaire,terminal_growth_floor,0.0,default
LES,Agroalimentaire,use_balance_sheet_capital_weights,1.0,default
LES,Agroalimentaire,wacc,0.09231052534582448,computed
LHM,BTP,beta,0.7929637545806318,beta_history
LHM,BTP,beta_min_observations,60.0,default
LHM,BTP,beta_window_years,2.0,default
LHM,BTP,beta_zero_return_threshold,0.3,default
LHM,BTP,bs_balance_fail_bps,200.0,default
LHM,BTP,bs_balance_warn_bps,50.0,default
LHM,BTP,computed_debt_weight,0.011654075866137469,computed
LHM,BTP,computed_equity_weight,0.9883459241338626,computed
LHM,BTP,cost_of_capital_build_up,"{""average_total_debt"": 510859000.0, ""base_cost_of_debt"": 0.055, ""base_equity_risk_premium"": 0.06, ""beta"": 0.7929637545806318, ""beta_as_of"": ""2026-06-01"", ""beta_frequency"": ""weekly"", ""beta_liquidity_flag"": false, ""beta_lookup_as_of"": ""latest"", ""beta_method"": ""ols"", ""beta_n_obs"": 104, ""beta_r2"": 0.3785166124340259, ""beta_source"": ""beta_history"", ""beta_window_years"": 2.0, ""beta_zero_week_frac"": 0.0673076923076923, ""cost_of_debt"": 0.045000000000000005, ""cost_of_debt_ceiling"": 0.085, ""cost_of_debt_floor"": 0.04, ""cost_of_debt_pre_scenario"": 0.045000000000000005, ""cost_of_debt_source"": ""synthetic_interest_coverage_spread"", ""cost_of_debt_unclamped"": 0.045000000000000005, ""cost_of_equity"": 0.095, ""cost_of_equity_floor"": 0.095, ""cost_of_equity_floor_bound"": true, ""cost_of_equity_unfloored"": 0.08257782527483791, ""country_risk_premium"": 0.0, ""debt_weight"": 0.011654075866137469, ""effective_cost_of_debt"": 0.045000000000000005, ""effective_equity_risk_premium"": 0.06, ""equity_weight"": 0.9883459241338626, ""interest_coverage"": 18.16387464963006, ""interest_expense"": 198005000.0, ""kd_effective"": 0.38759227105718014, ""kd_synthetic"": 0.045000000000000005, ""macro_config"": {""country_risk_mode"": ""auto"", ""country_risk_premium"": 0.0, ""country_risk_source"": ""auto:masi_embedded"", ""equity_risk_premium"": 0.06, ""erp_index_asset_class"": ""index"", ""erp_index_symbol"": ""MASI"", ""erp_lookback_years"": 10.0, ""erp_mean_method"": ""geometric"", ""erp_mode"": ""manual"", ""erp_source"": ""manual"", ""expected_index_return"": null, ""risk_free_mode"": ""tenor"", ""risk_free_rate"": 0.035, ""risk_free_source"": ""treasury_curve:10Y"", ""scope_key"": ""GLOBAL"", ""source"": ""structural_default"", ""treasury_curve"": {""10Y"": 0.035, ""1Y"": 0.03, ""5Y"": 0.033}, ""treasury_tenor"": ""10Y"", ""version_label"": ""base"", ""warnings"": []}, ""market_cap"": 43324362760.0, ""market_proxy"": ""MASI"", ""scenario_cost_of_debt_addon"": 0.0, ""scenario_erp_addon"": 0.0, ""synthetic_bucket"": ""AA"", ""synthetic_spread"": 0.01, ""tax_rate"": 0.35, ""total_debt"": 510859000.0, ""wacc"": 0.09423374451180146, ""weight_source"": ""market_cap_plus_debt""}",computed
LHM,BTP,cost_of_debt,0.045000000000000005,computed
LHM,BTP,cost_of_equity,0.095,computed
LHM,BTP,cost_of_equity_floor,0.095,scenario
LHM,BTP,country_risk_premium,0.0,macro_config
LHM,BTP,currency,MAD,scenario
LHM,BTP,default_debt_weight,0.3,default
LHM,BTP,default_equity_weight,0.7,default
LHM,BTP,equity_risk_premium,0.06,macro_config
LHM,BTP,fade_years,5.0,default
LHM,BTP,forecast_years,5.0,default
LHM,BTP,justified_multiple_ratio_mask,3.0,default
LHM,BTP,mid_year_discounting,1.0,default
LHM,BTP,mid_year_terminal,0.0,default
LHM,BTP,peer_min_count,3.0,default
LHM,BTP,proxy_weight_cap,0.25,default
LHM,BTP,relative_multiple_ratio_mask,15.0,default
LHM,BTP,risk_free_rate,0.035,macro_config
LHM,BTP,scenario_cost_of_debt_addon,0.0,default
LHM,BTP,scenario_erp_addon,0.0,default
LHM,BTP,scenario_probabilities,"{""base"": 0.55, ""bear"": 0.25, ""bull"": 0.2}",
LHM,BTP,scenario_probability_base,0.55,default
LHM,BTP,scenario_probability_bear,0.25,default
LHM,BTP,scenario_probability_bull,0.2,default
LHM,BTP,sensitivity_terminal_growth_step,0.005,default
LHM,BTP,sensitivity_wacc_step,0.005,default
LHM,BTP,stable_payout_ratio,0.55,default
LHM,BTP,tax_rate,0.35,default
LHM,BTP,terminal_growth,0.025,default
LHM,BTP,terminal_growth_basis,"{""equity"": {""binding_constraint"": ""raw"", ""ceiling"": 0.035, ""ceiling_source"": ""risk_free_rate"", ""discount_buffer"": 0.01, ""discount_cap"": 0.085, ""discount_rate"": 0.095, ""floor"": 0.0, ""path"": ""equity"", ""payout"": 0.9981319450285308, ""payout_source"": ""historical_dividends_to_net_income"", ""raw_growth"": 0.03, ""retention"": 0.0018680549714692463, ""roe"": null, ""roe_source"": ""missing_roe"", ""source"": ""earnings_growth_proxy_missing_roe"", ""terminal_growth"": 0.03}, ""firm"": {""binding_constraint"": ""raw"", ""ceiling"": 0.035, ""ceiling_source"": ""risk_free_rate"", ""discount_buffer"": 0.01, ""discount_cap"": 0.08423374451180146, ""discount_rate"": 0.09423374451180146, ""floor"": 0.0, ""path"": ""firm"", ""raw_growth"": 0.0, ""reinvestment_rate"": 0.0, ""roic"": 1.244405636603592, ""source"": ""reinvestment_times_roic"", ""tax_rate"": 0.35, ""terminal_growth"": 0.0}}",computed
LHM,BTP,terminal_growth_ceiling_source,1.0,default
LHM,BTP,terminal_growth_discount_buffer,0.01,default
LHM,BTP,terminal_growth_equity,0.03,computed_from_fundamentals
LHM,BTP,terminal_growth_firm,0.0,computed_from_fundamentals
LHM,BTP,terminal_growth_floor,0.0,default
LHM,BTP,use_balance_sheet_capital_weights,1.0,default
LHM,BTP,wacc,0.09423374451180146,computed
M2M,Informatique,beta,0.19334281997804603,beta_history
M2M,Informatique,beta_min_observations,60.0,default
M2M,Informatique,beta_window_years,2.0,default
M2M,Informatique,beta_zero_return_threshold,0.3,default
M2M,Informatique,bs_balance_fail_bps,200.0,default
M2M,Informatique,bs_balance_warn_bps,50.0,default
M2M,Informatique,computed_debt_weight,0.0019269568016018273,computed
M2M,Informatique,computed_equity_weight,0.9980730431983982,computed
M2M,Informatique,cost_of_capital_build_up,"{""average_total_debt"": 497758.0, ""base_cost_of_debt"": 0.055, ""base_equity_risk_premium"": 0.06, ""beta"": 0.19334281997804603, ""beta_as_of"": ""2026-06-01"", ""beta_frequency"": ""weekly"", ""beta_liquidity_flag"": false, ""beta_lookup_as_of"": ""latest"", ""beta_method"": ""ols"", ""beta_n_obs"": 104, ""beta_r2"": 0.007420759658532727, ""beta_source"": ""beta_history"", ""beta_window_years"": 2.0, ""beta_zero_week_frac"": 0.028846153846153848, ""cost_of_debt"": 0.061, ""cost_of_debt_ceiling"": 0.085, ""cost_of_debt_floor"": 0.04, ""cost_of_debt_pre_scenario"": 0.061, ""cost_of_debt_source"": ""synthetic_interest_coverage_spread"", ""cost_of_debt_unclamped"": 0.061, ""cost_of_equity"": 0.095, ""cost_of_equity_floor"": 0.095, ""cost_of_equity_floor_bound"": true, ""cost_of_equity_unfloored"": 0.046600569198682766, ""country_risk_premium"": 0.0, ""debt_weight"": 0.0019269568016018273, ""effective_cost_of_debt"": 0.061, ""effective_equity_risk_premium"": 0.06, ""equity_weight"": 0.9980730431983982, ""interest_coverage"": 3.5082812640707437, ""interest_expense"": 2583707.61, ""kd_effective"": null, ""kd_synthetic"": 0.061, ""macro_config"": {""country_risk_mode"": ""auto"", ""country_risk_premium"": 0.0, ""country_risk_source"": ""auto:masi_embedded"", ""equity_risk_premium"": 0.06, ""erp_index_asset_class"": ""index"", ""erp_index_symbol"": ""MASI"", ""erp_lookback_years"": 10.0, ""erp_mean_method"": ""geometric"", ""erp_mode"": ""manual"", ""erp_source"": ""manual"", ""expected_index_return"": null, ""risk_free_mode"": ""tenor"", ""risk_free_rate"": 0.035, ""risk_free_source"": ""treasury_curve:10Y"", ""scope_key"": ""GLOBAL"", ""source"": ""structural_default"", ""treasury_curve"": {""10Y"": 0.035, ""1Y"": 0.03, ""5Y"": 0.033}, ""treasury_tenor"": ""10Y"", ""version_label"": ""base"", ""warnings"": []}, ""market_cap"": 257815246.0, ""market_proxy"": ""MASI"", ""scenario_cost_of_debt_addon"": 0.0, ""scenario_erp_addon"": 0.0, ""synthetic_bucket"": ""BBB"", ""synthetic_spread"": 0.026, ""tax_rate"": 0.35, ""total_debt"": 497758.0, ""wacc"": 0.09489334294103133, ""weight_source"": ""market_cap_plus_debt""}",computed
M2M,Informatique,cost_of_debt,0.061,computed
M2M,Informatique,cost_of_equity,0.095,computed
M2M,Informatique,cost_of_equity_floor,0.095,scenario
M2M,Informatique,country_risk_premium,0.0,macro_config
M2M,Informatique,currency,MAD,scenario
M2M,Informatique,default_debt_weight,0.3,default
M2M,Informatique,default_equity_weight,0.7,default
M2M,Informatique,equity_risk_premium,0.06,macro_config
M2M,Informatique,fade_years,5.0,default
M2M,Informatique,forecast_years,5.0,default
M2M,Informatique,justified_multiple_ratio_mask,3.0,default
M2M,Informatique,mid_year_discounting,1.0,default
M2M,Informatique,mid_year_terminal,0.0,default
M2M,Informatique,peer_min_count,3.0,default
M2M,Informatique,proxy_weight_cap,0.25,default
M2M,Informatique,relative_multiple_ratio_mask,15.0,default
M2M,Informatique,risk_free_rate,0.035,macro_config
M2M,Informatique,scenario_cost_of_debt_addon,0.0,default
M2M,Informatique,scenario_erp_addon,0.0,default
M2M,Informatique,scenario_probabilities,"{""base"": 0.55, ""bear"": 0.25, ""bull"": 0.2}",
M2M,Informatique,scenario_probability_base,0.55,default
M2M,Informatique,scenario_probability_bear,0.25,default
M2M,Informatique,scenario_probability_bull,0.2,default
M2M,Informatique,sensitivity_terminal_growth_step,0.005,default
M2M,Informatique,sensitivity_wacc_step,0.005,default
M2M,Informatique,stable_payout_ratio,0.55,default
M2M,Informatique,tax_rate,0.35,default
M2M,Informatique,terminal_growth,0.025,default
M2M,Informatique,terminal_growth_basis,"{""equity"": {""binding_constraint"": ""raw"", ""ceiling"": 0.035, ""ceiling_source"": ""risk_free_rate"", ""discount_buffer"": 0.01, ""discount_cap"": 0.085, ""discount_rate"": 0.095, ""floor"": 0.0, ""path"": ""equity"", ""payout"": 0.0, ""payout_source"": ""historical_dividends_to_net_income"", ""raw_growth"": 0.03, ""retention"": 1.0, ""roe"": null, ""roe_source"": ""missing_roe"", ""source"": ""earnings_growth_proxy_missing_roe"", ""terminal_growth"": 0.03}, ""firm"": {""binding_constraint"": ""ceiling"", ""ceiling"": 0.035, ""ceiling_source"": ""risk_free_rate"", ""discount_buffer"": 0.01, ""discount_cap"": 0.08489334294103133, ""discount_rate"": 0.09489334294103133, ""floor"": 0.0, ""path"": ""firm"", ""raw_growth"": 0.04544280255067523, ""reinvestment_rate"": 1.5, ""roic"": 0.030295201700450157, ""source"": ""reinvestment_times_roic"", ""tax_rate"": 0.35, ""terminal_growth"": 0.035}}",computed
M2M,Informatique,terminal_growth_ceiling_source,1.0,default
M2M,Informatique,terminal_growth_discount_buffer,0.01,default
M2M,Informatique,terminal_growth_equity,0.03,computed_from_fundamentals
M2M,Informatique,terminal_growth_firm,0.035,computed_from_fundamentals
M2M,Informatique,terminal_growth_floor,0.0,default
M2M,Informatique,use_balance_sheet_capital_weights,1.0,default
M2M,Informatique,wacc,0.09489334294103133,computed
MAB,Sociétés de financement,beta,0.14790975044132393,beta_history
MAB,Sociétés de financement,beta_min_observations,60.0,default
MAB,Sociétés de financement,beta_window_years,2.0,default
MAB,Sociétés de financement,beta_zero_return_threshold,0.3,default
MAB,Sociétés de financement,bs_balance_fail_bps,200.0,default
MAB,Sociétés de financement,bs_balance_warn_bps,50.0,default
MAB,Sociétés de financement,computed_debt_weight,0.9063387309955414,computed
MAB,Sociétés de financement,computed_equity_weight,0.09366126900445855,computed
MAB,Sociétés de financement,cost_of_capital_build_up,"{""average_total_debt"": 11988000000.0, ""base_cost_of_debt"": 0.055, ""base_equity_risk_premium"": 0.06, ""beta"": 0.14790975044132393, ""beta_as_of"": ""2026-06-01"", ""beta_frequency"": ""weekly"", ""beta_liquidity_flag"": false, ""beta_lookup_as_of"": ""latest"", ""beta_method"": ""ols"", ""beta_n_obs"": 104, ""beta_r2"": 0.01480145925870402, ""beta_source"": ""beta_history"", ""beta_window_years"": 2.0, ""beta_zero_week_frac"": 0.22115384615384615, ""cost_of_debt"": 0.055, ""cost_of_debt_ceiling"": 0.085, ""cost_of_debt_floor"": 0.04, ""cost_of_debt_pre_scenario"": 0.055, ""cost_of_debt_source"": ""registry_default_financial_sector"", ""cost_of_debt_unclamped"": 0.055, ""cost_of_equity"": 0.095, ""cost_of_equity_floor"": 0.095, ""cost_of_equity_floor_bound"": true, ""cost_of_equity_unfloored"": 0.04387458502647944, ""country_risk_premium"": 0.0, ""debt_weight"": 0.9063387309955414, ""effective_cost_of_debt"": 0.055, ""effective_equity_risk_premium"": 0.06, ""equity_weight"": 0.09366126900445855, ""interest_coverage"": null, ""interest_expense"": null, ""kd_effective"": null, ""kd_synthetic"": null, ""macro_config"": {""country_risk_mode"": ""auto"", ""country_risk_premium"": 0.0, ""country_risk_source"": ""auto:masi_embedded"", ""equity_risk_premium"": 0.06, ""erp_index_asset_class"": ""index"", ""erp_index_symbol"": ""MASI"", ""erp_lookback_years"": 10.0, ""erp_mean_method"": ""geometric"", ""erp_mode"": ""manual"", ""erp_source"": ""manual"", ""expected_index_return"": null, ""risk_free_mode"": ""tenor"", ""risk_free_rate"": 0.035, ""risk_free_source"": ""treasury_curve:10Y"", ""scope_key"": ""GLOBAL"", ""source"": ""structural_default"", ""treasury_curve"": {""10Y"": 0.035, ""1Y"": 0.03, ""5Y"": 0.033}, ""treasury_tenor"": ""10Y"", ""version_label"": ""base"", ""warnings"": []}, ""market_cap"": 1238842890.0, ""market_proxy"": ""MASI"", ""scenario_cost_of_debt_addon"": 0.0, ""scenario_erp_addon"": 0.0, ""synthetic_bucket"": null, ""synthetic_spread"": null, ""tax_rate"": 0.35, ""total_debt"": 11988000000.0, ""wacc"": 0.04129943018851417, ""weight_source"": ""market_cap_plus_debt""}",computed
MAB,Sociétés de financement,cost_of_debt,0.055,computed
MAB,Sociétés de financement,cost_of_equity,0.095,computed
MAB,Sociétés de financement,cost_of_equity_floor,0.095,scenario
MAB,Sociétés de financement,country_risk_premium,0.0,macro_config
MAB,Sociétés de financement,currency,MAD,scenario
MAB,Sociétés de financement,default_debt_weight,0.3,default
MAB,Sociétés de financement,default_equity_weight,0.7,default
MAB,Sociétés de financement,equity_risk_premium,0.06,macro_config
MAB,Sociétés de financement,fade_years,5.0,default
MAB,Sociétés de financement,forecast_years,5.0,default
MAB,Sociétés de financement,justified_multiple_ratio_mask,3.0,default
MAB,Sociétés de financement,mid_year_discounting,1.0,default
MAB,Sociétés de financement,mid_year_terminal,0.0,default
MAB,Sociétés de financement,peer_min_count,3.0,default
MAB,Sociétés de financement,proxy_weight_cap,0.25,default
MAB,Sociétés de financement,relative_multiple_ratio_mask,15.0,default
MAB,Sociétés de financement,risk_free_rate,0.035,macro_config
MAB,Sociétés de financement,scenario_cost_of_debt_addon,0.0,default
MAB,Sociétés de financement,scenario_erp_addon,0.0,default
MAB,Sociétés de financement,scenario_probabilities,"{""base"": 0.55, ""bear"": 0.25, ""bull"": 0.2}",
MAB,Sociétés de financement,scenario_probability_base,0.55,default
MAB,Sociétés de financement,scenario_probability_bear,0.25,default
MAB,Sociétés de financement,scenario_probability_bull,0.2,default
MAB,Sociétés de financement,sensitivity_terminal_growth_step,0.005,default
MAB,Sociétés de financement,sensitivity_wacc_step,0.005,default
MAB,Sociétés de financement,stable_payout_ratio,0.55,default
MAB,Sociétés de financement,tax_rate,0.35,default
MAB,Sociétés de financement,terminal_growth,0.025,default
MAB,Sociétés de financement,terminal_growth_basis,"{""equity"": {""binding_constraint"": ""ceiling"", ""ceiling"": 0.035, ""ceiling_source"": ""risk_free_rate"", ""discount_buffer"": 0.01, ""discount_cap"": 0.085, ""discount_rate"": 0.095, ""floor"": 0.0, ""path"": ""equity"", ""payout"": 0.5258043860854192, ""payout_source"": ""historical_dividends_to_net_income"", ""raw_growth"": 0.05625490044748635, ""retention"": 0.47419561391458076, ""roe"": 0.11863226650936469, ""roe_source"": ""historical_roe"", ""source"": ""retention_times_roe"", ""terminal_growth"": 0.035}, ""firm"": {""path"": ""firm"", ""source"": ""not_used_for_financials"", ""terminal_growth"": 0.025}}",computed
MAB,Sociétés de financement,terminal_growth_ceiling_source,1.0,default
MAB,Sociétés de financement,terminal_growth_discount_buffer,0.01,default
MAB,Sociétés de financement,terminal_growth_equity,0.035,computed_from_fundamentals
MAB,Sociétés de financement,terminal_growth_firm,0.025,computed_from_fundamentals
MAB,Sociétés de financement,terminal_growth_floor,0.0,default
MAB,Sociétés de financement,use_balance_sheet_capital_weights,1.0,default
MAB,Sociétés de financement,wacc,0.04129943018851417,computed
MDP,Autre,beta,0.7616922926212502,beta_history
MDP,Autre,beta_min_observations,60.0,default
MDP,Autre,beta_window_years,2.0,default
MDP,Autre,beta_zero_return_threshold,0.3,default
MDP,Autre,bs_balance_fail_bps,200.0,default
MDP,Autre,bs_balance_warn_bps,50.0,default
MDP,Autre,computed_debt_weight,0.4499484424797297,computed
MDP,Autre,computed_equity_weight,0.5500515575202704,computed
MDP,Autre,cost_of_capital_build_up,"{""average_total_debt"": 97830543.27, ""base_cost_of_debt"": 0.055, ""base_equity_risk_premium"": 0.06, ""beta"": 0.7616922926212502, ""beta_as_of"": ""2026-06-01"", ""beta_frequency"": ""weekly"", ""beta_liquidity_flag"": false, ""beta_lookup_as_of"": ""latest"", ""beta_method"": ""ols"", ""beta_n_obs"": 104, ""beta_r2"": 0.1018466787293053, ""beta_source"": ""beta_history"", ""beta_window_years"": 2.0, ""beta_zero_week_frac"": 0.019230769230769232, ""cost_of_debt"": 0.08, ""cost_of_debt_ceiling"": 0.085, ""cost_of_debt_floor"": 0.04, ""cost_of_debt_pre_scenario"": 0.08, ""cost_of_debt_source"": ""synthetic_interest_coverage_spread"", ""cost_of_debt_unclamped"": 0.08, ""cost_of_equity"": 0.095, ""cost_of_equity_floor"": 0.095, ""cost_of_equity_floor_bound"": true, ""cost_of_equity_unfloored"": 0.08070153755727501, ""country_risk_premium"": 0.0, ""debt_weight"": 0.4499484424797297, ""effective_cost_of_debt"": 0.08, ""effective_equity_risk_premium"": 0.06, ""equity_weight"": 0.5500515575202704, ""interest_coverage"": 2.16598012208944, ""interest_expense"": 4780988.41, ""kd_effective"": 0.0488700997683829, ""kd_synthetic"": 0.08, ""macro_config"": {""country_risk_mode"": ""auto"", ""country_risk_premium"": 0.0, ""country_risk_source"": ""auto:masi_embedded"", ""equity_risk_premium"": 0.06, ""erp_index_asset_class"": ""index"", ""erp_index_symbol"": ""MASI"", ""erp_lookback_years"": 10.0, ""erp_mean_method"": ""geometric"", ""erp_mode"": ""manual"", ""erp_source"": ""manual"", ""expected_index_return"": null, ""risk_free_mode"": ""tenor"", ""risk_free_rate"": 0.035, ""risk_free_source"": ""treasury_curve:10Y"", ""scope_key"": ""GLOBAL"", ""source"": ""structural_default"", ""treasury_curve"": {""10Y"": 0.035, ""1Y"": 0.03, ""5Y"": 0.033}, ""treasury_tenor"": ""10Y"", ""version_label"": ""base"", ""warnings"": []}, ""market_cap"": 119595575.0, ""market_proxy"": ""MASI"", ""scenario_cost_of_debt_addon"": 0.0, ""scenario_erp_addon"": 0.0, ""synthetic_bucket"": ""B"", ""synthetic_spread"": 0.045, ""tax_rate"": 0.35, ""total_debt"": 97830543.27, ""wacc"": 0.07565221697337163, ""weight_source"": ""market_cap_plus_debt""}",computed
MDP,Autre,cost_of_debt,0.08,computed
MDP,Autre,cost_of_equity,0.095,computed
MDP,Autre,cost_of_equity_floor,0.095,scenario
MDP,Autre,country_risk_premium,0.0,macro_config
MDP,Autre,currency,MAD,scenario
MDP,Autre,default_debt_weight,0.3,default
MDP,Autre,default_equity_weight,0.7,default
MDP,Autre,equity_risk_premium,0.06,macro_config
MDP,Autre,fade_years,5.0,default
MDP,Autre,forecast_years,5.0,default
MDP,Autre,justified_multiple_ratio_mask,3.0,default
MDP,Autre,mid_year_discounting,1.0,default
MDP,Autre,mid_year_terminal,0.0,default
MDP,Autre,peer_min_count,3.0,default
MDP,Autre,proxy_weight_cap,0.25,default
MDP,Autre,relative_multiple_ratio_mask,15.0,default
MDP,Autre,risk_free_rate,0.035,macro_config
MDP,Autre,scenario_cost_of_debt_addon,0.0,default
MDP,Autre,scenario_erp_addon,0.0,default
MDP,Autre,scenario_probabilities,"{""base"": 0.55, ""bear"": 0.25, ""bull"": 0.2}",
MDP,Autre,scenario_probability_base,0.55,default
MDP,Autre,scenario_probability_bear,0.25,default
MDP,Autre,scenario_probability_bull,0.2,default
MDP,Autre,sensitivity_terminal_growth_step,0.005,default
MDP,Autre,sensitivity_wacc_step,0.005,default
MDP,Autre,stable_payout_ratio,0.55,default
MDP,Autre,tax_rate,0.35,default
MDP,Autre,terminal_growth,0.025,default
MDP,Autre,terminal_growth_basis,"{""equity"": {""binding_constraint"": ""raw"", ""ceiling"": 0.035, ""ceiling_source"": ""risk_free_rate"", ""discount_buffer"": 0.01, ""discount_cap"": 0.085, ""discount_rate"": 0.095, ""floor"": 0.0, ""path"": ""equity"", ""payout"": 0.0, ""payout_source"": ""historical_dividends_to_net_income"", ""raw_growth"": 0.03, ""retention"": 1.0, ""roe"": null, ""roe_source"": ""missing_roe"", ""source"": ""earnings_growth_proxy_missing_roe"", ""terminal_growth"": 0.03}, ""firm"": {""binding_constraint"": ""raw"", ""ceiling"": 0.035, ""ceiling_source"": ""risk_free_rate"", ""discount_buffer"": 0.01, ""discount_cap"": 0.06565221697337163, ""discount_rate"": 0.07565221697337163, ""floor"": 0.0, ""path"": ""firm"", ""raw_growth"": 0.020264439127014106, ""reinvestment_rate"": 0.5, ""roic"": 0.04052887825402821, ""source"": ""reinvestment_times_roic"", ""tax_rate"": 0.35, ""terminal_growth"": 0.020264439127014106}}",computed
MDP,Autre,terminal_growth_ceiling_source,1.0,default
MDP,Autre,terminal_growth_discount_buffer,0.01,default
MDP,Autre,terminal_growth_equity,0.03,computed_from_fundamentals
MDP,Autre,terminal_growth_firm,0.020264439127014106,computed_from_fundamentals
MDP,Autre,terminal_growth_floor,0.0,default
MDP,Autre,use_balance_sheet_capital_weights,1.0,default
MDP,Autre,wacc,0.07565221697337163,computed
MIC,Informatique,beta,0.5292044160295302,beta_history
MIC,Informatique,beta_min_observations,60.0,default
MIC,Informatique,beta_window_years,2.0,default
MIC,Informatique,beta_zero_return_threshold,0.3,default
MIC,Informatique,bs_balance_fail_bps,200.0,default
MIC,Informatique,bs_balance_warn_bps,50.0,default
MIC,Informatique,computed_debt_weight,0.0,computed
MIC,Informatique,computed_equity_weight,1.0,computed
MIC,Informatique,cost_of_capital_build_up,"{""average_total_debt"": 908516.0, ""base_cost_of_debt"": 0.055, ""base_equity_risk_premium"": 0.06, ""beta"": 0.5292044160295302, ""beta_as_of"": ""2026-06-01"", ""beta_frequency"": ""weekly"", ""beta_liquidity_flag"": false, ""beta_lookup_as_of"": ""latest"", ""beta_method"": ""ols"", ""beta_n_obs"": 104, ""beta_r2"": 0.0969036409228401, ""beta_source"": ""beta_history"", ""beta_window_years"": 2.0, ""beta_zero_week_frac"": 0.09615384615384616, ""cost_of_debt"": 0.045000000000000005, ""cost_of_debt_ceiling"": 0.085, ""cost_of_debt_floor"": 0.04, ""cost_of_debt_pre_scenario"": 0.045000000000000005, ""cost_of_debt_source"": ""synthetic_interest_coverage_spread"", ""cost_of_debt_unclamped"": 0.045000000000000005, ""cost_of_equity"": 0.095, ""cost_of_equity_floor"": 0.095, ""cost_of_equity_floor_bound"": true, ""cost_of_equity_unfloored"": 0.0667522649617718, ""country_risk_premium"": 0.0, ""debt_weight"": 0.0, ""effective_cost_of_debt"": 0.045000000000000005, ""effective_equity_risk_premium"": 0.06, ""equity_weight"": 1.0, ""interest_coverage"": 9.949526399666784, ""interest_expense"": 10733660.1, ""kd_effective"": null, ""kd_synthetic"": 0.045000000000000005, ""macro_config"": {""country_risk_mode"": ""auto"", ""country_risk_premium"": 0.0, ""country_risk_source"": ""auto:masi_embedded"", ""equity_risk_premium"": 0.06, ""erp_index_asset_class"": ""index"", ""erp_index_symbol"": ""MASI"", ""erp_lookback_years"": 10.0, ""erp_mean_method"": ""geometric"", ""erp_mode"": ""manual"", ""erp_source"": ""manual"", ""expected_index_return"": null, ""risk_free_mode"": ""tenor"", ""risk_free_rate"": 0.035, ""risk_free_source"": ""treasury_curve:10Y"", ""scope_key"": ""GLOBAL"", ""source"": ""structural_default"", ""treasury_curve"": {""10Y"": 0.035, ""1Y"": 0.03, ""5Y"": 0.033}, ""treasury_tenor"": ""10Y"", ""version_label"": ""base"", ""warnings"": []}, ""market_cap"": 1317120000.0, ""market_proxy"": ""MASI"", ""scenario_cost_of_debt_addon"": 0.0, ""scenario_erp_addon"": 0.0, ""synthetic_bucket"": ""AA"", ""synthetic_spread"": 0.01, ""tax_rate"": 0.35, ""total_debt"": 0.0, ""wacc"": 0.095, ""weight_source"": ""market_cap_plus_debt""}",computed
MIC,Informatique,cost_of_debt,0.045000000000000005,computed
MIC,Informatique,cost_of_equity,0.095,computed
MIC,Informatique,cost_of_equity_floor,0.095,scenario
MIC,Informatique,country_risk_premium,0.0,macro_config
MIC,Informatique,currency,MAD,scenario
MIC,Informatique,default_debt_weight,0.3,default
MIC,Informatique,default_equity_weight,0.7,default
MIC,Informatique,equity_risk_premium,0.06,macro_config
MIC,Informatique,fade_years,5.0,default
MIC,Informatique,forecast_years,5.0,default
MIC,Informatique,justified_multiple_ratio_mask,3.0,default
MIC,Informatique,mid_year_discounting,1.0,default
MIC,Informatique,mid_year_terminal,0.0,default
MIC,Informatique,peer_min_count,3.0,default
MIC,Informatique,proxy_weight_cap,0.25,default
MIC,Informatique,relative_multiple_ratio_mask,15.0,default
MIC,Informatique,risk_free_rate,0.035,macro_config
MIC,Informatique,scenario_cost_of_debt_addon,0.0,default
MIC,Informatique,scenario_erp_addon,0.0,default
MIC,Informatique,scenario_probabilities,"{""base"": 0.55, ""bear"": 0.25, ""bull"": 0.2}",
MIC,Informatique,scenario_probability_base,0.55,default
MIC,Informatique,scenario_probability_bear,0.25,default
MIC,Informatique,scenario_probability_bull,0.2,default
MIC,Informatique,sensitivity_terminal_growth_step,0.005,default
MIC,Informatique,sensitivity_wacc_step,0.005,default
MIC,Informatique,stable_payout_ratio,0.55,default
MIC,Informatique,tax_rate,0.35,default
MIC,Informatique,terminal_growth,0.025,default
MIC,Informatique,terminal_growth_basis,"{""equity"": {""binding_constraint"": ""raw"", ""ceiling"": 0.035, ""ceiling_source"": ""risk_free_rate"", ""discount_buffer"": 0.01, ""discount_cap"": 0.085, ""discount_rate"": 0.095, ""floor"": 0.0, ""path"": ""equity"", ""payout"": 1.1406390018738426, ""payout_source"": ""historical_dividends_to_net_income"", ""raw_growth"": 0.03, ""retention"": 0.0, ""roe"": null, ""roe_source"": ""missing_roe"", ""source"": ""earnings_growth_proxy_missing_roe"", ""terminal_growth"": 0.03}, ""firm"": {""binding_constraint"": ""ceiling"", ""ceiling"": 0.035, ""ceiling_source"": ""risk_free_rate"", ""discount_buffer"": 0.01, ""discount_cap"": 0.085, ""discount_rate"": 0.095, ""floor"": 0.0, ""path"": ""firm"", ""raw_growth"": 0.5340354994081074, ""reinvestment_rate"": 0.5261685674406723, ""roic"": 1.0149513529584264, ""source"": ""reinvestment_times_roic"", ""tax_rate"": 0.35, ""terminal_growth"": 0.035}}",computed
MIC,Informatique,terminal_growth_ceiling_source,1.0,default
MIC,Informatique,terminal_growth_discount_buffer,0.01,default
MIC,Informatique,terminal_growth_equity,0.03,computed_from_fundamentals
MIC,Informatique,terminal_growth_firm,0.035,computed_from_fundamentals
MIC,Informatique,terminal_growth_floor,0.0,default
MIC,Informatique,use_balance_sheet_capital_weights,1.0,default
MIC,Informatique,wacc,0.095,computed
MLE,Sociétés de financement,beta,0.5324504634368914,beta_history
MLE,Sociétés de financement,beta_min_observations,60.0,default
MLE,Sociétés de financement,beta_window_years,2.0,default
MLE,Sociétés de financement,beta_zero_return_threshold,0.3,default
MLE,Sociétés de financement,bs_balance_fail_bps,200.0,default
MLE,Sociétés de financement,bs_balance_warn_bps,50.0,default
MLE,Sociétés de financement,computed_debt_weight,0.9138311481267128,computed
MLE,Sociétés de financement,computed_equity_weight,0.08616885187328716,computed
MLE,Sociétés de financement,cost_of_capital_build_up,"{""average_total_debt"": 10895746000.0, ""base_cost_of_debt"": 0.055, ""base_equity_risk_premium"": 0.06, ""beta"": 0.5324504634368914, ""beta_as_of"": ""2026-05-11"", ""beta_frequency"": ""weekly"", ""beta_liquidity_flag"": true, ""beta_lookup_as_of"": ""latest"", ""beta_method"": ""dimson_blume"", ""beta_n_obs"": 103, ""beta_r2"": 0.02014021787490139, ""beta_source"": ""beta_history"", ""beta_window_years"": 2.0, ""beta_zero_week_frac"": 0.3269230769230769, ""cost_of_debt"": 0.055, ""cost_of_debt_ceiling"": 0.085, ""cost_of_debt_floor"": 0.04, ""cost_of_debt_pre_scenario"": 0.055, ""cost_of_debt_source"": ""registry_default_financial_sector"", ""cost_of_debt_unclamped"": 0.055, ""cost_of_equity"": 0.095, ""cost_of_equity_floor"": 0.095, ""cost_of_equity_floor_bound"": true, ""cost_of_equity_unfloored"": 0.06694702780621348, ""country_risk_premium"": 0.0, ""debt_weight"": 0.9138311481267128, ""effective_cost_of_debt"": 0.055, ""effective_equity_risk_premium"": 0.06, ""equity_weight"": 0.08616885187328716, ""interest_coverage"": null, ""interest_expense"": null, ""kd_effective"": null, ""kd_synthetic"": null, ""macro_config"": {""country_risk_mode"": ""auto"", ""country_risk_premium"": 0.0, ""country_risk_source"": ""auto:masi_embedded"", ""equity_risk_premium"": 0.06, ""erp_index_asset_class"": ""index"", ""erp_index_symbol"": ""MASI"", ""erp_lookback_years"": 10.0, ""erp_mean_method"": ""geometric"", ""erp_mode"": ""manual"", ""erp_source"": ""manual"", ""expected_index_return"": null, ""risk_free_mode"": ""tenor"", ""risk_free_rate"": 0.035, ""risk_free_source"": ""treasury_curve:10Y"", ""scope_key"": ""GLOBAL"", ""source"": ""structural_default"", ""treasury_curve"": {""10Y"": 0.035, ""1Y"": 0.03, ""5Y"": 0.033}, ""treasury_tenor"": ""10Y"", ""version_label"": ""base"", ""warnings"": []}, ""market_cap"": 1027404160.0, ""market_proxy"": ""MASI"", ""scenario_cost_of_debt_addon"": 0.0, ""scenario_erp_addon"": 0.0, ""synthetic_bucket"": null, ""synthetic_spread"": null, ""tax_rate"": 0.35, ""total_debt"": 10895746000.0, ""wacc"": 0.04085550447349227, ""weight_source"": ""market_cap_plus_debt""}",computed
MLE,Sociétés de financement,cost_of_debt,0.055,computed
MLE,Sociétés de financement,cost_of_equity,0.095,computed
MLE,Sociétés de financement,cost_of_equity_floor,0.095,scenario
MLE,Sociétés de financement,country_risk_premium,0.0,macro_config
MLE,Sociétés de financement,currency,MAD,scenario
MLE,Sociétés de financement,default_debt_weight,0.3,default
MLE,Sociétés de financement,default_equity_weight,0.7,default
MLE,Sociétés de financement,equity_risk_premium,0.06,macro_config
MLE,Sociétés de financement,fade_years,5.0,default
MLE,Sociétés de financement,forecast_years,5.0,default
MLE,Sociétés de financement,justified_multiple_ratio_mask,3.0,default
MLE,Sociétés de financement,mid_year_discounting,1.0,default
MLE,Sociétés de financement,mid_year_terminal,0.0,default
MLE,Sociétés de financement,peer_min_count,3.0,default
MLE,Sociétés de financement,proxy_weight_cap,0.25,default
MLE,Sociétés de financement,relative_multiple_ratio_mask,15.0,default
MLE,Sociétés de financement,risk_free_rate,0.035,macro_config
MLE,Sociétés de financement,scenario_cost_of_debt_addon,0.0,default
MLE,Sociétés de financement,scenario_erp_addon,0.0,default
MLE,Sociétés de financement,scenario_probabilities,"{""base"": 0.55, ""bear"": 0.25, ""bull"": 0.2}",
MLE,Sociétés de financement,scenario_probability_base,0.55,default
MLE,Sociétés de financement,scenario_probability_bear,0.25,default
MLE,Sociétés de financement,scenario_probability_bull,0.2,default
MLE,Sociétés de financement,sensitivity_terminal_growth_step,0.005,default
MLE,Sociétés de financement,sensitivity_wacc_step,0.005,default
MLE,Sociétés de financement,stable_payout_ratio,0.55,default
MLE,Sociétés de financement,tax_rate,0.35,default
MLE,Sociétés de financement,terminal_growth,0.025,default
MLE,Sociétés de financement,terminal_growth_basis,"{""equity"": {""binding_constraint"": ""raw"", ""ceiling"": 0.035, ""ceiling_source"": ""risk_free_rate"", ""discount_buffer"": 0.01, ""discount_cap"": 0.085, ""discount_rate"": 0.095, ""floor"": 0.0, ""path"": ""equity"", ""payout"": 0.46878255773563404, ""payout_source"": ""historical_dividends_to_net_income"", ""raw_growth"": 0.03, ""retention"": 0.531217442264366, ""roe"": null, ""roe_source"": ""missing_roe"", ""source"": ""earnings_growth_proxy_missing_roe"", ""terminal_growth"": 0.03}, ""firm"": {""path"": ""firm"", ""source"": ""not_used_for_financials"", ""terminal_growth"": 0.025}}",computed
MLE,Sociétés de financement,terminal_growth_ceiling_source,1.0,default
MLE,Sociétés de financement,terminal_growth_discount_buffer,0.01,default
MLE,Sociétés de financement,terminal_growth_equity,0.03,computed_from_fundamentals
MLE,Sociétés de financement,terminal_growth_firm,0.025,computed_from_fundamentals
MLE,Sociétés de financement,terminal_growth_floor,0.0,default
MLE,Sociétés de financement,use_balance_sheet_capital_weights,1.0,default
MLE,Sociétés de financement,wacc,0.04085550447349227,computed
MNG,Mines,beta,1.0339302550920764,beta_history
MNG,Mines,beta_min_observations,60.0,default
MNG,Mines,beta_window_years,2.0,default
MNG,Mines,beta_zero_return_threshold,0.3,default
MNG,Mines,bs_balance_fail_bps,200.0,default
MNG,Mines,bs_balance_warn_bps,50.0,default
MNG,Mines,computed_debt_weight,0.07484804866934985,computed
MNG,Mines,computed_equity_weight,0.9251519513306501,computed
MNG,Mines,cost_of_capital_build_up,"{""average_total_debt"": 17031400000.0, ""base_cost_of_debt"": 0.055, ""base_equity_risk_premium"": 0.06, ""beta"": 1.0339302550920764, ""beta_as_of"": ""2026-06-01"", ""beta_frequency"": ""weekly"", ""beta_liquidity_flag"": false, ""beta_lookup_as_of"": ""latest"", ""beta_method"": ""ols"", ""beta_n_obs"": 104, ""beta_r2"": 0.18080387639883988, ""beta_source"": ""beta_history"", ""beta_window_years"": 2.0, ""beta_zero_week_frac"": 0.04807692307692308, ""cost_of_debt"": 0.045000000000000005, ""cost_of_debt_ceiling"": 0.085, ""cost_of_debt_floor"": 0.04, ""cost_of_debt_pre_scenario"": 0.045000000000000005, ""cost_of_debt_source"": ""synthetic_interest_coverage_spread"", ""cost_of_debt_unclamped"": 0.045000000000000005, ""cost_of_equity"": 0.09703581530552458, ""cost_of_equity_floor"": 0.095, ""cost_of_equity_floor_bound"": false, ""cost_of_equity_unfloored"": 0.09703581530552458, ""country_risk_premium"": 0.0, ""debt_weight"": 0.07484804866934985, ""effective_cost_of_debt"": 0.045000000000000005, ""effective_equity_risk_premium"": 0.06, ""equity_weight"": 0.9251519513306501, ""interest_coverage"": 20.498461538461537, ""interest_expense"": 195000000.0, ""kd_effective"": 0.01144944044529516, ""kd_synthetic"": 0.045000000000000005, ""macro_config"": {""country_risk_mode"": ""auto"", ""country_risk_premium"": 0.0, ""country_risk_source"": ""auto:masi_embedded"", ""equity_risk_premium"": 0.06, ""erp_index_asset_class"": ""index"", ""erp_index_symbol"": ""MASI"", ""erp_lookback_years"": 10.0, ""erp_mean_method"": ""geometric"", ""erp_mode"": ""manual"", ""erp_source"": ""manual"", ""expected_index_return"": null, ""risk_free_mode"": ""tenor"", ""risk_free_rate"": 0.035, ""risk_free_source"": ""treasury_curve:10Y"", ""scope_key"": ""GLOBAL"", ""source"": ""structural_default"", ""treasury_curve"": {""10Y"": 0.035, ""1Y"": 0.03, ""5Y"": 0.033}, ""treasury_tenor"": ""10Y"", ""version_label"": ""base"", ""warnings"": []}, ""market_cap"": 210514946268.0, ""market_proxy"": ""MASI"", ""scenario_cost_of_debt_addon"": 0.0, ""scenario_erp_addon"": 0.0, ""synthetic_bucket"": ""AA"", ""synthetic_spread"": 0.01, ""tax_rate"": 0.35, ""total_debt"": 17031400000.0, ""wacc"": 0.0919621793024451, ""weight_source"": ""market_cap_plus_debt""}",computed
MNG,Mines,cost_of_debt,0.045000000000000005,computed
MNG,Mines,cost_of_equity,0.09703581530552458,computed
MNG,Mines,cost_of_equity_floor,0.095,scenario
MNG,Mines,country_risk_premium,0.0,macro_config
MNG,Mines,currency,MAD,scenario
MNG,Mines,default_debt_weight,0.3,default
MNG,Mines,default_equity_weight,0.7,default
MNG,Mines,equity_risk_premium,0.06,macro_config
MNG,Mines,fade_years,5.0,default
MNG,Mines,forecast_years,5.0,default
MNG,Mines,justified_multiple_ratio_mask,3.0,default
MNG,Mines,mid_year_discounting,1.0,default
MNG,Mines,mid_year_terminal,0.0,default
MNG,Mines,peer_min_count,3.0,default
MNG,Mines,proxy_weight_cap,0.25,default
MNG,Mines,relative_multiple_ratio_mask,15.0,default
MNG,Mines,risk_free_rate,0.035,macro_config
MNG,Mines,scenario_cost_of_debt_addon,0.0,default
MNG,Mines,scenario_erp_addon,0.0,default
MNG,Mines,scenario_probabilities,"{""base"": 0.55, ""bear"": 0.25, ""bull"": 0.2}",
MNG,Mines,scenario_probability_base,0.55,default
MNG,Mines,scenario_probability_bear,0.25,default
MNG,Mines,scenario_probability_bull,0.2,default
MNG,Mines,sensitivity_terminal_growth_step,0.005,default
MNG,Mines,sensitivity_wacc_step,0.005,default
MNG,Mines,stable_payout_ratio,0.55,default
MNG,Mines,tax_rate,0.35,default
MNG,Mines,terminal_growth,0.025,default
MNG,Mines,terminal_growth_basis,"{""equity"": {""binding_constraint"": ""raw"", ""ceiling"": 0.035, ""ceiling_source"": ""risk_free_rate"", ""discount_buffer"": 0.01, ""discount_cap"": 0.08703581530552458, ""discount_rate"": 0.09703581530552458, ""floor"": 0.0, ""path"": ""equity"", ""payout"": 0.07529597379756875, ""payout_source"": ""historical_dividends_to_net_income"", ""raw_growth"": 0.03, ""retention"": 0.9247040262024313, ""roe"": null, ""roe_source"": ""missing_roe"", ""source"": ""earnings_growth_proxy_missing_roe"", ""terminal_growth"": 0.03}, ""firm"": {""binding_constraint"": ""raw"", ""ceiling"": 0.035, ""ceiling_source"": ""risk_free_rate"", ""discount_buffer"": 0.01, ""discount_cap"": 0.0819621793024451, ""discount_rate"": 0.0919621793024451, ""floor"": 0.0, ""path"": ""firm"", ""raw_growth"": 0.016789990118924094, ""reinvestment_rate"": 0.3107816497189058, ""roic"": 0.0540250369804981, ""source"": ""reinvestment_times_roic"", ""tax_rate"": 0.35, ""terminal_growth"": 0.016789990118924094}}",computed
MNG,Mines,terminal_growth_ceiling_source,1.0,default
MNG,Mines,terminal_growth_discount_buffer,0.01,default
MNG,Mines,terminal_growth_equity,0.03,computed_from_fundamentals
MNG,Mines,terminal_growth_firm,0.016789990118924094,computed_from_fundamentals
MNG,Mines,terminal_growth_floor,0.0,default
MNG,Mines,use_balance_sheet_capital_weights,1.0,default
MNG,Mines,wacc,0.0919621793024451,computed
MOX,Chimie,beta,0.52841441609321,beta_history
MOX,Chimie,beta_min_observations,60.0,default
MOX,Chimie,beta_window_years,2.0,default
MOX,Chimie,beta_zero_return_threshold,0.3,default
MOX,Chimie,bs_balance_fail_bps,200.0,default
MOX,Chimie,bs_balance_warn_bps,50.0,default
MOX,Chimie,computed_debt_weight,0.6016854926338665,computed
MOX,Chimie,computed_equity_weight,0.3983145073661335,computed
MOX,Chimie,cost_of_capital_build_up,"{""average_total_debt"": 476210000.0, ""base_cost_of_debt"": 0.055, ""base_equity_risk_premium"": 0.06, ""beta"": 0.52841441609321, ""beta_as_of"": ""2026-06-01"", ""beta_frequency"": ""weekly"", ""beta_liquidity_flag"": false, ""beta_lookup_as_of"": ""latest"", ""beta_method"": ""ols"", ""beta_n_obs"": 104, ""beta_r2"": 0.0257869699925084, ""beta_source"": ""beta_history"", ""beta_window_years"": 2.0, ""beta_zero_week_frac"": 0.10576923076923077, ""cost_of_debt"": 0.055, ""cost_of_debt_ceiling"": 0.085, ""cost_of_debt_floor"": 0.04, ""cost_of_debt_pre_scenario"": 0.055, ""cost_of_debt_source"": ""registry_default_missing_debt_inputs"", ""cost_of_debt_unclamped"": 0.055, ""cost_of_equity"": 0.095, ""cost_of_equity_floor"": 0.095, ""cost_of_equity_floor_bound"": true, ""cost_of_equity_unfloored"": 0.06670486496559261, ""country_risk_premium"": 0.0, ""debt_weight"": 0.6016854926338665, ""effective_cost_of_debt"": 0.055, ""effective_equity_risk_premium"": 0.06, ""equity_weight"": 0.3983145073661335, ""interest_coverage"": null, ""interest_expense"": null, ""kd_effective"": null, ""kd_synthetic"": null, ""macro_config"": {""country_risk_mode"": ""auto"", ""country_risk_premium"": 0.0, ""country_risk_source"": ""auto:masi_embedded"", ""equity_risk_premium"": 0.06, ""erp_index_asset_class"": ""index"", ""erp_index_symbol"": ""MASI"", ""erp_lookback_years"": 10.0, ""erp_mean_method"": ""geometric"", ""erp_mode"": ""manual"", ""erp_source"": ""manual"", ""expected_index_return"": null, ""risk_free_mode"": ""tenor"", ""risk_free_rate"": 0.035, ""risk_free_source"": ""treasury_curve:10Y"", ""scope_key"": ""GLOBAL"", ""source"": ""structural_default"", ""treasury_curve"": {""10Y"": 0.035, ""1Y"": 0.03, ""5Y"": 0.033}, ""treasury_tenor"": ""10Y"", ""version_label"": ""base"", ""warnings"": []}, ""market_cap"": 315250000.0, ""market_proxy"": ""MASI"", ""scenario_cost_of_debt_addon"": 0.0, ""scenario_erp_addon"": 0.0, ""synthetic_bucket"": null, ""synthetic_spread"": null, ""tax_rate"": 0.35, ""total_debt"": 476210000.0, ""wacc"": 0.05935013456144342, ""weight_source"": ""market_cap_plus_debt""}",computed
MOX,Chimie,cost_of_debt,0.055,computed
MOX,Chimie,cost_of_equity,0.095,computed
MOX,Chimie,cost_of_equity_floor,0.095,scenario
MOX,Chimie,country_risk_premium,0.0,macro_config
MOX,Chimie,currency,MAD,scenario
MOX,Chimie,default_debt_weight,0.3,default
MOX,Chimie,default_equity_weight,0.7,default
MOX,Chimie,equity_risk_premium,0.06,macro_config
MOX,Chimie,fade_years,5.0,default
MOX,Chimie,forecast_years,5.0,default
MOX,Chimie,justified_multiple_ratio_mask,3.0,default
MOX,Chimie,mid_year_discounting,1.0,default
MOX,Chimie,mid_year_terminal,0.0,default
MOX,Chimie,peer_min_count,3.0,default
MOX,Chimie,proxy_weight_cap,0.25,default
MOX,Chimie,relative_multiple_ratio_mask,15.0,default
MOX,Chimie,risk_free_rate,0.035,macro_config
MOX,Chimie,scenario_cost_of_debt_addon,0.0,default
MOX,Chimie,scenario_erp_addon,0.0,default
MOX,Chimie,scenario_probabilities,"{""base"": 0.55, ""bear"": 0.25, ""bull"": 0.2}",
MOX,Chimie,scenario_probability_base,0.55,default
MOX,Chimie,scenario_probability_bear,0.25,default
MOX,Chimie,scenario_probability_bull,0.2,default
MOX,Chimie,sensitivity_terminal_growth_step,0.005,default
MOX,Chimie,sensitivity_wacc_step,0.005,default
MOX,Chimie,stable_payout_ratio,0.55,default
MOX,Chimie,tax_rate,0.35,default
MOX,Chimie,terminal_growth,0.025,default
MOX,Chimie,terminal_growth_basis,"{""equity"": {""binding_constraint"": ""raw"", ""ceiling"": 0.035, ""ceiling_source"": ""risk_free_rate"", ""discount_buffer"": 0.01, ""discount_cap"": 0.085, ""discount_rate"": 0.095, ""floor"": 0.0, ""path"": ""equity"", ""payout"": 0.27083034870369904, ""payout_source"": ""historical_dividends_to_net_income"", ""raw_growth"": 0.029388428165654446, ""retention"": 0.729169651296301, ""roe"": 0.040303965083308635, ""roe_source"": ""historical_roe"", ""source"": ""retention_times_roe"", ""terminal_growth"": 0.029388428165654446}, ""firm"": {""binding_constraint"": ""ceiling"", ""ceiling"": 0.035, ""ceiling_source"": ""risk_free_rate"", ""discount_buffer"": 0.01, ""discount_cap"": 0.049350134561443416, ""discount_rate"": 0.05935013456144342, ""floor"": 0.0, ""path"": ""firm"", ""raw_growth"": 0.06088436466394785, ""reinvestment_rate"": null, ""roic"": null, ""source"": ""revenue_growth_proxy_missing_roic_or_reinvestment"", ""tax_rate"": 0.35, ""terminal_growth"": 0.035}}",computed
MOX,Chimie,terminal_growth_ceiling_source,1.0,default
MOX,Chimie,terminal_growth_discount_buffer,0.01,default
MOX,Chimie,terminal_growth_equity,0.029388428165654446,computed_from_fundamentals
MOX,Chimie,terminal_growth_firm,0.035,computed_from_fundamentals
MOX,Chimie,terminal_growth_floor,0.0,default
MOX,Chimie,use_balance_sheet_capital_weights,1.0,default
MOX,Chimie,wacc,0.05935013456144342,computed
MSA,Transport,beta,1.3246790431346762,beta_history
MSA,Transport,beta_min_observations,60.0,default
MSA,Transport,beta_window_years,2.0,default
MSA,Transport,beta_zero_return_threshold,0.3,default
MSA,Transport,bs_balance_fail_bps,200.0,default
MSA,Transport,bs_balance_warn_bps,50.0,default
MSA,Transport,computed_debt_weight,0.02195200906892781,computed
MSA,Transport,computed_equity_weight,0.9780479909310722,computed
MSA,Transport,cost_of_capital_build_up,"{""average_total_debt"": 1367295000.0, ""base_cost_of_debt"": 0.055, ""base_equity_risk_premium"": 0.06, ""beta"": 1.3246790431346762, ""beta_as_of"": ""2026-06-01"", ""beta_frequency"": ""weekly"", ""beta_liquidity_flag"": false, ""beta_lookup_as_of"": ""latest"", ""beta_method"": ""ols"", ""beta_n_obs"": 104, ""beta_r2"": 0.4967954126654568, ""beta_source"": ""beta_history"", ""beta_window_years"": 2.0, ""beta_zero_week_frac"": 0.019230769230769232, ""cost_of_debt"": 0.045000000000000005, ""cost_of_debt_ceiling"": 0.085, ""cost_of_debt_floor"": 0.04, ""cost_of_debt_pre_scenario"": 0.045000000000000005, ""cost_of_debt_source"": ""synthetic_interest_coverage_spread"", ""cost_of_debt_unclamped"": 0.045000000000000005, ""cost_of_equity"": 0.11448074258808057, ""cost_of_equity_floor"": 0.095, ""cost_of_equity_floor_bound"": false, ""cost_of_equity_unfloored"": 0.11448074258808057, ""country_risk_premium"": 0.0, ""debt_weight"": 0.02195200906892781, ""effective_cost_of_debt"": 0.045000000000000005, ""effective_equity_risk_premium"": 0.06, ""equity_weight"": 0.9780479909310722, ""interest_coverage"": 80.70575451195313, ""interest_expense"": 31749000.0, ""kd_effective"": 0.02322029993527366, ""kd_synthetic"": 0.045000000000000005, ""macro_config"": {""country_risk_mode"": ""auto"", ""country_risk_premium"": 0.0, ""country_risk_source"": ""auto:masi_embedded"", ""equity_risk_premium"": 0.06, ""erp_index_asset_class"": ""index"", ""erp_index_symbol"": ""MASI"", ""erp_lookback_years"": 10.0, ""erp_mean_method"": ""geometric"", ""erp_mode"": ""manual"", ""erp_source"": ""manual"", ""expected_index_return"": null, ""risk_free_mode"": ""tenor"", ""risk_free_rate"": 0.035, ""risk_free_source"": ""treasury_curve:10Y"", ""scope_key"": ""GLOBAL"", ""source"": ""structural_default"", ""treasury_curve"": {""10Y"": 0.035, ""1Y"": 0.03, ""5Y"": 0.033}, ""treasury_tenor"": ""10Y"", ""version_label"": ""base"", ""warnings"": []}, ""market_cap"": 60918348000.0, ""market_proxy"": ""MASI"", ""scenario_cost_of_debt_addon"": 0.0, ""scenario_erp_addon"": 0.0, ""synthetic_bucket"": ""AA"", ""synthetic_spread"": 0.01, ""tax_rate"": 0.35, ""total_debt"": 1367295000.0, ""wacc"": 0.11260975655383557, ""weight_source"": ""market_cap_plus_debt""}",computed
MSA,Transport,cost_of_debt,0.045000000000000005,computed
MSA,Transport,cost_of_equity,0.11448074258808057,computed
MSA,Transport,cost_of_equity_floor,0.095,scenario
MSA,Transport,country_risk_premium,0.0,macro_config
MSA,Transport,currency,MAD,scenario
MSA,Transport,default_debt_weight,0.3,default
MSA,Transport,default_equity_weight,0.7,default
MSA,Transport,equity_risk_premium,0.06,macro_config
MSA,Transport,fade_years,5.0,default
MSA,Transport,forecast_years,5.0,default
MSA,Transport,justified_multiple_ratio_mask,3.0,default
MSA,Transport,mid_year_discounting,1.0,default
MSA,Transport,mid_year_terminal,0.0,default
MSA,Transport,peer_min_count,3.0,default
MSA,Transport,proxy_weight_cap,0.25,default
MSA,Transport,relative_multiple_ratio_mask,15.0,default
MSA,Transport,risk_free_rate,0.035,macro_config
MSA,Transport,scenario_cost_of_debt_addon,0.0,default
MSA,Transport,scenario_erp_addon,0.0,default
MSA,Transport,scenario_probabilities,"{""base"": 0.55, ""bear"": 0.25, ""bull"": 0.2}",
MSA,Transport,scenario_probability_base,0.55,default
MSA,Transport,scenario_probability_bear,0.25,default
MSA,Transport,scenario_probability_bull,0.2,default
MSA,Transport,sensitivity_terminal_growth_step,0.005,default
MSA,Transport,sensitivity_wacc_step,0.005,default
MSA,Transport,stable_payout_ratio,0.55,default
MSA,Transport,tax_rate,0.35,default
MSA,Transport,terminal_growth,0.025,default
MSA,Transport,terminal_growth_basis,"{""equity"": {""binding_constraint"": ""raw"", ""ceiling"": 0.035, ""ceiling_source"": ""risk_free_rate"", ""discount_buffer"": 0.01, ""discount_cap"": 0.10448074258808057, ""discount_rate"": 0.11448074258808057, ""floor"": 0.0, ""path"": ""equity"", ""payout"": 0.5553084938156013, ""payout_source"": ""historical_dividends_to_net_income"", ""raw_growth"": 0.03, ""retention"": 0.4446915061843987, ""roe"": null, ""roe_source"": ""missing_roe"", ""source"": ""earnings_growth_proxy_missing_roe"", ""terminal_growth"": 0.03}, ""firm"": {""binding_constraint"": ""ceiling"", ""ceiling"": 0.035, ""ceiling_source"": ""risk_free_rate"", ""discount_buffer"": 0.01, ""discount_cap"": 0.10260975655383557, ""discount_rate"": 0.11260975655383557, ""floor"": 0.0, ""path"": ""firm"", ""raw_growth"": 0.05231545150562236, ""reinvestment_rate"": 0.20466655088387675, ""roic"": 0.25561309984309544, ""source"": ""reinvestment_times_roic"", ""tax_rate"": 0.35, ""terminal_growth"": 0.035}}",computed
MSA,Transport,terminal_growth_ceiling_source,1.0,default
MSA,Transport,terminal_growth_discount_buffer,0.01,default
MSA,Transport,terminal_growth_equity,0.03,computed_from_fundamentals
MSA,Transport,terminal_growth_firm,0.035,computed_from_fundamentals
MSA,Transport,terminal_growth_floor,0.0,default
MSA,Transport,use_balance_sheet_capital_weights,1.0,default
MSA,Transport,wacc,0.11260975655383557,computed
MUT,Agroalimentaire,beta,0.6865187544310101,beta_history
MUT,Agroalimentaire,beta_min_observations,60.0,default
MUT,Agroalimentaire,beta_window_years,2.0,default
MUT,Agroalimentaire,beta_zero_return_threshold,0.3,default
MUT,Agroalimentaire,bs_balance_fail_bps,200.0,default
MUT,Agroalimentaire,bs_balance_warn_bps,50.0,default
MUT,Agroalimentaire,computed_debt_weight,0.33836206462465607,computed
MUT,Agroalimentaire,computed_equity_weight,0.661637935375344,computed
MUT,Agroalimentaire,cost_of_capital_build_up,"{""average_total_debt"": 1111265000.0, ""base_cost_of_debt"": 0.055, ""base_equity_risk_premium"": 0.06, ""beta"": 0.6865187544310101, ""beta_as_of"": ""2026-06-01"", ""beta_frequency"": ""weekly"", ""beta_liquidity_flag"": false, ""beta_lookup_as_of"": ""latest"", ""beta_method"": ""ols"", ""beta_n_obs"": 104, ""beta_r2"": 0.2553630205352543, ""beta_source"": ""beta_history"", ""beta_window_years"": 2.0, ""beta_zero_week_frac"": 0.0673076923076923, ""cost_of_debt"": 0.045000000000000005, ""cost_of_debt_ceiling"": 0.085, ""cost_of_debt_floor"": 0.04, ""cost_of_debt_pre_scenario"": 0.045000000000000005, ""cost_of_debt_source"": ""synthetic_interest_coverage_spread"", ""cost_of_debt_unclamped"": 0.045000000000000005, ""cost_of_equity"": 0.095, ""cost_of_equity_floor"": 0.095, ""cost_of_equity_floor_bound"": true, ""cost_of_equity_unfloored"": 0.07619112526586061, ""country_risk_premium"": 0.0, ""debt_weight"": 0.33836206462465607, ""effective_cost_of_debt"": 0.045000000000000005, ""effective_equity_risk_premium"": 0.06, ""equity_weight"": 0.661637935375344, ""interest_coverage"": 8.716509339224745, ""interest_expense"": 29874000.0, ""kd_effective"": 0.02688287672157406, ""kd_synthetic"": 0.045000000000000005, ""macro_config"": {""country_risk_mode"": ""auto"", ""country_risk_premium"": 0.0, ""country_risk_source"": ""auto:masi_embedded"", ""equity_risk_premium"": 0.06, ""erp_index_asset_class"": ""index"", ""erp_index_symbol"": ""MASI"", ""erp_lookback_years"": 10.0, ""erp_mean_method"": ""geometric"", ""erp_mode"": ""manual"", ""erp_source"": ""manual"", ""expected_index_return"": null, ""risk_free_mode"": ""tenor"", ""risk_free_rate"": 0.035, ""risk_free_source"": ""treasury_curve:10Y"", ""scope_key"": ""GLOBAL"", ""source"": ""structural_default"", ""treasury_curve"": {""10Y"": 0.035, ""1Y"": 0.03, ""5Y"": 0.033}, ""treasury_tenor"": ""10Y"", ""version_label"": ""base"", ""warnings"": []}, ""market_cap"": 2172983195.0, ""market_proxy"": ""MASI"", ""scenario_cost_of_debt_addon"": 0.0, ""scenario_erp_addon"": 0.0, ""synthetic_bucket"": ""AA"", ""synthetic_spread"": 0.01, ""tax_rate"": 0.35, ""total_debt"": 1111265000.0, ""wacc"": 0.07275269425092887, ""weight_source"": ""market_cap_plus_debt""}",computed
MUT,Agroalimentaire,cost_of_debt,0.045000000000000005,computed
MUT,Agroalimentaire,cost_of_equity,0.095,computed
MUT,Agroalimentaire,cost_of_equity_floor,0.095,scenario
MUT,Agroalimentaire,country_risk_premium,0.0,macro_config
MUT,Agroalimentaire,currency,MAD,scenario
MUT,Agroalimentaire,default_debt_weight,0.3,default
MUT,Agroalimentaire,default_equity_weight,0.7,default
MUT,Agroalimentaire,equity_risk_premium,0.06,macro_config
MUT,Agroalimentaire,fade_years,5.0,default
MUT,Agroalimentaire,forecast_years,5.0,default
MUT,Agroalimentaire,justified_multiple_ratio_mask,3.0,default
MUT,Agroalimentaire,mid_year_discounting,1.0,default
MUT,Agroalimentaire,mid_year_terminal,0.0,default
MUT,Agroalimentaire,peer_min_count,3.0,default
MUT,Agroalimentaire,proxy_weight_cap,0.25,default
MUT,Agroalimentaire,relative_multiple_ratio_mask,15.0,default
MUT,Agroalimentaire,risk_free_rate,0.035,macro_config
MUT,Agroalimentaire,scenario_cost_of_debt_addon,0.0,default
MUT,Agroalimentaire,scenario_erp_addon,0.0,default
MUT,Agroalimentaire,scenario_probabilities,"{""base"": 0.55, ""bear"": 0.25, ""bull"": 0.2}",
MUT,Agroalimentaire,scenario_probability_base,0.55,default
MUT,Agroalimentaire,scenario_probability_bear,0.25,default
MUT,Agroalimentaire,scenario_probability_bull,0.2,default
MUT,Agroalimentaire,sensitivity_terminal_growth_step,0.005,default
MUT,Agroalimentaire,sensitivity_wacc_step,0.005,default
MUT,Agroalimentaire,stable_payout_ratio,0.55,default
MUT,Agroalimentaire,tax_rate,0.35,default
MUT,Agroalimentaire,terminal_growth,0.025,default
MUT,Agroalimentaire,terminal_growth_basis,"{""equity"": {""binding_constraint"": ""raw"", ""ceiling"": 0.035, ""ceiling_source"": ""risk_free_rate"", ""discount_buffer"": 0.01, ""discount_cap"": 0.085, ""discount_rate"": 0.095, ""floor"": 0.0, ""path"": ""equity"", ""payout"": 0.7519952339966868, ""payout_source"": ""historical_dividends_to_net_income"", ""raw_growth"": 0.03, ""retention"": 0.24800476600331323, ""roe"": null, ""roe_source"": ""missing_roe"", ""source"": ""earnings_growth_proxy_missing_roe"", ""terminal_growth"": 0.03}, ""firm"": {""binding_constraint"": ""ceiling"", ""ceiling"": 0.035, ""ceiling_source"": ""risk_free_rate"", ""discount_buffer"": 0.01, ""discount_cap"": 0.06275269425092887, ""discount_rate"": 0.07275269425092887, ""floor"": 0.0, ""path"": ""firm"", ""raw_growth"": 0.09050170407253166, ""reinvestment_rate"": 1.5, ""roic"": 0.06033446938168777, ""source"": ""reinvestment_times_roic"", ""tax_rate"": 0.35, ""terminal_growth"": 0.035}}",computed
MUT,Agroalimentaire,terminal_growth_ceiling_source,1.0,default
MUT,Agroalimentaire,terminal_growth_discount_buffer,0.01,default
MUT,Agroalimentaire,terminal_growth_equity,0.03,computed_from_fundamentals
MUT,Agroalimentaire,terminal_growth_firm,0.035,computed_from_fundamentals
MUT,Agroalimentaire,terminal_growth_floor,0.0,default
MUT,Agroalimentaire,use_balance_sheet_capital_weights,1.0,default
MUT,Agroalimentaire,wacc,0.07275269425092887,computed
NKL,Distribution,beta,0.5126423043326972,beta_history
NKL,Distribution,beta_min_observations,60.0,default
NKL,Distribution,beta_window_years,2.0,default
NKL,Distribution,beta_zero_return_threshold,0.3,default
NKL,Distribution,bs_balance_fail_bps,200.0,default
NKL,Distribution,bs_balance_warn_bps,50.0,default
NKL,Distribution,computed_debt_weight,0.0030579773238426674,computed
NKL,Distribution,computed_equity_weight,0.9969420226761573,computed
NKL,Distribution,cost_of_capital_build_up,"{""average_total_debt"": 4877098.0, ""base_cost_of_debt"": 0.055, ""base_equity_risk_premium"": 0.06, ""beta"": 0.5126423043326972, ""beta_as_of"": ""2026-06-01"", ""beta_frequency"": ""weekly"", ""beta_liquidity_flag"": false, ""beta_lookup_as_of"": ""latest"", ""beta_method"": ""ols"", ""beta_n_obs"": 104, ""beta_r2"": 0.04160305271717224, ""beta_source"": ""beta_history"", ""beta_window_years"": 2.0, ""beta_zero_week_frac"": 0.057692307692307696, ""cost_of_debt"": 0.045000000000000005, ""cost_of_debt_ceiling"": 0.085, ""cost_of_debt_floor"": 0.04, ""cost_of_debt_pre_scenario"": 0.045000000000000005, ""cost_of_debt_source"": ""synthetic_interest_coverage_spread"", ""cost_of_debt_unclamped"": 0.045000000000000005, ""cost_of_equity"": 0.095, ""cost_of_equity_floor"": 0.095, ""cost_of_equity_floor_bound"": true, ""cost_of_equity_unfloored"": 0.06575853825996184, ""country_risk_premium"": 0.0, ""debt_weight"": 0.0030579773238426674, ""effective_cost_of_debt"": 0.045000000000000005, ""effective_equity_risk_premium"": 0.06, ""equity_weight"": 0.9969420226761573, ""interest_coverage"": 19.250372686689794, ""interest_expense"": 3449278.0, ""kd_effective"": null, ""kd_synthetic"": 0.045000000000000005, ""macro_config"": {""country_risk_mode"": ""auto"", ""country_risk_premium"": 0.0, ""country_risk_source"": ""auto:masi_embedded"", ""equity_risk_premium"": 0.06, ""erp_index_asset_class"": ""index"", ""erp_index_symbol"": ""MASI"", ""erp_lookback_years"": 10.0, ""erp_mean_method"": ""geometric"", ""erp_mode"": ""manual"", ""erp_source"": ""manual"", ""expected_index_return"": null, ""risk_free_mode"": ""tenor"", ""risk_free_rate"": 0.035, ""risk_free_source"": ""treasury_curve:10Y"", ""scope_key"": ""GLOBAL"", ""source"": ""structural_default"", ""treasury_curve"": {""10Y"": 0.035, ""1Y"": 0.03, ""5Y"": 0.033}, ""treasury_tenor"": ""10Y"", ""version_label"": ""base"", ""warnings"": []}, ""market_cap"": 1590000000.0, ""market_proxy"": ""MASI"", ""scenario_cost_of_debt_addon"": 0.0, ""scenario_erp_addon"": 0.0, ""synthetic_bucket"": ""AA"", ""synthetic_spread"": 0.01, ""tax_rate"": 0.35, ""total_debt"": 4877098.0, ""wacc"": 0.09479893799095733, ""weight_source"": ""market_cap_plus_debt""}",computed
NKL,Distribution,cost_of_debt,0.045000000000000005,computed
NKL,Distribution,cost_of_equity,0.095,computed
NKL,Distribution,cost_of_equity_floor,0.095,scenario
NKL,Distribution,country_risk_premium,0.0,macro_config
NKL,Distribution,currency,MAD,scenario
NKL,Distribution,default_debt_weight,0.3,default
NKL,Distribution,default_equity_weight,0.7,default
NKL,Distribution,equity_risk_premium,0.06,macro_config
NKL,Distribution,fade_years,5.0,default
NKL,Distribution,forecast_years,5.0,default
NKL,Distribution,justified_multiple_ratio_mask,3.0,default
NKL,Distribution,mid_year_discounting,1.0,default
NKL,Distribution,mid_year_terminal,0.0,default
NKL,Distribution,peer_min_count,3.0,default
NKL,Distribution,proxy_weight_cap,0.25,default
NKL,Distribution,relative_multiple_ratio_mask,15.0,default
NKL,Distribution,risk_free_rate,0.035,macro_config
NKL,Distribution,scenario_cost_of_debt_addon,0.0,default
NKL,Distribution,scenario_erp_addon,0.0,default
NKL,Distribution,scenario_probabilities,"{""base"": 0.55, ""bear"": 0.25, ""bull"": 0.2}",
NKL,Distribution,scenario_probability_base,0.55,default
NKL,Distribution,scenario_probability_bear,0.25,default
NKL,Distribution,scenario_probability_bull,0.2,default
NKL,Distribution,sensitivity_terminal_growth_step,0.005,default
NKL,Distribution,sensitivity_wacc_step,0.005,default
NKL,Distribution,stable_payout_ratio,0.55,default
NKL,Distribution,tax_rate,0.35,default
NKL,Distribution,terminal_growth,0.025,default
NKL,Distribution,terminal_growth_basis,"{""equity"": {""binding_constraint"": ""raw"", ""ceiling"": 0.035, ""ceiling_source"": ""risk_free_rate"", ""discount_buffer"": 0.01, ""discount_cap"": 0.085, ""discount_rate"": 0.095, ""floor"": 0.0, ""path"": ""equity"", ""payout"": 0.46270677471192734, ""payout_source"": ""historical_dividends_to_net_income"", ""raw_growth"": 0.03, ""retention"": 0.5372932252880727, ""roe"": null, ""roe_source"": ""missing_roe"", ""source"": ""earnings_growth_proxy_missing_roe"", ""terminal_growth"": 0.03}, ""firm"": {""binding_constraint"": ""ceiling"", ""ceiling"": 0.035, ""ceiling_source"": ""risk_free_rate"", ""discount_buffer"": 0.01, ""discount_cap"": 0.08479893799095733, ""discount_rate"": 0.09479893799095733, ""floor"": 0.0, ""path"": ""firm"", ""raw_growth"": 0.09002737423837726, ""reinvestment_rate"": 0.5616455042367082, ""roic"": 0.1602921657153242, ""source"": ""reinvestment_times_roic"", ""tax_rate"": 0.35, ""terminal_growth"": 0.035}}",computed
NKL,Distribution,terminal_growth_ceiling_source,1.0,default
NKL,Distribution,terminal_growth_discount_buffer,0.01,default
NKL,Distribution,terminal_growth_equity,0.03,computed_from_fundamentals
NKL,Distribution,terminal_growth_firm,0.035,computed_from_fundamentals
NKL,Distribution,terminal_growth_floor,0.0,default
NKL,Distribution,use_balance_sheet_capital_weights,1.0,default
NKL,Distribution,wacc,0.09479893799095733,computed
OUL,Agroalimentaire,beta,0.35634738537970945,beta_history
OUL,Agroalimentaire,beta_min_observations,60.0,default
OUL,Agroalimentaire,beta_window_years,2.0,default
OUL,Agroalimentaire,beta_zero_return_threshold,0.3,default
OUL,Agroalimentaire,bs_balance_fail_bps,200.0,default
OUL,Agroalimentaire,bs_balance_warn_bps,50.0,default
OUL,Agroalimentaire,computed_debt_weight,0.4065046653046497,computed
OUL,Agroalimentaire,computed_equity_weight,0.5934953346953503,computed
OUL,Agroalimentaire,cost_of_capital_build_up,"{""average_total_debt"": 1657237000.0, ""base_cost_of_debt"": 0.055, ""base_equity_risk_premium"": 0.06, ""beta"": 0.35634738537970945, ""beta_as_of"": ""2026-05-13"", ""beta_frequency"": ""weekly"", ""beta_liquidity_flag"": true, ""beta_lookup_as_of"": ""latest"", ""beta_method"": ""dimson_blume"", ""beta_n_obs"": 103, ""beta_r2"": 0.02766785344835132, ""beta_source"": ""beta_history"", ""beta_window_years"": 2.0, ""beta_zero_week_frac"": 0.4326923076923077, ""cost_of_debt"": 0.049, ""cost_of_debt_ceiling"": 0.085, ""cost_of_debt_floor"": 0.04, ""cost_of_debt_pre_scenario"": 0.049, ""cost_of_debt_source"": ""synthetic_interest_coverage_spread"", ""cost_of_debt_unclamped"": 0.049, ""cost_of_equity"": 0.095, ""cost_of_equity_floor"": 0.095, ""cost_of_equity_floor_bound"": true, ""cost_of_equity_unfloored"": 0.05638084312278257, ""country_risk_premium"": 0.0, ""debt_weight"": 0.4065046653046497, ""effective_cost_of_debt"": 0.049, ""effective_equity_risk_premium"": 0.06, ""equity_weight"": 0.5934953346953503, ""interest_coverage"": 6.816086187950886, ""interest_expense"": 41862000.0, ""kd_effective"": 0.02526011668819849, ""kd_synthetic"": 0.049, ""macro_config"": {""country_risk_mode"": ""auto"", ""country_risk_premium"": 0.0, ""country_risk_source"": ""auto:masi_embedded"", ""equity_risk_premium"": 0.06, ""erp_index_asset_class"": ""index"", ""erp_index_symbol"": ""MASI"", ""erp_lookback_years"": 10.0, ""erp_mean_method"": ""geometric"", ""erp_mode"": ""manual"", ""erp_source"": ""manual"", ""expected_index_return"": null, ""risk_free_mode"": ""tenor"", ""risk_free_rate"": 0.035, ""risk_free_source"": ""treasury_curve:10Y"", ""scope_key"": ""GLOBAL"", ""source"": ""structural_default"", ""treasury_curve"": {""10Y"": 0.035, ""1Y"": 0.03, ""5Y"": 0.033}, ""treasury_tenor"": ""10Y"", ""version_label"": ""base"", ""warnings"": []}, ""market_cap"": 2419560000.0, ""market_proxy"": ""MASI"", ""scenario_cost_of_debt_addon"": 0.0, ""scenario_erp_addon"": 0.0, ""synthetic_bucket"": ""A+"", ""synthetic_spread"": 0.014, ""tax_rate"": 0.35, ""total_debt"": 1657237000.0, ""wacc"": 0.06932923038601138, ""weight_source"": ""market_cap_plus_debt""}",computed
OUL,Agroalimentaire,cost_of_debt,0.049,computed
OUL,Agroalimentaire,cost_of_equity,0.095,computed
OUL,Agroalimentaire,cost_of_equity_floor,0.095,scenario
OUL,Agroalimentaire,country_risk_premium,0.0,macro_config
OUL,Agroalimentaire,currency,MAD,scenario
OUL,Agroalimentaire,default_debt_weight,0.3,default
OUL,Agroalimentaire,default_equity_weight,0.7,default
OUL,Agroalimentaire,equity_risk_premium,0.06,macro_config
OUL,Agroalimentaire,fade_years,5.0,default
OUL,Agroalimentaire,forecast_years,5.0,default
OUL,Agroalimentaire,justified_multiple_ratio_mask,3.0,default
OUL,Agroalimentaire,mid_year_discounting,1.0,default
OUL,Agroalimentaire,mid_year_terminal,0.0,default
OUL,Agroalimentaire,peer_min_count,3.0,default
OUL,Agroalimentaire,proxy_weight_cap,0.25,default
OUL,Agroalimentaire,relative_multiple_ratio_mask,15.0,default
OUL,Agroalimentaire,risk_free_rate,0.035,macro_config
OUL,Agroalimentaire,scenario_cost_of_debt_addon,0.0,default
OUL,Agroalimentaire,scenario_erp_addon,0.0,default
OUL,Agroalimentaire,scenario_probabilities,"{""base"": 0.55, ""bear"": 0.25, ""bull"": 0.2}",
OUL,Agroalimentaire,scenario_probability_base,0.55,default
OUL,Agroalimentaire,scenario_probability_bear,0.25,default
OUL,Agroalimentaire,scenario_probability_bull,0.2,default
OUL,Agroalimentaire,sensitivity_terminal_growth_step,0.005,default
OUL,Agroalimentaire,sensitivity_wacc_step,0.005,default
OUL,Agroalimentaire,stable_payout_ratio,0.55,default
OUL,Agroalimentaire,tax_rate,0.35,default
OUL,Agroalimentaire,terminal_growth,0.025,default
OUL,Agroalimentaire,terminal_growth_basis,"{""equity"": {""binding_constraint"": ""raw"", ""ceiling"": 0.035, ""ceiling_source"": ""risk_free_rate"", ""discount_buffer"": 0.01, ""discount_cap"": 0.085, ""discount_rate"": 0.095, ""floor"": 0.0, ""path"": ""equity"", ""payout"": 0.5708933550571283, ""payout_source"": ""historical_dividends_to_net_income"", ""raw_growth"": 0.03, ""retention"": 0.42910664494287165, ""roe"": null, ""roe_source"": ""missing_roe"", ""source"": ""earnings_growth_proxy_missing_roe"", ""terminal_growth"": 0.03}, ""firm"": {""binding_constraint"": ""raw"", ""ceiling"": 0.035, ""ceiling_source"": ""risk_free_rate"", ""discount_buffer"": 0.01, ""discount_cap"": 0.05932923038601138, ""discount_rate"": 0.06932923038601138, ""floor"": 0.0, ""path"": ""firm"", ""raw_growth"": 0.009565044958932364, ""reinvestment_rate"": 0.1330023786777744, ""roic"": 0.07191634506105828, ""source"": ""reinvestment_times_roic"", ""tax_rate"": 0.35, ""terminal_growth"": 0.009565044958932364}}",computed
OUL,Agroalimentaire,terminal_growth_ceiling_source,1.0,default
OUL,Agroalimentaire,terminal_growth_discount_buffer,0.01,default
OUL,Agroalimentaire,terminal_growth_equity,0.03,computed_from_fundamentals
OUL,Agroalimentaire,terminal_growth_firm,0.009565044958932364,computed_from_fundamentals
OUL,Agroalimentaire,terminal_growth_floor,0.0,default
OUL,Agroalimentaire,use_balance_sheet_capital_weights,1.0,default
OUL,Agroalimentaire,wacc,0.06932923038601138,computed
RDS,Immobilier,beta,1.0621038253738437,beta_history
RDS,Immobilier,beta_min_observations,60.0,default
RDS,Immobilier,beta_window_years,2.0,default
RDS,Immobilier,beta_zero_return_threshold,0.3,default
RDS,Immobilier,bs_balance_fail_bps,200.0,default
RDS,Immobilier,bs_balance_warn_bps,50.0,default
RDS,Immobilier,computed_debt_weight,0.2935319183424631,computed
RDS,Immobilier,computed_equity_weight,0.7064680816575368,computed
RDS,Immobilier,cost_of_capital_build_up,"{""average_total_debt"": 1775000000.0, ""base_cost_of_debt"": 0.055, ""base_equity_risk_premium"": 0.06, ""beta"": 1.0621038253738437, ""beta_as_of"": ""2026-06-01"", ""beta_frequency"": ""weekly"", ""beta_liquidity_flag"": false, ""beta_lookup_as_of"": ""latest"", ""beta_method"": ""ols"", ""beta_n_obs"": 104, ""beta_r2"": 0.13175476040563916, ""beta_source"": ""beta_history"", ""beta_window_years"": 2.0, ""beta_zero_week_frac"": 0.038461538461538464, ""cost_of_debt"": 0.085, ""cost_of_debt_ceiling"": 0.085, ""cost_of_debt_floor"": 0.04, ""cost_of_debt_pre_scenario"": 0.09, ""cost_of_debt_source"": ""synthetic_interest_coverage_spread"", ""cost_of_debt_unclamped"": 0.09, ""cost_of_equity"": 0.09872622952243063, ""cost_of_equity_floor"": 0.095, ""cost_of_equity_floor_bound"": false, ""cost_of_equity_unfloored"": 0.09872622952243063, ""country_risk_premium"": 0.0, ""debt_weight"": 0.2935319183424631, ""effective_cost_of_debt"": 0.085, ""effective_equity_risk_premium"": 0.06, ""equity_weight"": 0.7064680816575368, ""interest_coverage"": 1.0143858354850608, ""interest_expense"": 32532000.0, ""kd_effective"": 0.01832788732394366, ""kd_synthetic"": 0.09, ""macro_config"": {""country_risk_mode"": ""auto"", ""country_risk_premium"": 0.0, ""country_risk_source"": ""auto:masi_embedded"", ""equity_risk_premium"": 0.06, ""erp_index_asset_class"": ""index"", ""erp_index_symbol"": ""MASI"", ""erp_lookback_years"": 10.0, ""erp_mean_method"": ""geometric"", ""erp_mode"": ""manual"", ""erp_source"": ""manual"", ""expected_index_return"": null, ""risk_free_mode"": ""tenor"", ""risk_free_rate"": 0.035, ""risk_free_source"": ""treasury_curve:10Y"", ""scope_key"": ""GLOBAL"", ""source"": ""structural_default"", ""treasury_curve"": {""10Y"": 0.035, ""1Y"": 0.03, ""5Y"": 0.033}, ""treasury_tenor"": ""10Y"", ""version_label"": ""base"", ""warnings"": []}, ""market_cap"": 4272042550.0, ""market_proxy"": ""MASI"", ""scenario_cost_of_debt_addon"": 0.0, ""scenario_erp_addon"": 0.0, ""synthetic_bucket"": ""CCC"", ""synthetic_spread"": 0.055, ""tax_rate"": 0.35, ""total_debt"": 1775000000.0, ""wacc"": 0.08596456846841433, ""weight_source"": ""market_cap_plus_debt""}",computed
RDS,Immobilier,cost_of_debt,0.085,computed
RDS,Immobilier,cost_of_equity,0.09872622952243063,computed
RDS,Immobilier,cost_of_equity_floor,0.095,scenario
RDS,Immobilier,country_risk_premium,0.0,macro_config
RDS,Immobilier,currency,MAD,scenario
RDS,Immobilier,default_debt_weight,0.3,default
RDS,Immobilier,default_equity_weight,0.7,default
RDS,Immobilier,equity_risk_premium,0.06,macro_config
RDS,Immobilier,fade_years,5.0,default
RDS,Immobilier,forecast_years,5.0,default
RDS,Immobilier,justified_multiple_ratio_mask,3.0,default
RDS,Immobilier,mid_year_discounting,1.0,default
RDS,Immobilier,mid_year_terminal,0.0,default
RDS,Immobilier,peer_min_count,3.0,default
RDS,Immobilier,proxy_weight_cap,0.25,default
RDS,Immobilier,relative_multiple_ratio_mask,15.0,default
RDS,Immobilier,risk_free_rate,0.035,macro_config
RDS,Immobilier,scenario_cost_of_debt_addon,0.0,default
RDS,Immobilier,scenario_erp_addon,0.0,default
RDS,Immobilier,scenario_probabilities,"{""base"": 0.55, ""bear"": 0.25, ""bull"": 0.2}",
RDS,Immobilier,scenario_probability_base,0.55,default
RDS,Immobilier,scenario_probability_bear,0.25,default
RDS,Immobilier,scenario_probability_bull,0.2,default
RDS,Immobilier,sensitivity_terminal_growth_step,0.005,default
RDS,Immobilier,sensitivity_wacc_step,0.005,default
RDS,Immobilier,stable_payout_ratio,0.55,default
RDS,Immobilier,tax_rate,0.35,default
RDS,Immobilier,terminal_growth,0.025,default
RDS,Immobilier,terminal_growth_basis,"{""equity"": {""binding_constraint"": ""raw"", ""ceiling"": 0.035, ""ceiling_source"": ""risk_free_rate"", ""discount_buffer"": 0.01, ""discount_cap"": 0.08872622952243063, ""discount_rate"": 0.09872622952243063, ""floor"": 0.0, ""path"": ""equity"", ""payout"": 0.55, ""payout_source"": ""stable_payout_assumption"", ""raw_growth"": 0.03, ""retention"": 0.44999999999999996, ""roe"": null, ""roe_source"": ""missing_roe"", ""source"": ""earnings_growth_proxy_missing_roe"", ""terminal_growth"": 0.03}, ""firm"": {""binding_constraint"": ""raw"", ""ceiling"": 0.035, ""ceiling_source"": ""risk_free_rate"", ""discount_buffer"": 0.01, ""discount_cap"": 0.07596456846841433, ""discount_rate"": 0.08596456846841433, ""floor"": 0.0, ""path"": ""firm"", ""raw_growth"": 0.0, ""reinvestment_rate"": 0.0, ""roic"": 0.00436337338253754, ""source"": ""reinvestment_times_roic"", ""tax_rate"": 0.35, ""terminal_growth"": 0.0}}",computed
RDS,Immobilier,terminal_growth_ceiling_source,1.0,default
RDS,Immobilier,terminal_growth_discount_buffer,0.01,default
RDS,Immobilier,terminal_growth_equity,0.03,computed_from_fundamentals
RDS,Immobilier,terminal_growth_firm,0.0,computed_from_fundamentals
RDS,Immobilier,terminal_growth_floor,0.0,default
RDS,Immobilier,use_balance_sheet_capital_weights,1.0,default
RDS,Immobilier,wacc,0.08596456846841433,computed
REB,Mines,beta,0.4483250632499741,beta_history
REB,Mines,beta_min_observations,60.0,default
REB,Mines,beta_window_years,2.0,default
REB,Mines,beta_zero_return_threshold,0.3,default
REB,Mines,bs_balance_fail_bps,200.0,default
REB,Mines,bs_balance_warn_bps,50.0,default
REB,Mines,computed_debt_weight,0.9659956892047066,computed
REB,Mines,computed_equity_weight,0.034004310795293376,computed
REB,Mines,cost_of_capital_build_up,"{""average_total_debt"": 476213000.0, ""base_cost_of_debt"": 0.055, ""base_equity_risk_premium"": 0.06, ""beta"": 0.4483250632499741, ""beta_as_of"": ""2026-06-01"", ""beta_frequency"": ""weekly"", ""beta_liquidity_flag"": true, ""beta_lookup_as_of"": ""latest"", ""beta_method"": ""dimson_blume_unstable"", ""beta_n_obs"": 103, ""beta_r2"": 0.0018738371244906293, ""beta_source"": ""beta_history"", ""beta_window_years"": 2.0, ""beta_zero_week_frac"": 0.3076923076923077, ""cost_of_debt"": 0.045000000000000005, ""cost_of_debt_ceiling"": 0.085, ""cost_of_debt_floor"": 0.04, ""cost_of_debt_pre_scenario"": 0.045000000000000005, ""cost_of_debt_source"": ""synthetic_interest_coverage_spread"", ""cost_of_debt_unclamped"": 0.045000000000000005, ""cost_of_equity"": 0.095, ""cost_of_equity_floor"": 0.095, ""cost_of_equity_floor_bound"": true, ""cost_of_equity_unfloored"": 0.06189950379499845, ""country_risk_premium"": 0.0, ""debt_weight"": 0.9659956892047066, ""effective_cost_of_debt"": 0.045000000000000005, ""effective_equity_risk_premium"": 0.06, ""equity_weight"": 0.034004310795293376, ""interest_coverage"": 203.19845206866995, ""interest_expense"": 61604.8, ""kd_effective"": 0.0001293639610846407, ""kd_synthetic"": 0.045000000000000005, ""macro_config"": {""country_risk_mode"": ""auto"", ""country_risk_premium"": 0.0, ""country_risk_source"": ""auto:masi_embedded"", ""equity_risk_premium"": 0.06, ""erp_index_asset_class"": ""index"", ""erp_index_symbol"": ""MASI"", ""erp_lookback_years"": 10.0, ""erp_mean_method"": ""geometric"", ""erp_mode"": ""manual"", ""erp_source"": ""manual"", ""expected_index_return"": null, ""risk_free_mode"": ""tenor"", ""risk_free_rate"": 0.035, ""risk_free_source"": ""treasury_curve:10Y"", ""scope_key"": ""GLOBAL"", ""source"": ""structural_default"", ""treasury_curve"": {""10Y"": 0.035, ""1Y"": 0.03, ""5Y"": 0.033}, ""treasury_tenor"": ""10Y"", ""version_label"": ""base"", ""warnings"": []}, ""market_cap"": 16763320.0, ""market_proxy"": ""MASI"", ""scenario_cost_of_debt_addon"": 0.0, ""scenario_erp_addon"": 0.0, ""synthetic_bucket"": ""AA"", ""synthetic_spread"": 0.01, ""tax_rate"": 0.35, ""total_debt"": 476213000.0, ""wacc"": 0.03148578343479054, ""weight_source"": ""market_cap_plus_debt""}",computed
REB,Mines,cost_of_debt,0.045000000000000005,computed
REB,Mines,cost_of_equity,0.095,computed
REB,Mines,cost_of_equity_floor,0.095,scenario
REB,Mines,country_risk_premium,0.0,macro_config
REB,Mines,currency,MAD,scenario
REB,Mines,default_debt_weight,0.3,default
REB,Mines,default_equity_weight,0.7,default
REB,Mines,equity_risk_premium,0.06,macro_config
REB,Mines,fade_years,5.0,default
REB,Mines,forecast_years,5.0,default
REB,Mines,justified_multiple_ratio_mask,3.0,default
REB,Mines,mid_year_discounting,1.0,default
REB,Mines,mid_year_terminal,0.0,default
REB,Mines,peer_min_count,3.0,default
REB,Mines,proxy_weight_cap,0.25,default
REB,Mines,relative_multiple_ratio_mask,15.0,default
REB,Mines,risk_free_rate,0.035,macro_config
REB,Mines,scenario_cost_of_debt_addon,0.0,default
REB,Mines,scenario_erp_addon,0.0,default
REB,Mines,scenario_probabilities,"{""base"": 0.55, ""bear"": 0.25, ""bull"": 0.2}",
REB,Mines,scenario_probability_base,0.55,default
REB,Mines,scenario_probability_bear,0.25,default
REB,Mines,scenario_probability_bull,0.2,default
REB,Mines,sensitivity_terminal_growth_step,0.005,default
REB,Mines,sensitivity_wacc_step,0.005,default
REB,Mines,stable_payout_ratio,0.55,default
REB,Mines,tax_rate,0.35,default
REB,Mines,terminal_growth,0.025,default
REB,Mines,terminal_growth_basis,"{""equity"": {""binding_constraint"": ""raw"", ""ceiling"": 0.035, ""ceiling_source"": ""risk_free_rate"", ""discount_buffer"": 0.01, ""discount_cap"": 0.085, ""discount_rate"": 0.095, ""floor"": 0.0, ""path"": ""equity"", ""payout"": 0.3044699686847306, ""payout_source"": ""historical_dividends_to_net_income"", ""raw_growth"": 0.03, ""retention"": 0.6955300313152695, ""roe"": null, ""roe_source"": ""missing_roe"", ""source"": ""earnings_growth_proxy_missing_roe"", ""terminal_growth"": 0.03}, ""firm"": {""binding_constraint"": ""discount_buffer"", ""ceiling"": 0.035, ""ceiling_source"": ""risk_free_rate"", ""discount_buffer"": 0.01, ""discount_cap"": 0.021485783434790538, ""discount_rate"": 0.03148578343479054, ""floor"": 0.0, ""path"": ""firm"", ""raw_growth"": 0.07590055611464078, ""reinvestment_rate"": 1.0638909161720222, ""roic"": 0.07134242332638574, ""source"": ""reinvestment_times_roic"", ""tax_rate"": 0.35, ""terminal_growth"": 0.021485783434790538}}",computed
REB,Mines,terminal_growth_ceiling_source,1.0,default
REB,Mines,terminal_growth_discount_buffer,0.01,default
REB,Mines,terminal_growth_equity,0.03,computed_from_fundamentals
REB,Mines,terminal_growth_firm,0.021485783434790538,computed_from_fundamentals
REB,Mines,terminal_growth_floor,0.0,default
REB,Mines,use_balance_sheet_capital_weights,1.0,default
REB,Mines,wacc,0.03148578343479054,computed
RIS,Loisirs & Hôtels,beta,0.6526964625947372,beta_history
RIS,Loisirs & Hôtels,beta_min_observations,60.0,default
RIS,Loisirs & Hôtels,beta_window_years,2.0,default
RIS,Loisirs & Hôtels,beta_zero_return_threshold,0.3,default
RIS,Loisirs & Hôtels,bs_balance_fail_bps,200.0,default
RIS,Loisirs & Hôtels,bs_balance_warn_bps,50.0,default
RIS,Loisirs & Hôtels,computed_debt_weight,0.05350864196701682,computed
RIS,Loisirs & Hôtels,computed_equity_weight,0.9464913580329831,computed
RIS,Loisirs & Hôtels,cost_of_capital_build_up,"{""average_total_debt"": 298000000.0, ""base_cost_of_debt"": 0.055, ""base_equity_risk_premium"": 0.06, ""beta"": 0.6526964625947372, ""beta_as_of"": ""2026-06-01"", ""beta_frequency"": ""weekly"", ""beta_liquidity_flag"": false, ""beta_lookup_as_of"": ""latest"", ""beta_method"": ""ols"", ""beta_n_obs"": 104, ""beta_r2"": 0.13813338634893668, ""beta_source"": ""beta_history"", ""beta_window_years"": 2.0, ""beta_zero_week_frac"": 0.019230769230769232, ""cost_of_debt"": 0.08, ""cost_of_debt_ceiling"": 0.085, ""cost_of_debt_floor"": 0.04, ""cost_of_debt_pre_scenario"": 0.08, ""cost_of_debt_source"": ""synthetic_interest_coverage_spread"", ""cost_of_debt_unclamped"": 0.08, ""cost_of_equity"": 0.095, ""cost_of_equity_floor"": 0.095, ""cost_of_equity_floor_bound"": true, ""cost_of_equity_unfloored"": 0.07416178775568424, ""country_risk_premium"": 0.0, ""debt_weight"": 0.05350864196701682, ""effective_cost_of_debt"": 0.08, ""effective_equity_risk_premium"": 0.06, ""equity_weight"": 0.9464913580329831, ""interest_coverage"": 2.302325581395349, ""interest_expense"": 43000000.0, ""kd_effective"": 0.14429530201342283, ""kd_synthetic"": 0.08, ""macro_config"": {""country_risk_mode"": ""auto"", ""country_risk_premium"": 0.0, ""country_risk_source"": ""auto:masi_embedded"", ""equity_risk_premium"": 0.06, ""erp_index_asset_class"": ""index"", ""erp_index_symbol"": ""MASI"", ""erp_lookback_years"": 10.0, ""erp_mean_method"": ""geometric"", ""erp_mode"": ""manual"", ""erp_source"": ""manual"", ""expected_index_return"": null, ""risk_free_mode"": ""tenor"", ""risk_free_rate"": 0.035, ""risk_free_source"": ""treasury_curve:10Y"", ""scope_key"": ""GLOBAL"", ""source"": ""structural_default"", ""treasury_curve"": {""10Y"": 0.035, ""1Y"": 0.03, ""5Y"": 0.033}, ""treasury_tenor"": ""10Y"", ""version_label"": ""base"", ""warnings"": []}, ""market_cap"": 5271193854.4, ""market_proxy"": ""MASI"", ""scenario_cost_of_debt_addon"": 0.0, ""scenario_erp_addon"": 0.0, ""synthetic_bucket"": ""B"", ""synthetic_spread"": 0.045, ""tax_rate"": 0.35, ""total_debt"": 298000000.0, ""wacc"": 0.09269912839541827, ""weight_source"": ""market_cap_plus_debt""}",computed
RIS,Loisirs & Hôtels,cost_of_debt,0.08,computed
RIS,Loisirs & Hôtels,cost_of_equity,0.095,computed
RIS,Loisirs & Hôtels,cost_of_equity_floor,0.095,scenario
RIS,Loisirs & Hôtels,country_risk_premium,0.0,macro_config
RIS,Loisirs & Hôtels,currency,MAD,scenario
RIS,Loisirs & Hôtels,default_debt_weight,0.3,default
RIS,Loisirs & Hôtels,default_equity_weight,0.7,default
RIS,Loisirs & Hôtels,equity_risk_premium,0.06,macro_config
RIS,Loisirs & Hôtels,fade_years,5.0,default
RIS,Loisirs & Hôtels,forecast_years,5.0,default
RIS,Loisirs & Hôtels,justified_multiple_ratio_mask,3.0,default
RIS,Loisirs & Hôtels,mid_year_discounting,1.0,default
RIS,Loisirs & Hôtels,mid_year_terminal,0.0,default
RIS,Loisirs & Hôtels,peer_min_count,3.0,default
RIS,Loisirs & Hôtels,proxy_weight_cap,0.25,default
RIS,Loisirs & Hôtels,relative_multiple_ratio_mask,15.0,default
RIS,Loisirs & Hôtels,risk_free_rate,0.035,macro_config
RIS,Loisirs & Hôtels,scenario_cost_of_debt_addon,0.0,default
RIS,Loisirs & Hôtels,scenario_erp_addon,0.0,default
RIS,Loisirs & Hôtels,scenario_probabilities,"{""base"": 0.55, ""bear"": 0.25, ""bull"": 0.2}",
RIS,Loisirs & Hôtels,scenario_probability_base,0.55,default
RIS,Loisirs & Hôtels,scenario_probability_bear,0.25,default
RIS,Loisirs & Hôtels,scenario_probability_bull,0.2,default
RIS,Loisirs & Hôtels,sensitivity_terminal_growth_step,0.005,default
RIS,Loisirs & Hôtels,sensitivity_wacc_step,0.005,default
RIS,Loisirs & Hôtels,stable_payout_ratio,0.55,default
RIS,Loisirs & Hôtels,tax_rate,0.35,default
RIS,Loisirs & Hôtels,terminal_growth,0.025,default
RIS,Loisirs & Hôtels,terminal_growth_basis,"{""equity"": {""binding_constraint"": ""raw"", ""ceiling"": 0.035, ""ceiling_source"": ""risk_free_rate"", ""discount_buffer"": 0.01, ""discount_cap"": 0.085, ""discount_rate"": 0.095, ""floor"": 0.0, ""path"": ""equity"", ""payout"": 1.1675302245250432, ""payout_source"": ""historical_dividends_to_net_income"", ""raw_growth"": 0.03, ""retention"": 0.0, ""roe"": null, ""roe_source"": ""missing_roe"", ""source"": ""earnings_growth_proxy_missing_roe"", ""terminal_growth"": 0.03}, ""firm"": {""binding_constraint"": ""raw"", ""ceiling"": 0.035, ""ceiling_source"": ""risk_free_rate"", ""discount_buffer"": 0.01, ""discount_cap"": 0.08269912839541828, ""discount_rate"": 0.09269912839541827, ""floor"": 0.0, ""path"": ""firm"", ""raw_growth"": 0.0, ""reinvestment_rate"": 0.0, ""roic"": 0.0520587307794269, ""source"": ""reinvestment_times_roic"", ""tax_rate"": 0.35, ""terminal_growth"": 0.0}}",computed
RIS,Loisirs & Hôtels,terminal_growth_ceiling_source,1.0,default
RIS,Loisirs & Hôtels,terminal_growth_discount_buffer,0.01,default
RIS,Loisirs & Hôtels,terminal_growth_equity,0.03,computed_from_fundamentals
RIS,Loisirs & Hôtels,terminal_growth_firm,0.0,computed_from_fundamentals
RIS,Loisirs & Hôtels,terminal_growth_floor,0.0,default
RIS,Loisirs & Hôtels,use_balance_sheet_capital_weights,1.0,default
RIS,Loisirs & Hôtels,wacc,0.09269912839541827,computed
S2M,Autre,beta,0.7021541724235701,beta_history
S2M,Autre,beta_min_observations,60.0,default
S2M,Autre,beta_window_years,2.0,default
S2M,Autre,beta_zero_return_threshold,0.3,default
S2M,Autre,bs_balance_fail_bps,200.0,default
S2M,Autre,bs_balance_warn_bps,50.0,default
S2M,Autre,computed_debt_weight,0.018246222360331323,computed
S2M,Autre,computed_equity_weight,0.9817537776396686,computed
S2M,Autre,cost_of_capital_build_up,"{""average_total_debt"": 8150000.0, ""base_cost_of_debt"": 0.055, ""base_equity_risk_premium"": 0.06, ""beta"": 0.7021541724235701, ""beta_as_of"": ""2026-06-01"", ""beta_frequency"": ""weekly"", ""beta_liquidity_flag"": false, ""beta_lookup_as_of"": ""latest"", ""beta_method"": ""ols"", ""beta_n_obs"": 104, ""beta_r2"": 0.05855616272585107, ""beta_source"": ""beta_history"", ""beta_window_years"": 2.0, ""beta_zero_week_frac"": 0.057692307692307696, ""cost_of_debt"": 0.055, ""cost_of_debt_ceiling"": 0.085, ""cost_of_debt_floor"": 0.04, ""cost_of_debt_pre_scenario"": 0.055, ""cost_of_debt_source"": ""registry_default_missing_debt_inputs"", ""cost_of_debt_unclamped"": 0.055, ""cost_of_equity"": 0.095, ""cost_of_equity_floor"": 0.095, ""cost_of_equity_floor_bound"": true, ""cost_of_equity_unfloored"": 0.07712925034541421, ""country_risk_premium"": 0.0, ""debt_weight"": 0.018246222360331323, ""effective_cost_of_debt"": 0.055, ""effective_equity_risk_premium"": 0.06, ""equity_weight"": 0.9817537776396686, ""interest_coverage"": null, ""interest_expense"": null, ""kd_effective"": null, ""kd_synthetic"": null, ""macro_config"": {""country_risk_mode"": ""auto"", ""country_risk_premium"": 0.0, ""country_risk_source"": ""auto:masi_embedded"", ""equity_risk_premium"": 0.06, ""erp_index_asset_class"": ""index"", ""erp_index_symbol"": ""MASI"", ""erp_lookback_years"": 10.0, ""erp_mean_method"": ""geometric"", ""erp_mode"": ""manual"", ""erp_source"": ""manual"", ""expected_index_return"": null, ""risk_free_mode"": ""tenor"", ""risk_free_rate"": 0.035, ""risk_free_source"": ""treasury_curve:10Y"", ""scope_key"": ""GLOBAL"", ""source"": ""structural_default"", ""treasury_curve"": {""10Y"": 0.035, ""1Y"": 0.03, ""5Y"": 0.033}, ""treasury_tenor"": ""10Y"", ""version_label"": ""base"", ""warnings"": []}, ""market_cap"": 438517800.0, ""market_proxy"": ""MASI"", ""scenario_cost_of_debt_addon"": 0.0, ""scenario_erp_addon"": 0.0, ""synthetic_bucket"": null, ""synthetic_spread"": null, ""tax_rate"": 0.35, ""total_debt"": 8150000.0, ""wacc"": 0.09391891132515037, ""weight_source"": ""market_cap_plus_debt""}",computed
S2M,Autre,cost_of_debt,0.055,computed
S2M,Autre,cost_of_equity,0.095,computed
S2M,Autre,cost_of_equity_floor,0.095,scenario
S2M,Autre,country_risk_premium,0.0,macro_config
S2M,Autre,currency,MAD,scenario
S2M,Autre,default_debt_weight,0.3,default
S2M,Autre,default_equity_weight,0.7,default
S2M,Autre,equity_risk_premium,0.06,macro_config
S2M,Autre,fade_years,5.0,default
S2M,Autre,forecast_years,5.0,default
S2M,Autre,justified_multiple_ratio_mask,3.0,default
S2M,Autre,mid_year_discounting,1.0,default
S2M,Autre,mid_year_terminal,0.0,default
S2M,Autre,peer_min_count,3.0,default
S2M,Autre,proxy_weight_cap,0.25,default
S2M,Autre,relative_multiple_ratio_mask,15.0,default
S2M,Autre,risk_free_rate,0.035,macro_config
S2M,Autre,scenario_cost_of_debt_addon,0.0,default
S2M,Autre,scenario_erp_addon,0.0,default
S2M,Autre,scenario_probabilities,"{""base"": 0.55, ""bear"": 0.25, ""bull"": 0.2}",
S2M,Autre,scenario_probability_base,0.55,default
S2M,Autre,scenario_probability_bear,0.25,default
S2M,Autre,scenario_probability_bull,0.2,default
S2M,Autre,sensitivity_terminal_growth_step,0.005,default
S2M,Autre,sensitivity_wacc_step,0.005,default
S2M,Autre,stable_payout_ratio,0.55,default
S2M,Autre,tax_rate,0.35,default
S2M,Autre,terminal_growth,0.025,default
S2M,Autre,terminal_growth_basis,"{""equity"": {""binding_constraint"": ""ceiling"", ""ceiling"": 0.035, ""ceiling_source"": ""risk_free_rate"", ""discount_buffer"": 0.01, ""discount_cap"": 0.085, ""discount_rate"": 0.095, ""floor"": 0.0, ""path"": ""equity"", ""payout"": 0.55, ""payout_source"": ""stable_payout_assumption"", ""raw_growth"": 0.12351662689102988, ""retention"": 0.44999999999999996, ""roe"": 0.27448139309117753, ""roe_source"": ""historical_roe"", ""source"": ""retention_times_roe"", ""terminal_growth"": 0.035}, ""firm"": {""binding_constraint"": ""ceiling"", ""ceiling"": 0.035, ""ceiling_source"": ""risk_free_rate"", ""discount_buffer"": 0.01, ""discount_cap"": 0.08391891132515038, ""discount_rate"": 0.09391891132515037, ""floor"": 0.0, ""path"": ""firm"", ""raw_growth"": 0.17313165552748552, ""reinvestment_rate"": null, ""roic"": null, ""source"": ""revenue_growth_proxy_missing_roic_or_reinvestment"", ""tax_rate"": 0.35, ""terminal_growth"": 0.035}}",computed
S2M,Autre,terminal_growth_ceiling_source,1.0,default
S2M,Autre,terminal_growth_discount_buffer,0.01,default
S2M,Autre,terminal_growth_equity,0.035,computed_from_fundamentals
S2M,Autre,terminal_growth_firm,0.035,computed_from_fundamentals
S2M,Autre,terminal_growth_floor,0.0,default
S2M,Autre,use_balance_sheet_capital_weights,1.0,default
S2M,Autre,wacc,0.09391891132515037,computed
SAH,Assurances,beta,1.0,beta_history
SAH,Assurances,beta_min_observations,60.0,default
SAH,Assurances,beta_window_years,2.0,default
SAH,Assurances,beta_zero_return_threshold,0.3,default
SAH,Assurances,bs_balance_fail_bps,200.0,default
SAH,Assurances,bs_balance_warn_bps,50.0,default
SAH,Assurances,computed_debt_weight,0.007454172665087838,computed
SAH,Assurances,computed_equity_weight,0.9925458273349121,computed
SAH,Assurances,cost_of_capital_build_up,"{""average_total_debt"": 91271000.0, ""base_cost_of_debt"": 0.055, ""base_equity_risk_premium"": 0.06, ""beta"": 1.0, ""beta_as_of"": ""2026-06-01"", ""beta_frequency"": ""weekly"", ""beta_liquidity_flag"": false, ""beta_lookup_as_of"": ""latest"", ""beta_method"": ""ols"", ""beta_n_obs"": 104, ""beta_r2"": 0.00037541838171173403, ""beta_source"": ""beta_history"", ""beta_window_years"": 2.0, ""beta_zero_week_frac"": 0.11538461538461539, ""cost_of_debt"": 0.055, ""cost_of_debt_ceiling"": 0.085, ""cost_of_debt_floor"": 0.04, ""cost_of_debt_pre_scenario"": 0.055, ""cost_of_debt_source"": ""registry_default_financial_sector"", ""cost_of_debt_unclamped"": 0.055, ""cost_of_equity"": 0.095, ""cost_of_equity_floor"": 0.095, ""cost_of_equity_floor_bound"": false, ""cost_of_equity_unfloored"": 0.095, ""country_risk_premium"": 0.0, ""debt_weight"": 0.007454172665087838, ""effective_cost_of_debt"": 0.055, ""effective_equity_risk_premium"": 0.06, ""equity_weight"": 0.9925458273349121, ""interest_coverage"": null, ""interest_expense"": null, ""kd_effective"": null, ""kd_synthetic"": null, ""macro_config"": {""country_risk_mode"": ""auto"", ""country_risk_premium"": 0.0, ""country_risk_source"": ""auto:masi_embedded"", ""equity_risk_premium"": 0.06, ""erp_index_asset_class"": ""index"", ""erp_index_symbol"": ""MASI"", ""erp_lookback_years"": 10.0, ""erp_mean_method"": ""geometric"", ""erp_mode"": ""manual"", ""erp_source"": ""manual"", ""expected_index_return"": null, ""risk_free_mode"": ""tenor"", ""risk_free_rate"": 0.035, ""risk_free_source"": ""treasury_curve:10Y"", ""scope_key"": ""GLOBAL"", ""source"": ""structural_default"", ""treasury_curve"": {""10Y"": 0.035, ""1Y"": 0.03, ""5Y"": 0.033}, ""treasury_tenor"": ""10Y"", ""version_label"": ""base"", ""warnings"": []}, ""market_cap"": 12153012048.0, ""market_proxy"": ""MASI"", ""scenario_cost_of_debt_addon"": 0.0, ""scenario_erp_addon"": 0.0, ""synthetic_bucket"": null, ""synthetic_spread"": null, ""tax_rate"": 0.35, ""total_debt"": 91271000.0, ""wacc"": 0.09455834026959355, ""weight_source"": ""market_cap_plus_debt""}",computed
SAH,Assurances,cost_of_debt,0.055,computed
SAH,Assurances,cost_of_equity,0.095,computed
SAH,Assurances,cost_of_equity_floor,0.095,scenario
SAH,Assurances,country_risk_premium,0.0,macro_config
SAH,Assurances,currency,MAD,scenario
SAH,Assurances,default_debt_weight,0.3,default
SAH,Assurances,default_equity_weight,0.7,default
SAH,Assurances,equity_risk_premium,0.06,macro_config
SAH,Assurances,fade_years,5.0,default
SAH,Assurances,forecast_years,5.0,default
SAH,Assurances,justified_multiple_ratio_mask,3.0,default
SAH,Assurances,mid_year_discounting,1.0,default
SAH,Assurances,mid_year_terminal,0.0,default
SAH,Assurances,peer_min_count,3.0,default
SAH,Assurances,proxy_weight_cap,0.25,default
SAH,Assurances,relative_multiple_ratio_mask,15.0,default
SAH,Assurances,risk_free_rate,0.035,macro_config
SAH,Assurances,scenario_cost_of_debt_addon,0.0,default
SAH,Assurances,scenario_erp_addon,0.0,default
SAH,Assurances,scenario_probabilities,"{""base"": 0.55, ""bear"": 0.25, ""bull"": 0.2}",
SAH,Assurances,scenario_probability_base,0.55,default
SAH,Assurances,scenario_probability_bear,0.25,default
SAH,Assurances,scenario_probability_bull,0.2,default
SAH,Assurances,sensitivity_terminal_growth_step,0.005,default
SAH,Assurances,sensitivity_wacc_step,0.005,default
SAH,Assurances,stable_payout_ratio,0.55,default
SAH,Assurances,tax_rate,0.35,default
SAH,Assurances,terminal_growth,0.025,default
SAH,Assurances,terminal_growth_basis,"{""equity"": {""binding_constraint"": ""raw"", ""ceiling"": 0.035, ""ceiling_source"": ""risk_free_rate"", ""discount_buffer"": 0.01, ""discount_cap"": 0.085, ""discount_rate"": 0.095, ""floor"": 0.0, ""path"": ""equity"", ""payout"": 0.4057916776405075, ""payout_source"": ""historical_dividends_to_net_income"", ""raw_growth"": 0.03, ""retention"": 0.5942083223594925, ""roe"": null, ""roe_source"": ""missing_roe"", ""source"": ""earnings_growth_proxy_missing_roe"", ""terminal_growth"": 0.03}, ""firm"": {""path"": ""firm"", ""source"": ""not_used_for_financials"", ""terminal_growth"": 0.025}}",computed
SAH,Assurances,terminal_growth_ceiling_source,1.0,default
SAH,Assurances,terminal_growth_discount_buffer,0.01,default
SAH,Assurances,terminal_growth_equity,0.03,computed_from_fundamentals
SAH,Assurances,terminal_growth_firm,0.025,computed_from_fundamentals
SAH,Assurances,terminal_growth_floor,0.0,default
SAH,Assurances,use_balance_sheet_capital_weights,1.0,default
SAH,Assurances,wacc,0.09455834026959355,computed
SBM,Boissons,beta,0.44824451053806985,beta_history
SBM,Boissons,beta_min_observations,60.0,default
SBM,Boissons,beta_window_years,2.0,default
SBM,Boissons,beta_zero_return_threshold,0.3,default
SBM,Boissons,bs_balance_fail_bps,200.0,default
SBM,Boissons,bs_balance_warn_bps,50.0,default
SBM,Boissons,computed_debt_weight,0.0003326782591100166,computed
SBM,Boissons,computed_equity_weight,0.99966732174089,computed
SBM,Boissons,cost_of_capital_build_up,"{""average_total_debt"": 2212000.0, ""base_cost_of_debt"": 0.055, ""base_equity_risk_premium"": 0.06, ""beta"": 0.44824451053806985, ""beta_as_of"": ""2026-06-01"", ""beta_frequency"": ""weekly"", ""beta_liquidity_flag"": false, ""beta_lookup_as_of"": ""latest"", ""beta_method"": ""ols"", ""beta_n_obs"": 104, ""beta_r2"": 0.0704398678130862, ""beta_source"": ""beta_history"", ""beta_window_years"": 2.0, ""beta_zero_week_frac"": 0.057692307692307696, ""cost_of_debt"": 0.045000000000000005, ""cost_of_debt_ceiling"": 0.085, ""cost_of_debt_floor"": 0.04, ""cost_of_debt_pre_scenario"": 0.045000000000000005, ""cost_of_debt_source"": ""synthetic_interest_coverage_spread"", ""cost_of_debt_unclamped"": 0.045000000000000005, ""cost_of_equity"": 0.095, ""cost_of_equity_floor"": 0.095, ""cost_of_equity_floor_bound"": true, ""cost_of_equity_unfloored"": 0.061894670632284196, ""country_risk_premium"": 0.0, ""debt_weight"": 0.0003326782591100166, ""effective_cost_of_debt"": 0.045000000000000005, ""effective_equity_risk_premium"": 0.06, ""equity_weight"": 0.99966732174089, ""interest_coverage"": 14.739271929517693, ""interest_expense"": 28088225.93, ""kd_effective"": null, ""kd_synthetic"": 0.045000000000000005, ""macro_config"": {""country_risk_mode"": ""auto"", ""country_risk_premium"": 0.0, ""country_risk_source"": ""auto:masi_embedded"", ""equity_risk_premium"": 0.06, ""erp_index_asset_class"": ""index"", ""erp_index_symbol"": ""MASI"", ""erp_lookback_years"": 10.0, ""erp_mean_method"": ""geometric"", ""erp_mode"": ""manual"", ""erp_source"": ""manual"", ""expected_index_return"": null, ""risk_free_mode"": ""tenor"", ""risk_free_rate"": 0.035, ""risk_free_source"": ""treasury_curve:10Y"", ""scope_key"": ""GLOBAL"", ""source"": ""structural_default"", ""treasury_curve"": {""10Y"": 0.035, ""1Y"": 0.03, ""5Y"": 0.033}, ""treasury_tenor"": ""10Y"", ""version_label"": ""base"", ""warnings"": []}, ""market_cap"": 6646854897.0, ""market_proxy"": ""MASI"", ""scenario_cost_of_debt_addon"": 0.0, ""scenario_erp_addon"": 0.0, ""synthetic_bucket"": ""AA"", ""synthetic_spread"": 0.01, ""tax_rate"": 0.35, ""total_debt"": 2212000.0, ""wacc"": 0.09497812640446353, ""weight_source"": ""market_cap_plus_debt""}",computed
SBM,Boissons,cost_of_debt,0.045000000000000005,computed
SBM,Boissons,cost_of_equity,0.095,computed
SBM,Boissons,cost_of_equity_floor,0.095,scenario
SBM,Boissons,country_risk_premium,0.0,macro_config
SBM,Boissons,currency,MAD,scenario
SBM,Boissons,default_debt_weight,0.3,default
SBM,Boissons,default_equity_weight,0.7,default
SBM,Boissons,equity_risk_premium,0.06,macro_config
SBM,Boissons,fade_years,5.0,default
SBM,Boissons,forecast_years,5.0,default
SBM,Boissons,justified_multiple_ratio_mask,3.0,default
SBM,Boissons,mid_year_discounting,1.0,default
SBM,Boissons,mid_year_terminal,0.0,default
SBM,Boissons,peer_min_count,3.0,default
SBM,Boissons,proxy_weight_cap,0.25,default
SBM,Boissons,relative_multiple_ratio_mask,15.0,default
SBM,Boissons,risk_free_rate,0.035,macro_config
SBM,Boissons,scenario_cost_of_debt_addon,0.0,default
SBM,Boissons,scenario_erp_addon,0.0,default
SBM,Boissons,scenario_probabilities,"{""base"": 0.55, ""bear"": 0.25, ""bull"": 0.2}",
SBM,Boissons,scenario_probability_base,0.55,default
SBM,Boissons,scenario_probability_bear,0.25,default
SBM,Boissons,scenario_probability_bull,0.2,default
SBM,Boissons,sensitivity_terminal_growth_step,0.005,default
SBM,Boissons,sensitivity_wacc_step,0.005,default
SBM,Boissons,stable_payout_ratio,0.55,default
SBM,Boissons,tax_rate,0.35,default
SBM,Boissons,terminal_growth,0.025,default
SBM,Boissons,terminal_growth_basis,"{""equity"": {""binding_constraint"": ""raw"", ""ceiling"": 0.035, ""ceiling_source"": ""risk_free_rate"", ""discount_buffer"": 0.01, ""discount_cap"": 0.085, ""discount_rate"": 0.095, ""floor"": 0.0, ""path"": ""equity"", ""payout"": 0.7896703942510617, ""payout_source"": ""historical_dividends_to_net_income"", ""raw_growth"": 0.03, ""retention"": 0.21032960574893833, ""roe"": null, ""roe_source"": ""missing_roe"", ""source"": ""earnings_growth_proxy_missing_roe"", ""terminal_growth"": 0.03}, ""firm"": {""binding_constraint"": ""ceiling"", ""ceiling"": 0.035, ""ceiling_source"": ""risk_free_rate"", ""discount_buffer"": 0.01, ""discount_cap"": 0.08497812640446353, ""discount_rate"": 0.09497812640446353, ""floor"": 0.0, ""path"": ""firm"", ""raw_growth"": 0.08741138121352336, ""reinvestment_rate"": 0.3970503039459032, ""roic"": 0.22015190605529136, ""source"": ""reinvestment_times_roic"", ""tax_rate"": 0.35, ""terminal_growth"": 0.035}}",computed
SBM,Boissons,terminal_growth_ceiling_source,1.0,default
SBM,Boissons,terminal_growth_discount_buffer,0.01,default
SBM,Boissons,terminal_growth_equity,0.03,computed_from_fundamentals
SBM,Boissons,terminal_growth_firm,0.035,computed_from_fundamentals
SBM,Boissons,terminal_growth_floor,0.0,default
SBM,Boissons,use_balance_sheet_capital_weights,1.0,default
SBM,Boissons,wacc,0.09497812640446353,computed
SID,BTP,beta,1.7840950871623904,beta_history
SID,BTP,beta_min_observations,60.0,default
SID,BTP,beta_window_years,2.0,default
SID,BTP,beta_zero_return_threshold,0.3,default
SID,BTP,bs_balance_fail_bps,200.0,default
SID,BTP,bs_balance_warn_bps,50.0,default
SID,BTP,computed_debt_weight,0.012660727441196352,computed
SID,BTP,computed_equity_weight,0.9873392725588036,computed
SID,BTP,cost_of_capital_build_up,"{""average_total_debt"": 100020000.0, ""base_cost_of_debt"": 0.055, ""base_equity_risk_premium"": 0.06, ""beta"": 1.7840950871623904, ""beta_as_of"": ""2026-06-01"", ""beta_frequency"": ""weekly"", ""beta_liquidity_flag"": false, ""beta_lookup_as_of"": ""latest"", ""beta_method"": ""ols"", ""beta_n_obs"": 104, ""beta_r2"": 0.41935977003006775, ""beta_source"": ""beta_history"", ""beta_window_years"": 2.0, ""beta_zero_week_frac"": 0.019230769230769232, ""cost_of_debt"": 0.045000000000000005, ""cost_of_debt_ceiling"": 0.085, ""cost_of_debt_floor"": 0.04, ""cost_of_debt_pre_scenario"": 0.045000000000000005, ""cost_of_debt_source"": ""synthetic_interest_coverage_spread"", ""cost_of_debt_unclamped"": 0.045000000000000005, ""cost_of_equity"": 0.1420457052297434, ""cost_of_equity_floor"": 0.095, ""cost_of_equity_floor_bound"": false, ""cost_of_equity_unfloored"": 0.1420457052297434, ""country_risk_premium"": 0.0, ""debt_weight"": 0.012660727441196352, ""effective_cost_of_debt"": 0.045000000000000005, ""effective_equity_risk_premium"": 0.06, ""equity_weight"": 0.9873392725588036, ""interest_coverage"": 12.919056347188553, ""interest_expense"": 33826000.0, ""kd_effective"": 0.33819236152769444, ""kd_synthetic"": 0.045000000000000005, ""macro_config"": {""country_risk_mode"": ""auto"", ""country_risk_premium"": 0.0, ""country_risk_source"": ""auto:masi_embedded"", ""equity_risk_premium"": 0.06, ""erp_index_asset_class"": ""index"", ""erp_index_symbol"": ""MASI"", ""erp_lookback_years"": 10.0, ""erp_mean_method"": ""geometric"", ""erp_mode"": ""manual"", ""erp_source"": ""manual"", ""expected_index_return"": null, ""risk_free_mode"": ""tenor"", ""risk_free_rate"": 0.035, ""risk_free_source"": ""treasury_curve:10Y"", ""scope_key"": ""GLOBAL"", ""source"": ""structural_default"", ""treasury_curve"": {""10Y"": 0.035, ""1Y"": 0.03, ""5Y"": 0.033}, ""treasury_tenor"": ""10Y"", ""version_label"": ""base"", ""warnings"": []}, ""market_cap"": 7800000000.0, ""market_proxy"": ""MASI"", ""scenario_cost_of_debt_addon"": 0.0, ""scenario_erp_addon"": 0.0, ""synthetic_bucket"": ""AA"", ""synthetic_spread"": 0.01, ""tax_rate"": 0.35, ""total_debt"": 100020000.0, ""wacc"": 0.1406176295492921, ""weight_source"": ""market_cap_plus_debt""}",computed
SID,BTP,cost_of_debt,0.045000000000000005,computed
SID,BTP,cost_of_equity,0.1420457052297434,computed
SID,BTP,cost_of_equity_floor,0.095,scenario
SID,BTP,country_risk_premium,0.0,macro_config
SID,BTP,currency,MAD,scenario
SID,BTP,default_debt_weight,0.3,default
SID,BTP,default_equity_weight,0.7,default
SID,BTP,equity_risk_premium,0.06,macro_config
SID,BTP,fade_years,5.0,default
SID,BTP,forecast_years,5.0,default
SID,BTP,justified_multiple_ratio_mask,3.0,default
SID,BTP,mid_year_discounting,1.0,default
SID,BTP,mid_year_terminal,0.0,default
SID,BTP,peer_min_count,3.0,default
SID,BTP,proxy_weight_cap,0.25,default
SID,BTP,relative_multiple_ratio_mask,15.0,default
SID,BTP,risk_free_rate,0.035,macro_config
SID,BTP,scenario_cost_of_debt_addon,0.0,default
SID,BTP,scenario_erp_addon,0.0,default
SID,BTP,scenario_probabilities,"{""base"": 0.55, ""bear"": 0.25, ""bull"": 0.2}",
SID,BTP,scenario_probability_base,0.55,default
SID,BTP,scenario_probability_bear,0.25,default
SID,BTP,scenario_probability_bull,0.2,default
SID,BTP,sensitivity_terminal_growth_step,0.005,default
SID,BTP,sensitivity_wacc_step,0.005,default
SID,BTP,stable_payout_ratio,0.55,default
SID,BTP,tax_rate,0.35,default
SID,BTP,terminal_growth,0.025,default
SID,BTP,terminal_growth_basis,"{""equity"": {""binding_constraint"": ""raw"", ""ceiling"": 0.035, ""ceiling_source"": ""risk_free_rate"", ""discount_buffer"": 0.01, ""discount_cap"": 0.1320457052297434, ""discount_rate"": 0.1420457052297434, ""floor"": 0.0, ""path"": ""equity"", ""payout"": 0.9418319696221286, ""payout_source"": ""historical_dividends_to_net_income"", ""raw_growth"": 0.03, ""retention"": 0.05816803037787144, ""roe"": null, ""roe_source"": ""missing_roe"", ""source"": ""earnings_growth_proxy_missing_roe"", ""terminal_growth"": 0.03}, ""firm"": {""binding_constraint"": ""ceiling"", ""ceiling"": 0.035, ""ceiling_source"": ""risk_free_rate"", ""discount_buffer"": 0.01, ""discount_cap"": 0.1306176295492921, ""discount_rate"": 0.1406176295492921, ""floor"": 0.0, ""path"": ""firm"", ""raw_growth"": 0.04239658773237803, ""reinvestment_rate"": 0.7628885164375019, ""roic"": 0.055573765784756424, ""source"": ""reinvestment_times_roic"", ""tax_rate"": 0.35, ""terminal_growth"": 0.035}}",computed
SID,BTP,terminal_growth_ceiling_source,1.0,default
SID,BTP,terminal_growth_discount_buffer,0.01,default
SID,BTP,terminal_growth_equity,0.03,computed_from_fundamentals
SID,BTP,terminal_growth_firm,0.035,computed_from_fundamentals
SID,BTP,terminal_growth_floor,0.0,default
SID,BTP,use_balance_sheet_capital_weights,1.0,default
SID,BTP,wacc,0.1406176295492921,computed
SLF,Sociétés de financement,beta,0.554226918672607,beta_history
SLF,Sociétés de financement,beta_min_observations,60.0,default
SLF,Sociétés de financement,beta_window_years,2.0,default
SLF,Sociétés de financement,beta_zero_return_threshold,0.3,default
SLF,Sociétés de financement,bs_balance_fail_bps,200.0,default
SLF,Sociétés de financement,bs_balance_warn_bps,50.0,default
SLF,Sociétés de financement,computed_debt_weight,0.5598438223740276,computed
SLF,Sociétés de financement,computed_equity_weight,0.44015617762597237,computed
SLF,Sociétés de financement,cost_of_capital_build_up,"{""average_total_debt"": 1955027000.0, ""base_cost_of_debt"": 0.055, ""base_equity_risk_premium"": 0.06, ""beta"": 0.554226918672607, ""beta_as_of"": ""2026-06-01"", ""beta_frequency"": ""weekly"", ""beta_liquidity_flag"": false, ""beta_lookup_as_of"": ""latest"", ""beta_method"": ""ols"", ""beta_n_obs"": 104, ""beta_r2"": 0.0444875531325869, ""beta_source"": ""beta_history"", ""beta_window_years"": 2.0, ""beta_zero_week_frac"": 0.11538461538461539, ""cost_of_debt"": 0.055, ""cost_of_debt_ceiling"": 0.085, ""cost_of_debt_floor"": 0.04, ""cost_of_debt_pre_scenario"": 0.055, ""cost_of_debt_source"": ""registry_default_financial_sector"", ""cost_of_debt_unclamped"": 0.055, ""cost_of_equity"": 0.095, ""cost_of_equity_floor"": 0.095, ""cost_of_equity_floor_bound"": true, ""cost_of_equity_unfloored"": 0.06825361512035642, ""country_risk_premium"": 0.0, ""debt_weight"": 0.5598438223740276, ""effective_cost_of_debt"": 0.055, ""effective_equity_risk_premium"": 0.06, ""equity_weight"": 0.44015617762597237, ""interest_coverage"": null, ""interest_expense"": null, ""kd_effective"": null, ""kd_synthetic"": null, ""macro_config"": {""country_risk_mode"": ""auto"", ""country_risk_premium"": 0.0, ""country_risk_source"": ""auto:masi_embedded"", ""equity_risk_premium"": 0.06, ""erp_index_asset_class"": ""index"", ""erp_index_symbol"": ""MASI"", ""erp_lookback_years"": 10.0, ""erp_mean_method"": ""geometric"", ""erp_mode"": ""manual"", ""erp_source"": ""manual"", ""expected_index_return"": null, ""risk_free_mode"": ""tenor"", ""risk_free_rate"": 0.035, ""risk_free_source"": ""treasury_curve:10Y"", ""scope_key"": ""GLOBAL"", ""source"": ""structural_default"", ""treasury_curve"": {""10Y"": 0.035, ""1Y"": 0.03, ""5Y"": 0.033}, ""treasury_tenor"": ""10Y"", ""version_label"": ""base"", ""warnings"": []}, ""market_cap"": 1537066548.0, ""market_proxy"": ""MASI"", ""scenario_cost_of_debt_addon"": 0.0, ""scenario_erp_addon"": 0.0, ""synthetic_bucket"": null, ""synthetic_spread"": null, ""tax_rate"": 0.35, ""total_debt"": 1955027000.0, ""wacc"": 0.061829253524338865, ""weight_source"": ""market_cap_plus_debt""}",computed
SLF,Sociétés de financement,cost_of_debt,0.055,computed
SLF,Sociétés de financement,cost_of_equity,0.095,computed
SLF,Sociétés de financement,cost_of_equity_floor,0.095,scenario
SLF,Sociétés de financement,country_risk_premium,0.0,macro_config
SLF,Sociétés de financement,currency,MAD,scenario
SLF,Sociétés de financement,default_debt_weight,0.3,default
SLF,Sociétés de financement,default_equity_weight,0.7,default
SLF,Sociétés de financement,equity_risk_premium,0.06,macro_config
SLF,Sociétés de financement,fade_years,5.0,default
SLF,Sociétés de financement,forecast_years,5.0,default
SLF,Sociétés de financement,justified_multiple_ratio_mask,3.0,default
SLF,Sociétés de financement,mid_year_discounting,1.0,default
SLF,Sociétés de financement,mid_year_terminal,0.0,default
SLF,Sociétés de financement,peer_min_count,3.0,default
SLF,Sociétés de financement,proxy_weight_cap,0.25,default
SLF,Sociétés de financement,relative_multiple_ratio_mask,15.0,default
SLF,Sociétés de financement,risk_free_rate,0.035,macro_config
SLF,Sociétés de financement,scenario_cost_of_debt_addon,0.0,default
SLF,Sociétés de financement,scenario_erp_addon,0.0,default
SLF,Sociétés de financement,scenario_probabilities,"{""base"": 0.55, ""bear"": 0.25, ""bull"": 0.2}",
SLF,Sociétés de financement,scenario_probability_base,0.55,default
SLF,Sociétés de financement,scenario_probability_bear,0.25,default
SLF,Sociétés de financement,scenario_probability_bull,0.2,default
SLF,Sociétés de financement,sensitivity_terminal_growth_step,0.005,default
SLF,Sociétés de financement,sensitivity_wacc_step,0.005,default
SLF,Sociétés de financement,stable_payout_ratio,0.55,default
SLF,Sociétés de financement,tax_rate,0.35,default
SLF,Sociétés de financement,terminal_growth,0.025,default
SLF,Sociétés de financement,terminal_growth_basis,"{""equity"": {""binding_constraint"": ""raw"", ""ceiling"": 0.035, ""ceiling_source"": ""risk_free_rate"", ""discount_buffer"": 0.01, ""discount_cap"": 0.085, ""discount_rate"": 0.095, ""floor"": 0.0, ""path"": ""equity"", ""payout"": 1.3104209677953564, ""payout_source"": ""historical_dividends_to_net_income"", ""raw_growth"": 0.03, ""retention"": 0.0, ""roe"": null, ""roe_source"": ""missing_roe"", ""source"": ""earnings_growth_proxy_missing_roe"", ""terminal_growth"": 0.03}, ""firm"": {""path"": ""firm"", ""source"": ""not_used_for_financials"", ""terminal_growth"": 0.025}}",computed
SLF,Sociétés de financement,terminal_growth_ceiling_source,1.0,default
SLF,Sociétés de financement,terminal_growth_discount_buffer,0.01,default
SLF,Sociétés de financement,terminal_growth_equity,0.03,computed_from_fundamentals
SLF,Sociétés de financement,terminal_growth_firm,0.025,computed_from_fundamentals
SLF,Sociétés de financement,terminal_growth_floor,0.0,default
SLF,Sociétés de financement,use_balance_sheet_capital_weights,1.0,default
SLF,Sociétés de financement,wacc,0.061829253524338865,computed
SMI,Mines,beta,0.4201237780402934,beta_history
SMI,Mines,beta_min_observations,60.0,default
SMI,Mines,beta_window_years,2.0,default
SMI,Mines,beta_zero_return_threshold,0.3,default
SMI,Mines,bs_balance_fail_bps,200.0,default
SMI,Mines,bs_balance_warn_bps,50.0,default
SMI,Mines,computed_debt_weight,0.0022943429094654526,computed
SMI,Mines,computed_equity_weight,0.9977056570905345,computed
SMI,Mines,cost_of_capital_build_up,"{""average_total_debt"": 34880000.0, ""base_cost_of_debt"": 0.055, ""base_equity_risk_premium"": 0.06, ""beta"": 0.4201237780402934, ""beta_as_of"": ""2026-06-01"", ""beta_frequency"": ""weekly"", ""beta_liquidity_flag"": false, ""beta_lookup_as_of"": ""latest"", ""beta_method"": ""ols"", ""beta_n_obs"": 104, ""beta_r2"": 0.013725592549958865, ""beta_source"": ""beta_history"", ""beta_window_years"": 2.0, ""beta_zero_week_frac"": 0.038461538461538464, ""cost_of_debt"": 0.055, ""cost_of_debt_ceiling"": 0.085, ""cost_of_debt_floor"": 0.04, ""cost_of_debt_pre_scenario"": 0.055, ""cost_of_debt_source"": ""registry_default_missing_debt_inputs"", ""cost_of_debt_unclamped"": 0.055, ""cost_of_equity"": 0.095, ""cost_of_equity_floor"": 0.095, ""cost_of_equity_floor_bound"": true, ""cost_of_equity_unfloored"": 0.0602074266824176, ""country_risk_premium"": 0.0, ""debt_weight"": 0.0022943429094654526, ""effective_cost_of_debt"": 0.055, ""effective_equity_risk_premium"": 0.06, ""equity_weight"": 0.9977056570905345, ""interest_coverage"": null, ""interest_expense"": null, ""kd_effective"": null, ""kd_synthetic"": null, ""macro_config"": {""country_risk_mode"": ""auto"", ""country_risk_premium"": 0.0, ""country_risk_source"": ""auto:masi_embedded"", ""equity_risk_premium"": 0.06, ""erp_index_asset_class"": ""index"", ""erp_index_symbol"": ""MASI"", ""erp_lookback_years"": 10.0, ""erp_mean_method"": ""geometric"", ""erp_mode"": ""manual"", ""erp_source"": ""manual"", ""expected_index_return"": null, ""risk_free_mode"": ""tenor"", ""risk_free_rate"": 0.035, ""risk_free_source"": ""treasury_curve:10Y"", ""scope_key"": ""GLOBAL"", ""source"": ""structural_default"", ""treasury_curve"": {""10Y"": 0.035, ""1Y"": 0.03, ""5Y"": 0.033}, ""treasury_tenor"": ""10Y"", ""version_label"": ""base"", ""warnings"": []}, ""market_cap"": 15167729800.0, ""market_proxy"": ""MASI"", ""scenario_cost_of_debt_addon"": 0.0, ""scenario_erp_addon"": 0.0, ""synthetic_bucket"": null, ""synthetic_spread"": null, ""tax_rate"": 0.35, ""total_debt"": 34880000.0, ""wacc"": 0.09486406018261417, ""weight_source"": ""market_cap_plus_debt""}",computed
SMI,Mines,cost_of_debt,0.055,computed
SMI,Mines,cost_of_equity,0.095,computed
SMI,Mines,cost_of_equity_floor,0.095,scenario
SMI,Mines,country_risk_premium,0.0,macro_config
SMI,Mines,currency,MAD,scenario
SMI,Mines,default_debt_weight,0.3,default
SMI,Mines,default_equity_weight,0.7,default
SMI,Mines,equity_risk_premium,0.06,macro_config
SMI,Mines,fade_years,5.0,default
SMI,Mines,forecast_years,5.0,default
SMI,Mines,justified_multiple_ratio_mask,3.0,default
SMI,Mines,mid_year_discounting,1.0,default
SMI,Mines,mid_year_terminal,0.0,default
SMI,Mines,peer_min_count,3.0,default
SMI,Mines,proxy_weight_cap,0.25,default
SMI,Mines,relative_multiple_ratio_mask,15.0,default
SMI,Mines,risk_free_rate,0.035,macro_config
SMI,Mines,scenario_cost_of_debt_addon,0.0,default
SMI,Mines,scenario_erp_addon,0.0,default
SMI,Mines,scenario_probabilities,"{""base"": 0.55, ""bear"": 0.25, ""bull"": 0.2}",
SMI,Mines,scenario_probability_base,0.55,default
SMI,Mines,scenario_probability_bear,0.25,default
SMI,Mines,scenario_probability_bull,0.2,default
SMI,Mines,sensitivity_terminal_growth_step,0.005,default
SMI,Mines,sensitivity_wacc_step,0.005,default
SMI,Mines,stable_payout_ratio,0.55,default
SMI,Mines,tax_rate,0.35,default
SMI,Mines,terminal_growth,0.025,default
SMI,Mines,terminal_growth_basis,"{""equity"": {""binding_constraint"": ""ceiling"", ""ceiling"": 0.035, ""ceiling_source"": ""risk_free_rate"", ""discount_buffer"": 0.01, ""discount_cap"": 0.085, ""discount_rate"": 0.095, ""floor"": 0.0, ""path"": ""equity"", ""payout"": 0.7769165921155107, ""payout_source"": ""historical_dividends_to_net_income"", ""raw_growth"": 0.037090499679033405, ""retention"": 0.22308340788448933, ""roe"": 0.16626292394743472, ""roe_source"": ""historical_roe"", ""source"": ""retention_times_roe"", ""terminal_growth"": 0.035}, ""firm"": {""binding_constraint"": ""ceiling"", ""ceiling"": 0.035, ""ceiling_source"": ""risk_free_rate"", ""discount_buffer"": 0.01, ""discount_cap"": 0.08486406018261418, ""discount_rate"": 0.09486406018261417, ""floor"": 0.0, ""path"": ""firm"", ""raw_growth"": 0.40306946688206785, ""reinvestment_rate"": null, ""roic"": null, ""source"": ""revenue_growth_proxy_missing_roic_or_reinvestment"", ""tax_rate"": 0.35, ""terminal_growth"": 0.035}}",computed
SMI,Mines,terminal_growth_ceiling_source,1.0,default
SMI,Mines,terminal_growth_discount_buffer,0.01,default
SMI,Mines,terminal_growth_equity,0.035,computed_from_fundamentals
SMI,Mines,terminal_growth_firm,0.035,computed_from_fundamentals
SMI,Mines,terminal_growth_floor,0.0,default
SMI,Mines,use_balance_sheet_capital_weights,1.0,default
SMI,Mines,wacc,0.09486406018261417,computed
SNA,Distribution,beta,1.3752676777948367,beta_history
SNA,Distribution,beta_min_observations,60.0,default
SNA,Distribution,beta_window_years,2.0,default
SNA,Distribution,beta_zero_return_threshold,0.3,default
SNA,Distribution,bs_balance_fail_bps,200.0,default
SNA,Distribution,bs_balance_warn_bps,50.0,default
SNA,Distribution,computed_debt_weight,0.0654521322658082,computed
SNA,Distribution,computed_equity_weight,0.9345478677341919,computed
SNA,Distribution,cost_of_capital_build_up,"{""average_total_debt"": 92080000.0, ""base_cost_of_debt"": 0.055, ""base_equity_risk_premium"": 0.06, ""beta"": 1.3752676777948367, ""beta_as_of"": ""2026-06-01"", ""beta_frequency"": ""weekly"", ""beta_liquidity_flag"": false, ""beta_lookup_as_of"": ""latest"", ""beta_method"": ""ols"", ""beta_n_obs"": 104, ""beta_r2"": 0.09502435686420929, ""beta_source"": ""beta_history"", ""beta_window_years"": 2.0, ""beta_zero_week_frac"": 0.028846153846153848, ""cost_of_debt"": 0.085, ""cost_of_debt_ceiling"": 0.085, ""cost_of_debt_floor"": 0.04, ""cost_of_debt_pre_scenario"": 0.09, ""cost_of_debt_source"": ""synthetic_interest_coverage_spread"", ""cost_of_debt_unclamped"": 0.09, ""cost_of_equity"": 0.1175160606676902, ""cost_of_equity_floor"": 0.095, ""cost_of_equity_floor_bound"": false, ""cost_of_equity_unfloored"": 0.1175160606676902, ""country_risk_premium"": 0.0, ""debt_weight"": 0.0654521322658082, ""effective_cost_of_debt"": 0.085, ""effective_equity_risk_premium"": 0.06, ""equity_weight"": 0.9345478677341919, ""interest_coverage"": 1.268944440090902, ""interest_expense"": 25522000.0, ""kd_effective"": 0.2771720243266725, ""kd_synthetic"": 0.09, ""macro_config"": {""country_risk_mode"": ""auto"", ""country_risk_premium"": 0.0, ""country_risk_source"": ""auto:masi_embedded"", ""equity_risk_premium"": 0.06, ""erp_index_asset_class"": ""index"", ""erp_index_symbol"": ""MASI"", ""erp_lookback_years"": 10.0, ""erp_mean_method"": ""geometric"", ""erp_mode"": ""manual"", ""erp_source"": ""manual"", ""expected_index_return"": null, ""risk_free_mode"": ""tenor"", ""risk_free_rate"": 0.035, ""risk_free_source"": ""treasury_curve:10Y"", ""scope_key"": ""GLOBAL"", ""source"": ""structural_default"", ""treasury_curve"": {""10Y"": 0.035, ""1Y"": 0.03, ""5Y"": 0.033}, ""treasury_tenor"": ""10Y"", ""version_label"": ""base"", ""warnings"": []}, ""market_cap"": 1314749645.0, ""market_proxy"": ""MASI"", ""scenario_cost_of_debt_addon"": 0.0, ""scenario_erp_addon"": 0.0, ""synthetic_bucket"": ""CCC"", ""synthetic_spread"": 0.055, ""tax_rate"": 0.35, ""total_debt"": 92080000.0, ""wacc"": 0.11344061422919771, ""weight_source"": ""market_cap_plus_debt""}",computed
SNA,Distribution,cost_of_debt,0.085,computed
SNA,Distribution,cost_of_equity,0.1175160606676902,computed
SNA,Distribution,cost_of_equity_floor,0.095,scenario
SNA,Distribution,country_risk_premium,0.0,macro_config
SNA,Distribution,currency,MAD,scenario
SNA,Distribution,default_debt_weight,0.3,default
SNA,Distribution,default_equity_weight,0.7,default
SNA,Distribution,equity_risk_premium,0.06,macro_config
SNA,Distribution,fade_years,5.0,default
SNA,Distribution,forecast_years,5.0,default
SNA,Distribution,justified_multiple_ratio_mask,3.0,default
SNA,Distribution,mid_year_discounting,1.0,default
SNA,Distribution,mid_year_terminal,0.0,default
SNA,Distribution,peer_min_count,3.0,default
SNA,Distribution,proxy_weight_cap,0.25,default
SNA,Distribution,relative_multiple_ratio_mask,15.0,default
SNA,Distribution,risk_free_rate,0.035,macro_config
SNA,Distribution,scenario_cost_of_debt_addon,0.0,default
SNA,Distribution,scenario_erp_addon,0.0,default
SNA,Distribution,scenario_probabilities,"{""base"": 0.55, ""bear"": 0.25, ""bull"": 0.2}",
SNA,Distribution,scenario_probability_base,0.55,default
SNA,Distribution,scenario_probability_bear,0.25,default
SNA,Distribution,scenario_probability_bull,0.2,default
SNA,Distribution,sensitivity_terminal_growth_step,0.005,default
SNA,Distribution,sensitivity_wacc_step,0.005,default
SNA,Distribution,stable_payout_ratio,0.55,default
SNA,Distribution,tax_rate,0.35,default
SNA,Distribution,terminal_growth,0.025,default
SNA,Distribution,terminal_growth_basis,"{""equity"": {""binding_constraint"": ""raw"", ""ceiling"": 0.035, ""ceiling_source"": ""risk_free_rate"", ""discount_buffer"": 0.01, ""discount_cap"": 0.1075160606676902, ""discount_rate"": 0.1175160606676902, ""floor"": 0.0, ""path"": ""equity"", ""payout"": 0.55, ""payout_source"": ""stable_payout_assumption"", ""raw_growth"": 0.03, ""retention"": 0.44999999999999996, ""roe"": null, ""roe_source"": ""missing_roe"", ""source"": ""earnings_growth_proxy_missing_roe"", ""terminal_growth"": 0.03}, ""firm"": {""binding_constraint"": ""raw"", ""ceiling"": 0.035, ""ceiling_source"": ""risk_free_rate"", ""discount_buffer"": 0.01, ""discount_cap"": 0.10344061422919772, ""discount_rate"": 0.11344061422919771, ""floor"": 0.0, ""path"": ""firm"", ""raw_growth"": 0.0, ""reinvestment_rate"": 0.0, ""roic"": 0.021110545587424596, ""source"": ""reinvestment_times_roic"", ""tax_rate"": 0.35, ""terminal_growth"": 0.0}}",computed
SNA,Distribution,terminal_growth_ceiling_source,1.0,default
SNA,Distribution,terminal_growth_discount_buffer,0.01,default
SNA,Distribution,terminal_growth_equity,0.03,computed_from_fundamentals
SNA,Distribution,terminal_growth_firm,0.0,computed_from_fundamentals
SNA,Distribution,terminal_growth_floor,0.0,default
SNA,Distribution,use_balance_sheet_capital_weights,1.0,default
SNA,Distribution,wacc,0.11344061422919771,computed
SNP,Chimie,beta,1.0,default
SNP,Chimie,beta_min_observations,60.0,default
SNP,Chimie,beta_window_years,2.0,default
SNP,Chimie,beta_zero_return_threshold,0.3,default
SNP,Chimie,bs_balance_fail_bps,200.0,default
SNP,Chimie,bs_balance_warn_bps,50.0,default
SNP,Chimie,computed_debt_weight,0.2691346635623838,computed
SNP,Chimie,computed_equity_weight,0.7308653364376162,computed
SNP,Chimie,cost_of_capital_build_up,"{""average_total_debt"": 331417000.0, ""base_cost_of_debt"": 0.055, ""base_equity_risk_premium"": 0.06, ""beta"": 1.0, ""beta_as_of"": null, ""beta_frequency"": ""weekly"", ""beta_liquidity_flag"": null, ""beta_lookup_as_of"": ""latest"", ""beta_method"": null, ""beta_n_obs"": null, ""beta_r2"": null, ""beta_source"": ""default_beta"", ""beta_window_years"": 2.0, ""beta_zero_week_frac"": null, ""cost_of_debt"": 0.055, ""cost_of_debt_ceiling"": 0.085, ""cost_of_debt_floor"": 0.04, ""cost_of_debt_pre_scenario"": 0.055, ""cost_of_debt_source"": ""registry_default_missing_debt_inputs"", ""cost_of_debt_unclamped"": 0.055, ""cost_of_equity"": 0.095, ""cost_of_equity_floor"": 0.095, ""cost_of_equity_floor_bound"": false, ""cost_of_equity_unfloored"": 0.095, ""country_risk_premium"": 0.0, ""debt_weight"": 0.2691346635623838, ""effective_cost_of_debt"": 0.055, ""effective_equity_risk_premium"": 0.06, ""equity_weight"": 0.7308653364376162, ""interest_coverage"": null, ""interest_expense"": null, ""kd_effective"": null, ""kd_synthetic"": null, ""macro_config"": {""country_risk_mode"": ""auto"", ""country_risk_premium"": 0.0, ""country_risk_source"": ""auto:masi_embedded"", ""equity_risk_premium"": 0.06, ""erp_index_asset_class"": ""index"", ""erp_index_symbol"": ""MASI"", ""erp_lookback_years"": 10.0, ""erp_mean_method"": ""geometric"", ""erp_mode"": ""manual"", ""erp_source"": ""manual"", ""expected_index_return"": null, ""risk_free_mode"": ""tenor"", ""risk_free_rate"": 0.035, ""risk_free_source"": ""treasury_curve:10Y"", ""scope_key"": ""GLOBAL"", ""source"": ""structural_default"", ""treasury_curve"": {""10Y"": 0.035, ""1Y"": 0.03, ""5Y"": 0.033}, ""treasury_tenor"": ""10Y"", ""version_label"": ""base"", ""warnings"": []}, ""market_cap"": 900000000.0, ""market_proxy"": ""MASI"", ""scenario_cost_of_debt_addon"": 0.0, ""scenario_erp_addon"": 0.0, ""synthetic_bucket"": null, ""synthetic_spread"": null, ""tax_rate"": 0.35, ""total_debt"": 331417000.0, ""wacc"": 0.07905377118392876, ""weight_source"": ""market_cap_plus_debt""}",computed
SNP,Chimie,cost_of_debt,0.055,computed
SNP,Chimie,cost_of_equity,0.095,computed
SNP,Chimie,cost_of_equity_floor,0.095,scenario
SNP,Chimie,country_risk_premium,0.0,macro_config
SNP,Chimie,currency,MAD,scenario
SNP,Chimie,default_debt_weight,0.3,default
SNP,Chimie,default_equity_weight,0.7,default
SNP,Chimie,equity_risk_premium,0.06,macro_config
SNP,Chimie,fade_years,5.0,default
SNP,Chimie,forecast_years,5.0,default
SNP,Chimie,justified_multiple_ratio_mask,3.0,default
SNP,Chimie,mid_year_discounting,1.0,default
SNP,Chimie,mid_year_terminal,0.0,default
SNP,Chimie,peer_min_count,3.0,default
SNP,Chimie,proxy_weight_cap,0.25,default
SNP,Chimie,relative_multiple_ratio_mask,15.0,default
SNP,Chimie,risk_free_rate,0.035,macro_config
SNP,Chimie,scenario_cost_of_debt_addon,0.0,default
SNP,Chimie,scenario_erp_addon,0.0,default
SNP,Chimie,scenario_probabilities,"{""base"": 0.55, ""bear"": 0.25, ""bull"": 0.2}",
SNP,Chimie,scenario_probability_base,0.55,default
SNP,Chimie,scenario_probability_bear,0.25,default
SNP,Chimie,scenario_probability_bull,0.2,default
SNP,Chimie,sensitivity_terminal_growth_step,0.005,default
SNP,Chimie,sensitivity_wacc_step,0.005,default
SNP,Chimie,stable_payout_ratio,0.55,default
SNP,Chimie,tax_rate,0.35,default
SNP,Chimie,terminal_growth,0.025,default
SNP,Chimie,terminal_growth_basis,"{""equity"": {""binding_constraint"": ""floor"", ""ceiling"": 0.035, ""ceiling_source"": ""risk_free_rate"", ""discount_buffer"": 0.01, ""discount_cap"": 0.085, ""discount_rate"": 0.095, ""floor"": 0.0, ""path"": ""equity"", ""payout"": 0.5519525320822409, ""payout_source"": ""historical_dividends_to_net_income"", ""raw_growth"": -0.003245599961125779, ""retention"": 0.44804746791775907, ""roe"": -0.0072438752443112165, ""roe_source"": ""historical_roe"", ""source"": ""retention_times_roe"", ""terminal_growth"": 0.0}, ""firm"": {""binding_constraint"": ""raw"", ""ceiling"": 0.035, ""ceiling_source"": ""risk_free_rate"", ""discount_buffer"": 0.01, ""discount_cap"": 0.06905377118392876, ""discount_rate"": 0.07905377118392876, ""floor"": 0.0, ""path"": ""firm"", ""raw_growth"": 0.0, ""reinvestment_rate"": 0.0, ""roic"": 0.05652826790669124, ""source"": ""reinvestment_times_roic"", ""tax_rate"": 0.35, ""terminal_growth"": 0.0}}",computed
SNP,Chimie,terminal_growth_ceiling_source,1.0,default
SNP,Chimie,terminal_growth_discount_buffer,0.01,default
SNP,Chimie,terminal_growth_equity,0.0,computed_from_fundamentals
SNP,Chimie,terminal_growth_firm,0.0,computed_from_fundamentals
SNP,Chimie,terminal_growth_floor,0.0,default
SNP,Chimie,use_balance_sheet_capital_weights,1.0,default
SNP,Chimie,wacc,0.07905377118392876,computed
SOT,Santé,beta,0.8985648970020439,beta_history
SOT,Santé,beta_min_observations,60.0,default
SOT,Santé,beta_window_years,2.0,default
SOT,Santé,beta_zero_return_threshold,0.3,default
SOT,Santé,bs_balance_fail_bps,200.0,default
SOT,Santé,bs_balance_warn_bps,50.0,default
SOT,Santé,computed_debt_weight,0.060632048381732605,computed
SOT,Santé,computed_equity_weight,0.9393679516182674,computed
SOT,Santé,cost_of_capital_build_up,"{""average_total_debt"": 976720000.0, ""base_cost_of_debt"": 0.055, ""base_equity_risk_premium"": 0.06, ""beta"": 0.8985648970020439, ""beta_as_of"": ""2026-06-01"", ""beta_frequency"": ""weekly"", ""beta_liquidity_flag"": false, ""beta_lookup_as_of"": ""latest"", ""beta_method"": ""ols"", ""beta_n_obs"": 104, ""beta_r2"": 0.05026010114645296, ""beta_source"": ""beta_history"", ""beta_window_years"": 2.0, ""beta_zero_week_frac"": 0.038461538461538464, ""cost_of_debt"": 0.055, ""cost_of_debt_ceiling"": 0.085, ""cost_of_debt_floor"": 0.04, ""cost_of_debt_pre_scenario"": 0.055, ""cost_of_debt_source"": ""registry_default_missing_debt_inputs"", ""cost_of_debt_unclamped"": 0.055, ""cost_of_equity"": 0.095, ""cost_of_equity_floor"": 0.095, ""cost_of_equity_floor_bound"": true, ""cost_of_equity_unfloored"": 0.08891389382012263, ""country_risk_premium"": 0.0, ""debt_weight"": 0.060632048381732605, ""effective_cost_of_debt"": 0.055, ""effective_equity_risk_premium"": 0.06, ""equity_weight"": 0.9393679516182674, ""interest_coverage"": null, ""interest_expense"": null, ""kd_effective"": null, ""kd_synthetic"": null, ""macro_config"": {""country_risk_mode"": ""auto"", ""country_risk_premium"": 0.0, ""country_risk_source"": ""auto:masi_embedded"", ""equity_risk_premium"": 0.06, ""erp_index_asset_class"": ""index"", ""erp_index_symbol"": ""MASI"", ""erp_lookback_years"": 10.0, ""erp_mean_method"": ""geometric"", ""erp_mode"": ""manual"", ""erp_source"": ""manual"", ""expected_index_return"": null, ""risk_free_mode"": ""tenor"", ""risk_free_rate"": 0.035, ""risk_free_source"": ""treasury_curve:10Y"", ""scope_key"": ""GLOBAL"", ""source"": ""structural_default"", ""treasury_curve"": {""10Y"": 0.035, ""1Y"": 0.03, ""5Y"": 0.033}, ""treasury_tenor"": ""10Y"", ""version_label"": ""base"", ""warnings"": []}, ""market_cap"": 15132252500.0, ""market_proxy"": ""MASI"", ""scenario_cost_of_debt_addon"": 0.0, ""scenario_erp_addon"": 0.0, ""synthetic_bucket"": null, ""synthetic_spread"": null, ""tax_rate"": 0.35, ""total_debt"": 976720000.0, ""wacc"": 0.09140755113338234, ""weight_source"": ""market_cap_plus_debt""}",computed
SOT,Santé,cost_of_debt,0.055,computed
SOT,Santé,cost_of_equity,0.095,computed
SOT,Santé,cost_of_equity_floor,0.095,scenario
SOT,Santé,country_risk_premium,0.0,macro_config
SOT,Santé,currency,MAD,scenario
SOT,Santé,default_debt_weight,0.3,default
SOT,Santé,default_equity_weight,0.7,default
SOT,Santé,equity_risk_premium,0.06,macro_config
SOT,Santé,fade_years,5.0,default
SOT,Santé,forecast_years,5.0,default
SOT,Santé,justified_multiple_ratio_mask,3.0,default
SOT,Santé,mid_year_discounting,1.0,default
SOT,Santé,mid_year_terminal,0.0,default
SOT,Santé,peer_min_count,3.0,default
SOT,Santé,proxy_weight_cap,0.25,default
SOT,Santé,relative_multiple_ratio_mask,15.0,default
SOT,Santé,risk_free_rate,0.035,macro_config
SOT,Santé,scenario_cost_of_debt_addon,0.0,default
SOT,Santé,scenario_erp_addon,0.0,default
SOT,Santé,scenario_probabilities,"{""base"": 0.55, ""bear"": 0.25, ""bull"": 0.2}",
SOT,Santé,scenario_probability_base,0.55,default
SOT,Santé,scenario_probability_bear,0.25,default
SOT,Santé,scenario_probability_bull,0.2,default
SOT,Santé,sensitivity_terminal_growth_step,0.005,default
SOT,Santé,sensitivity_wacc_step,0.005,default
SOT,Santé,stable_payout_ratio,0.55,default
SOT,Santé,tax_rate,0.35,default
SOT,Santé,terminal_growth,0.025,default
SOT,Santé,terminal_growth_basis,"{""equity"": {""binding_constraint"": ""ceiling"", ""ceiling"": 0.035, ""ceiling_source"": ""risk_free_rate"", ""discount_buffer"": 0.01, ""discount_cap"": 0.085, ""discount_rate"": 0.095, ""floor"": 0.0, ""path"": ""equity"", ""payout"": 0.6106570175324743, ""payout_source"": ""historical_dividends_to_net_income"", ""raw_growth"": 0.06530182539685307, ""retention"": 0.38934298246752574, ""roe"": 0.1677231344533088, ""roe_source"": ""historical_roe"", ""source"": ""retention_times_roe"", ""terminal_growth"": 0.035}, ""firm"": {""binding_constraint"": ""ceiling"", ""ceiling"": 0.035, ""ceiling_source"": ""risk_free_rate"", ""discount_buffer"": 0.01, ""discount_cap"": 0.08140755113338234, ""discount_rate"": 0.09140755113338234, ""floor"": 0.0, ""path"": ""firm"", ""raw_growth"": 0.1455965909090909, ""reinvestment_rate"": null, ""roic"": null, ""source"": ""revenue_growth_proxy_missing_roic_or_reinvestment"", ""tax_rate"": 0.35, ""terminal_growth"": 0.035}}",computed
SOT,Santé,terminal_growth_ceiling_source,1.0,default
SOT,Santé,terminal_growth_discount_buffer,0.01,default
SOT,Santé,terminal_growth_equity,0.035,computed_from_fundamentals
SOT,Santé,terminal_growth_firm,0.035,computed_from_fundamentals
SOT,Santé,terminal_growth_floor,0.0,default
SOT,Santé,use_balance_sheet_capital_weights,1.0,default
SOT,Santé,wacc,0.09140755113338234,computed
SRM,Autre,beta,0.8249406507475578,beta_history
SRM,Autre,beta_min_observations,60.0,default
SRM,Autre,beta_window_years,2.0,default
SRM,Autre,beta_zero_return_threshold,0.3,default
SRM,Autre,bs_balance_fail_bps,200.0,default
SRM,Autre,bs_balance_warn_bps,50.0,default
SRM,Autre,computed_debt_weight,0.36652372018225676,computed
SRM,Autre,computed_equity_weight,0.6334762798177432,computed
SRM,Autre,cost_of_capital_build_up,"{""average_total_debt"": 87520000.0, ""base_cost_of_debt"": 0.055, ""base_equity_risk_premium"": 0.06, ""beta"": 0.8249406507475578, ""beta_as_of"": ""2026-06-01"", ""beta_frequency"": ""weekly"", ""beta_liquidity_flag"": false, ""beta_lookup_as_of"": ""latest"", ""beta_method"": ""ols"", ""beta_n_obs"": 104, ""beta_r2"": 0.021691495393518112, ""beta_source"": ""beta_history"", ""beta_window_years"": 2.0, ""beta_zero_week_frac"": 0.038461538461538464, ""cost_of_debt"": 0.055, ""cost_of_debt_ceiling"": 0.085, ""cost_of_debt_floor"": 0.04, ""cost_of_debt_pre_scenario"": 0.055, ""cost_of_debt_source"": ""registry_default_missing_debt_inputs"", ""cost_of_debt_unclamped"": 0.055, ""cost_of_equity"": 0.095, ""cost_of_equity_floor"": 0.095, ""cost_of_equity_floor_bound"": true, ""cost_of_equity_unfloored"": 0.08449643904485347, ""country_risk_premium"": 0.0, ""debt_weight"": 0.36652372018225676, ""effective_cost_of_debt"": 0.055, ""effective_equity_risk_premium"": 0.06, ""equity_weight"": 0.6334762798177432, ""interest_coverage"": null, ""interest_expense"": null, ""kd_effective"": null, ""kd_synthetic"": null, ""macro_config"": {""country_risk_mode"": ""auto"", ""country_risk_premium"": 0.0, ""country_risk_source"": ""auto:masi_embedded"", ""equity_risk_premium"": 0.06, ""erp_index_asset_class"": ""index"", ""erp_index_symbol"": ""MASI"", ""erp_lookback_years"": 10.0, ""erp_mean_method"": ""geometric"", ""erp_mode"": ""manual"", ""erp_source"": ""manual"", ""expected_index_return"": null, ""risk_free_mode"": ""tenor"", ""risk_free_rate"": 0.035, ""risk_free_source"": ""treasury_curve:10Y"", ""scope_key"": ""GLOBAL"", ""source"": ""structural_default"", ""treasury_curve"": {""10Y"": 0.035, ""1Y"": 0.03, ""5Y"": 0.033}, ""treasury_tenor"": ""10Y"", ""version_label"": ""base"", ""warnings"": []}, ""market_cap"": 151264000.0, ""market_proxy"": ""MASI"", ""scenario_cost_of_debt_addon"": 0.0, ""scenario_erp_addon"": 0.0, ""synthetic_bucket"": null, ""synthetic_spread"": null, ""tax_rate"": 0.35, ""total_debt"": 87520000.0, ""wacc"": 0.07328346957920129, ""weight_source"": ""market_cap_plus_debt""}",computed
SRM,Autre,cost_of_debt,0.055,computed
SRM,Autre,cost_of_equity,0.095,computed
SRM,Autre,cost_of_equity_floor,0.095,scenario
SRM,Autre,country_risk_premium,0.0,macro_config
SRM,Autre,currency,MAD,scenario
SRM,Autre,default_debt_weight,0.3,default
SRM,Autre,default_equity_weight,0.7,default
SRM,Autre,equity_risk_premium,0.06,macro_config
SRM,Autre,fade_years,5.0,default
SRM,Autre,forecast_years,5.0,default
SRM,Autre,justified_multiple_ratio_mask,3.0,default
SRM,Autre,mid_year_discounting,1.0,default
SRM,Autre,mid_year_terminal,0.0,default
SRM,Autre,peer_min_count,3.0,default
SRM,Autre,proxy_weight_cap,0.25,default
SRM,Autre,relative_multiple_ratio_mask,15.0,default
SRM,Autre,risk_free_rate,0.035,macro_config
SRM,Autre,scenario_cost_of_debt_addon,0.0,default
SRM,Autre,scenario_erp_addon,0.0,default
SRM,Autre,scenario_probabilities,"{""base"": 0.55, ""bear"": 0.25, ""bull"": 0.2}",
SRM,Autre,scenario_probability_base,0.55,default
SRM,Autre,scenario_probability_bear,0.25,default
SRM,Autre,scenario_probability_bull,0.2,default
SRM,Autre,sensitivity_terminal_growth_step,0.005,default
SRM,Autre,sensitivity_wacc_step,0.005,default
SRM,Autre,stable_payout_ratio,0.55,default
SRM,Autre,tax_rate,0.35,default
SRM,Autre,terminal_growth,0.025,default
SRM,Autre,terminal_growth_basis,"{""equity"": {""binding_constraint"": ""raw"", ""ceiling"": 0.035, ""ceiling_source"": ""risk_free_rate"", ""discount_buffer"": 0.01, ""discount_cap"": 0.085, ""discount_rate"": 0.095, ""floor"": 0.0, ""path"": ""equity"", ""payout"": 0.55, ""payout_source"": ""stable_payout_assumption"", ""raw_growth"": 0.0040005608874574, ""retention"": 0.44999999999999996, ""roe"": 0.00889013530546089, ""roe_source"": ""historical_roe"", ""source"": ""retention_times_roe"", ""terminal_growth"": 0.0040005608874574}, ""firm"": {""binding_constraint"": ""ceiling"", ""ceiling"": 0.035, ""ceiling_source"": ""risk_free_rate"", ""discount_buffer"": 0.01, ""discount_cap"": 0.06328346957920129, ""discount_rate"": 0.07328346957920129, ""floor"": 0.0, ""path"": ""firm"", ""raw_growth"": 0.10430050214604314, ""reinvestment_rate"": null, ""roic"": null, ""source"": ""revenue_growth_proxy_missing_roic_or_reinvestment"", ""tax_rate"": 0.35, ""terminal_growth"": 0.035}}",computed
SRM,Autre,terminal_growth_ceiling_source,1.0,default
SRM,Autre,terminal_growth_discount_buffer,0.01,default
SRM,Autre,terminal_growth_equity,0.0040005608874574,computed_from_fundamentals
SRM,Autre,terminal_growth_firm,0.035,computed_from_fundamentals
SRM,Autre,terminal_growth_floor,0.0,default
SRM,Autre,use_balance_sheet_capital_weights,1.0,default
SRM,Autre,wacc,0.07328346957920129,computed
STR,Industrie,beta,1.2887673296017395,beta_history
STR,Industrie,beta_min_observations,60.0,default
STR,Industrie,beta_window_years,2.0,default
STR,Industrie,beta_zero_return_threshold,0.3,default
STR,Industrie,bs_balance_fail_bps,200.0,default
STR,Industrie,bs_balance_warn_bps,50.0,default
STR,Industrie,computed_debt_weight,0.8389388413034513,computed
STR,Industrie,computed_equity_weight,0.16106115869654872,computed
STR,Industrie,cost_of_capital_build_up,"{""average_total_debt"": 1203109000.0, ""base_cost_of_debt"": 0.055, ""base_equity_risk_premium"": 0.06, ""beta"": 1.2887673296017395, ""beta_as_of"": ""2026-06-01"", ""beta_frequency"": ""weekly"", ""beta_liquidity_flag"": false, ""beta_lookup_as_of"": ""latest"", ""beta_method"": ""ols"", ""beta_n_obs"": 104, ""beta_r2"": 0.06389045434526075, ""beta_source"": ""beta_history"", ""beta_window_years"": 2.0, ""beta_zero_week_frac"": 0.038461538461538464, ""cost_of_debt"": 0.045000000000000005, ""cost_of_debt_ceiling"": 0.085, ""cost_of_debt_floor"": 0.04, ""cost_of_debt_pre_scenario"": 0.045000000000000005, ""cost_of_debt_source"": ""synthetic_interest_coverage_spread"", ""cost_of_debt_unclamped"": 0.045000000000000005, ""cost_of_equity"": 0.11232603977610436, ""cost_of_equity_floor"": 0.095, ""cost_of_equity_floor_bound"": false, ""cost_of_equity_unfloored"": 0.11232603977610436, ""country_risk_premium"": 0.0, ""debt_weight"": 0.8389388413034513, ""effective_cost_of_debt"": 0.045000000000000005, ""effective_equity_risk_premium"": 0.06, ""equity_weight"": 0.16106115869654872, ""interest_coverage"": 21.189130128956624, ""interest_expense"": 106625000.0, ""kd_effective"": 0.08862455521486416, ""kd_synthetic"": 0.045000000000000005, ""macro_config"": {""country_risk_mode"": ""auto"", ""country_risk_premium"": 0.0, ""country_risk_source"": ""auto:masi_embedded"", ""equity_risk_premium"": 0.06, ""erp_index_asset_class"": ""index"", ""erp_index_symbol"": ""MASI"", ""erp_lookback_years"": 10.0, ""erp_mean_method"": ""geometric"", ""erp_mode"": ""manual"", ""erp_source"": ""manual"", ""expected_index_return"": null, ""risk_free_mode"": ""tenor"", ""risk_free_rate"": 0.035, ""risk_free_source"": ""treasury_curve:10Y"", ""scope_key"": ""GLOBAL"", ""source"": ""structural_default"", ""treasury_curve"": {""10Y"": 0.035, ""1Y"": 0.03, ""5Y"": 0.033}, ""treasury_tenor"": ""10Y"", ""version_label"": ""base"", ""warnings"": []}, ""market_cap"": 230975275.0, ""market_proxy"": ""MASI"", ""scenario_cost_of_debt_addon"": 0.0, ""scenario_erp_addon"": 0.0, ""synthetic_bucket"": ""AA"", ""synthetic_spread"": 0.01, ""tax_rate"": 0.35, ""total_debt"": 1203109000.0, ""wacc"": 0.042630323226259946, ""weight_source"": ""market_cap_plus_debt""}",computed
STR,Industrie,cost_of_debt,0.045000000000000005,computed
STR,Industrie,cost_of_equity,0.11232603977610436,computed
STR,Industrie,cost_of_equity_floor,0.095,scenario
STR,Industrie,country_risk_premium,0.0,macro_config
STR,Industrie,currency,MAD,scenario
STR,Industrie,default_debt_weight,0.3,default
STR,Industrie,default_equity_weight,0.7,default
STR,Industrie,equity_risk_premium,0.06,macro_config
STR,Industrie,fade_years,5.0,default
STR,Industrie,forecast_years,5.0,default
STR,Industrie,justified_multiple_ratio_mask,3.0,default
STR,Industrie,mid_year_discounting,1.0,default
STR,Industrie,mid_year_terminal,0.0,default
STR,Industrie,peer_min_count,3.0,default
STR,Industrie,proxy_weight_cap,0.25,default
STR,Industrie,relative_multiple_ratio_mask,15.0,default
STR,Industrie,risk_free_rate,0.035,macro_config
STR,Industrie,scenario_cost_of_debt_addon,0.0,default
STR,Industrie,scenario_erp_addon,0.0,default
STR,Industrie,scenario_probabilities,"{""base"": 0.55, ""bear"": 0.25, ""bull"": 0.2}",
STR,Industrie,scenario_probability_base,0.55,default
STR,Industrie,scenario_probability_bear,0.25,default
STR,Industrie,scenario_probability_bull,0.2,default
STR,Industrie,sensitivity_terminal_growth_step,0.005,default
STR,Industrie,sensitivity_wacc_step,0.005,default
STR,Industrie,stable_payout_ratio,0.55,default
STR,Industrie,tax_rate,0.35,default
STR,Industrie,terminal_growth,0.025,default
STR,Industrie,terminal_growth_basis,"{""equity"": {""binding_constraint"": ""raw"", ""ceiling"": 0.035, ""ceiling_source"": ""risk_free_rate"", ""discount_buffer"": 0.01, ""discount_cap"": 0.10232603977610437, ""discount_rate"": 0.11232603977610436, ""floor"": 0.0, ""path"": ""equity"", ""payout"": 0.445091225507539, ""payout_source"": ""historical_dividends_to_net_income"", ""raw_growth"": 0.03, ""retention"": 0.554908774492461, ""roe"": null, ""roe_source"": ""missing_roe"", ""source"": ""earnings_growth_proxy_missing_roe"", ""terminal_growth"": 0.03}, ""firm"": {""binding_constraint"": ""discount_buffer"", ""ceiling"": 0.035, ""ceiling_source"": ""risk_free_rate"", ""discount_buffer"": 0.01, ""discount_cap"": 0.032630323226259944, ""discount_rate"": 0.042630323226259946, ""floor"": 0.0, ""path"": ""firm"", ""raw_growth"": 0.15673189602109375, ""reinvestment_rate"": 0.6932887906472187, ""roic"": 0.22607014296996916, ""source"": ""reinvestment_times_roic"", ""tax_rate"": 0.35, ""terminal_growth"": 0.032630323226259944}}",computed
STR,Industrie,terminal_growth_ceiling_source,1.0,default
STR,Industrie,terminal_growth_discount_buffer,0.01,default
STR,Industrie,terminal_growth_equity,0.03,computed_from_fundamentals
STR,Industrie,terminal_growth_firm,0.032630323226259944,computed_from_fundamentals
STR,Industrie,terminal_growth_floor,0.0,default
STR,Industrie,use_balance_sheet_capital_weights,1.0,default
STR,Industrie,wacc,0.042630323226259946,computed
TGC,BTP,beta,1.4691807888604924,beta_history
TGC,BTP,beta_min_observations,60.0,default
TGC,BTP,beta_window_years,2.0,default
TGC,BTP,beta_zero_return_threshold,0.3,default
TGC,BTP,bs_balance_fail_bps,200.0,default
TGC,BTP,bs_balance_warn_bps,50.0,default
TGC,BTP,computed_debt_weight,0.051966397203452704,computed
TGC,BTP,computed_equity_weight,0.9480336027965472,computed
TGC,BTP,cost_of_capital_build_up,"{""average_total_debt"": 1416000000.0, ""base_cost_of_debt"": 0.055, ""base_equity_risk_premium"": 0.06, ""beta"": 1.4691807888604924, ""beta_as_of"": ""2026-06-01"", ""beta_frequency"": ""weekly"", ""beta_liquidity_flag"": false, ""beta_lookup_as_of"": ""latest"", ""beta_method"": ""ols"", ""beta_n_obs"": 104, ""beta_r2"": 0.41952283247749167, ""beta_source"": ""beta_history"", ""beta_window_years"": 2.0, ""beta_zero_week_frac"": 0.038461538461538464, ""cost_of_debt"": 0.055, ""cost_of_debt_ceiling"": 0.085, ""cost_of_debt_floor"": 0.04, ""cost_of_debt_pre_scenario"": 0.055, ""cost_of_debt_source"": ""registry_default_missing_debt_inputs"", ""cost_of_debt_unclamped"": 0.055, ""cost_of_equity"": 0.12315084733162955, ""cost_of_equity_floor"": 0.095, ""cost_of_equity_floor_bound"": false, ""cost_of_equity_unfloored"": 0.12315084733162955, ""country_risk_premium"": 0.0, ""debt_weight"": 0.051966397203452704, ""effective_cost_of_debt"": 0.055, ""effective_equity_risk_premium"": 0.06, ""equity_weight"": 0.9480336027965472, ""interest_coverage"": null, ""interest_expense"": null, ""kd_effective"": null, ""kd_synthetic"": null, ""macro_config"": {""country_risk_mode"": ""auto"", ""country_risk_premium"": 0.0, ""country_risk_source"": ""auto:masi_embedded"", ""equity_risk_premium"": 0.06, ""erp_index_asset_class"": ""index"", ""erp_index_symbol"": ""MASI"", ""erp_lookback_years"": 10.0, ""erp_mean_method"": ""geometric"", ""erp_mode"": ""manual"", ""erp_source"": ""manual"", ""expected_index_return"": null, ""risk_free_mode"": ""tenor"", ""risk_free_rate"": 0.035, ""risk_free_source"": ""treasury_curve:10Y"", ""scope_key"": ""GLOBAL"", ""source"": ""structural_default"", ""treasury_curve"": {""10Y"": 0.035, ""1Y"": 0.03, ""5Y"": 0.033}, ""treasury_tenor"": ""10Y"", ""version_label"": ""base"", ""warnings"": []}, ""market_cap"": 25832377340.0, ""market_proxy"": ""MASI"", ""scenario_cost_of_debt_addon"": 0.0, ""scenario_erp_addon"": 0.0, ""synthetic_bucket"": null, ""synthetic_spread"": null, ""tax_rate"": 0.35, ""total_debt"": 1416000000.0, ""wacc"": 0.11860894018327575, ""weight_source"": ""market_cap_plus_debt""}",computed
TGC,BTP,cost_of_debt,0.055,computed
TGC,BTP,cost_of_equity,0.12315084733162955,computed
TGC,BTP,cost_of_equity_floor,0.095,scenario
TGC,BTP,country_risk_premium,0.0,macro_config
TGC,BTP,currency,MAD,scenario
TGC,BTP,default_debt_weight,0.3,default
TGC,BTP,default_equity_weight,0.7,default
TGC,BTP,equity_risk_premium,0.06,macro_config
TGC,BTP,fade_years,5.0,default
TGC,BTP,forecast_years,5.0,default
TGC,BTP,justified_multiple_ratio_mask,3.0,default
TGC,BTP,mid_year_discounting,1.0,default
TGC,BTP,mid_year_terminal,0.0,default
TGC,BTP,peer_min_count,3.0,default
TGC,BTP,proxy_weight_cap,0.25,default
TGC,BTP,relative_multiple_ratio_mask,15.0,default
TGC,BTP,risk_free_rate,0.035,macro_config
TGC,BTP,scenario_cost_of_debt_addon,0.0,default
TGC,BTP,scenario_erp_addon,0.0,default
TGC,BTP,scenario_probabilities,"{""base"": 0.55, ""bear"": 0.25, ""bull"": 0.2}",
TGC,BTP,scenario_probability_base,0.55,default
TGC,BTP,scenario_probability_bear,0.25,default
TGC,BTP,scenario_probability_bull,0.2,default
TGC,BTP,sensitivity_terminal_growth_step,0.005,default
TGC,BTP,sensitivity_wacc_step,0.005,default
TGC,BTP,stable_payout_ratio,0.55,default
TGC,BTP,tax_rate,0.35,default
TGC,BTP,terminal_growth,0.025,default
TGC,BTP,terminal_growth_basis,"{""equity"": {""binding_constraint"": ""ceiling"", ""ceiling"": 0.035, ""ceiling_source"": ""risk_free_rate"", ""discount_buffer"": 0.01, ""discount_cap"": 0.11315084733162956, ""discount_rate"": 0.12315084733162955, ""floor"": 0.0, ""path"": ""equity"", ""payout"": 0.7764925321211154, ""payout_source"": ""historical_dividends_to_net_income"", ""raw_growth"": 0.05418944444270076, ""retention"": 0.22350746787888465, ""roe"": 0.24245026332661604, ""roe_source"": ""historical_roe"", ""source"": ""retention_times_roe"", ""terminal_growth"": 0.035}, ""firm"": {""binding_constraint"": ""ceiling"", ""ceiling"": 0.035, ""ceiling_source"": ""risk_free_rate"", ""discount_buffer"": 0.01, ""discount_cap"": 0.10860894018327576, ""discount_rate"": 0.11860894018327575, ""floor"": 0.0, ""path"": ""firm"", ""raw_growth"": 0.10646664724730556, ""reinvestment_rate"": null, ""roic"": null, ""source"": ""revenue_growth_proxy_missing_roic_or_reinvestment"", ""tax_rate"": 0.35, ""terminal_growth"": 0.035}}",computed
TGC,BTP,terminal_growth_ceiling_source,1.0,default
TGC,BTP,terminal_growth_discount_buffer,0.01,default
TGC,BTP,terminal_growth_equity,0.035,computed_from_fundamentals
TGC,BTP,terminal_growth_firm,0.035,computed_from_fundamentals
TGC,BTP,terminal_growth_floor,0.0,default
TGC,BTP,use_balance_sheet_capital_weights,1.0,default
TGC,BTP,wacc,0.11860894018327575,computed
TMA,Énergie,beta,0.8803006388209786,beta_history
TMA,Énergie,beta_min_observations,60.0,default
TMA,Énergie,beta_window_years,2.0,default
TMA,Énergie,beta_zero_return_threshold,0.3,default
TMA,Énergie,bs_balance_fail_bps,200.0,default
TMA,Énergie,bs_balance_warn_bps,50.0,default
TMA,Énergie,computed_debt_weight,0.08313024662945628,computed
TMA,Énergie,computed_equity_weight,0.9168697533705437,computed
TMA,Énergie,cost_of_capital_build_up,"{""average_total_debt"": 1242942000.0, ""base_cost_of_debt"": 0.055, ""base_equity_risk_premium"": 0.06, ""beta"": 0.8803006388209786, ""beta_as_of"": ""2026-06-01"", ""beta_frequency"": ""weekly"", ""beta_liquidity_flag"": false, ""beta_lookup_as_of"": ""latest"", ""beta_method"": ""ols"", ""beta_n_obs"": 104, ""beta_r2"": 0.2330621736769667, ""beta_source"": ""beta_history"", ""beta_window_years"": 2.0, ""beta_zero_week_frac"": 0.038461538461538464, ""cost_of_debt"": 0.045000000000000005, ""cost_of_debt_ceiling"": 0.085, ""cost_of_debt_floor"": 0.04, ""cost_of_debt_pre_scenario"": 0.045000000000000005, ""cost_of_debt_source"": ""synthetic_interest_coverage_spread"", ""cost_of_debt_unclamped"": 0.045000000000000005, ""cost_of_equity"": 0.095, ""cost_of_equity_floor"": 0.095, ""cost_of_equity_floor_bound"": true, ""cost_of_equity_unfloored"": 0.08781803832925872, ""country_risk_premium"": 0.0, ""debt_weight"": 0.08313024662945628, ""effective_cost_of_debt"": 0.045000000000000005, ""effective_equity_risk_premium"": 0.06, ""equity_weight"": 0.9168697533705437, ""interest_coverage"": 38.26913742397853, ""interest_expense"": 35023000.0, ""kd_effective"": 0.028177501444154273, ""kd_synthetic"": 0.045000000000000005, ""macro_config"": {""country_risk_mode"": ""auto"", ""country_risk_premium"": 0.0, ""country_risk_source"": ""auto:masi_embedded"", ""equity_risk_premium"": 0.06, ""erp_index_asset_class"": ""index"", ""erp_index_symbol"": ""MASI"", ""erp_lookback_years"": 10.0, ""erp_mean_method"": ""geometric"", ""erp_mode"": ""manual"", ""erp_source"": ""manual"", ""expected_index_return"": null, ""risk_free_mode"": ""tenor"", ""risk_free_rate"": 0.035, ""risk_free_source"": ""treasury_curve:10Y"", ""scope_key"": ""GLOBAL"", ""source"": ""structural_default"", ""treasury_curve"": {""10Y"": 0.035, ""1Y"": 0.03, ""5Y"": 0.033}, ""treasury_tenor"": ""10Y"", ""version_label"": ""base"", ""warnings"": []}, ""market_cap"": 13708800000.0, ""market_proxy"": ""MASI"", ""scenario_cost_of_debt_addon"": 0.0, ""scenario_erp_addon"": 0.0, ""synthetic_bucket"": ""AA"", ""synthetic_spread"": 0.01, ""tax_rate"": 0.35, ""total_debt"": 1242942000.0, ""wacc"": 0.08953418628411325, ""weight_source"": ""market_cap_plus_debt""}",computed
TMA,Énergie,cost_of_debt,0.045000000000000005,computed
TMA,Énergie,cost_of_equity,0.095,computed
TMA,Énergie,cost_of_equity_floor,0.095,scenario
TMA,Énergie,country_risk_premium,0.0,macro_config
TMA,Énergie,currency,MAD,scenario
TMA,Énergie,default_debt_weight,0.3,default
TMA,Énergie,default_equity_weight,0.7,default
TMA,Énergie,equity_risk_premium,0.06,macro_config
TMA,Énergie,fade_years,5.0,default
TMA,Énergie,forecast_years,5.0,default
TMA,Énergie,justified_multiple_ratio_mask,3.0,default
TMA,Énergie,mid_year_discounting,1.0,default
TMA,Énergie,mid_year_terminal,0.0,default
TMA,Énergie,peer_min_count,3.0,default
TMA,Énergie,proxy_weight_cap,0.25,default
TMA,Énergie,relative_multiple_ratio_mask,15.0,default
TMA,Énergie,risk_free_rate,0.035,macro_config
TMA,Énergie,scenario_cost_of_debt_addon,0.0,default
TMA,Énergie,scenario_erp_addon,0.0,default
TMA,Énergie,scenario_probabilities,"{""base"": 0.55, ""bear"": 0.25, ""bull"": 0.2}",
TMA,Énergie,scenario_probability_base,0.55,default
TMA,Énergie,scenario_probability_bear,0.25,default
TMA,Énergie,scenario_probability_bull,0.2,default
TMA,Énergie,sensitivity_terminal_growth_step,0.005,default
TMA,Énergie,sensitivity_wacc_step,0.005,default
TMA,Énergie,stable_payout_ratio,0.55,default
TMA,Énergie,tax_rate,0.35,default
TMA,Énergie,terminal_growth,0.025,default
TMA,Énergie,terminal_growth_basis,"{""equity"": {""binding_constraint"": ""raw"", ""ceiling"": 0.035, ""ceiling_source"": ""risk_free_rate"", ""discount_buffer"": 0.01, ""discount_cap"": 0.085, ""discount_rate"": 0.095, ""floor"": 0.0, ""path"": ""equity"", ""payout"": 1.003634788219976, ""payout_source"": ""historical_dividends_to_net_income"", ""raw_growth"": 0.03, ""retention"": 0.0, ""roe"": null, ""roe_source"": ""missing_roe"", ""source"": ""earnings_growth_proxy_missing_roe"", ""terminal_growth"": 0.03}, ""firm"": {""binding_constraint"": ""raw"", ""ceiling"": 0.035, ""ceiling_source"": ""risk_free_rate"", ""discount_buffer"": 0.01, ""discount_cap"": 0.07953418628411325, ""discount_rate"": 0.08953418628411325, ""floor"": 0.0, ""path"": ""firm"", ""raw_growth"": 0.007621717827359749, ""reinvestment_rate"": 0.058537602565059105, ""roic"": 0.13020208367585465, ""source"": ""reinvestment_times_roic"", ""tax_rate"": 0.35, ""terminal_growth"": 0.007621717827359749}}",computed
TMA,Énergie,terminal_growth_ceiling_source,1.0,default
TMA,Énergie,terminal_growth_discount_buffer,0.01,default
TMA,Énergie,terminal_growth_equity,0.03,computed_from_fundamentals
TMA,Énergie,terminal_growth_firm,0.007621717827359749,computed_from_fundamentals
TMA,Énergie,terminal_growth_floor,0.0,default
TMA,Énergie,use_balance_sheet_capital_weights,1.0,default
TMA,Énergie,wacc,0.08953418628411325,computed
TQM,Électricité,beta,1.4053157423159504,beta_history
TQM,Électricité,beta_min_observations,60.0,default
TQM,Électricité,beta_window_years,2.0,default
TQM,Électricité,beta_zero_return_threshold,0.3,default
TQM,Électricité,bs_balance_fail_bps,200.0,default
TQM,Électricité,bs_balance_warn_bps,50.0,default
TQM,Électricité,computed_debt_weight,0.1902930211661786,computed
TQM,Électricité,computed_equity_weight,0.8097069788338214,computed
TQM,Électricité,cost_of_capital_build_up,"{""average_total_debt"": 9679219000.0, ""base_cost_of_debt"": 0.055, ""base_equity_risk_premium"": 0.06, ""beta"": 1.4053157423159504, ""beta_as_of"": ""2026-06-01"", ""beta_frequency"": ""weekly"", ""beta_liquidity_flag"": false, ""beta_lookup_as_of"": ""latest"", ""beta_method"": ""ols"", ""beta_n_obs"": 104, ""beta_r2"": 0.35383203376844075, ""beta_source"": ""beta_history"", ""beta_window_years"": 2.0, ""beta_zero_week_frac"": 0.04807692307692308, ""cost_of_debt"": 0.053000000000000005, ""cost_of_debt_ceiling"": 0.085, ""cost_of_debt_floor"": 0.04, ""cost_of_debt_pre_scenario"": 0.053000000000000005, ""cost_of_debt_source"": ""synthetic_interest_coverage_spread"", ""cost_of_debt_unclamped"": 0.053000000000000005, ""cost_of_equity"": 0.11931894453895703, ""cost_of_equity_floor"": 0.095, ""cost_of_equity_floor_bound"": false, ""cost_of_equity_unfloored"": 0.11931894453895703, ""country_risk_premium"": 0.0, ""debt_weight"": 0.1902930211661786, ""effective_cost_of_debt"": 0.053000000000000005, ""effective_equity_risk_premium"": 0.06, ""equity_weight"": 0.8097069788338214, ""interest_coverage"": 5.122340492457127, ""interest_expense"": 476874000.0, ""kd_effective"": 0.049267817992340084, ""kd_synthetic"": 0.053000000000000005, ""macro_config"": {""country_risk_mode"": ""auto"", ""country_risk_premium"": 0.0, ""country_risk_source"": ""auto:masi_embedded"", ""equity_risk_premium"": 0.06, ""erp_index_asset_class"": ""index"", ""erp_index_symbol"": ""MASI"", ""erp_lookback_years"": 10.0, ""erp_mean_method"": ""geometric"", ""erp_mode"": ""manual"", ""erp_source"": ""manual"", ""expected_index_return"": null, ""risk_free_mode"": ""tenor"", ""risk_free_rate"": 0.035, ""risk_free_source"": ""treasury_curve:10Y"", ""scope_key"": ""GLOBAL"", ""source"": ""structural_default"", ""treasury_curve"": {""10Y"": 0.035, ""1Y"": 0.03, ""5Y"": 0.033}, ""treasury_tenor"": ""10Y"", ""version_label"": ""base"", ""warnings"": []}, ""market_cap"": 41185594332.0, ""market_proxy"": ""MASI"", ""scenario_cost_of_debt_addon"": 0.0, ""scenario_erp_addon"": 0.0, ""synthetic_bucket"": ""A"", ""synthetic_spread"": 0.018, ""tax_rate"": 0.35, ""total_debt"": 9679219000.0, ""wacc"": 0.10316897667945404, ""weight_source"": ""market_cap_plus_debt""}",computed
TQM,Électricité,cost_of_debt,0.053000000000000005,computed
TQM,Électricité,cost_of_equity,0.11931894453895703,computed
TQM,Électricité,cost_of_equity_floor,0.095,scenario
TQM,Électricité,country_risk_premium,0.0,macro_config
TQM,Électricité,currency,MAD,scenario
TQM,Électricité,default_debt_weight,0.3,default
TQM,Électricité,default_equity_weight,0.7,default
TQM,Électricité,equity_risk_premium,0.06,macro_config
TQM,Électricité,fade_years,5.0,default
TQM,Électricité,forecast_years,5.0,default
TQM,Électricité,justified_multiple_ratio_mask,3.0,default
TQM,Électricité,mid_year_discounting,1.0,default
TQM,Électricité,mid_year_terminal,0.0,default
TQM,Électricité,peer_min_count,3.0,default
TQM,Électricité,proxy_weight_cap,0.25,default
TQM,Électricité,relative_multiple_ratio_mask,15.0,default
TQM,Électricité,risk_free_rate,0.035,macro_config
TQM,Électricité,scenario_cost_of_debt_addon,0.0,default
TQM,Électricité,scenario_erp_addon,0.0,default
TQM,Électricité,scenario_probabilities,"{""base"": 0.55, ""bear"": 0.25, ""bull"": 0.2}",
TQM,Électricité,scenario_probability_base,0.55,default
TQM,Électricité,scenario_probability_bear,0.25,default
TQM,Électricité,scenario_probability_bull,0.2,default
TQM,Électricité,sensitivity_terminal_growth_step,0.005,default
TQM,Électricité,sensitivity_wacc_step,0.005,default
TQM,Électricité,stable_payout_ratio,0.55,default
TQM,Électricité,tax_rate,0.35,default
TQM,Électricité,terminal_growth,0.025,default
TQM,Électricité,terminal_growth_basis,"{""equity"": {""binding_constraint"": ""raw"", ""ceiling"": 0.035, ""ceiling_source"": ""risk_free_rate"", ""discount_buffer"": 0.01, ""discount_cap"": 0.10931894453895703, ""discount_rate"": 0.11931894453895703, ""floor"": 0.0, ""path"": ""equity"", ""payout"": 1.2504697599789596, ""payout_source"": ""historical_dividends_to_net_income"", ""raw_growth"": 0.03, ""retention"": 0.0, ""roe"": null, ""roe_source"": ""missing_roe"", ""source"": ""earnings_growth_proxy_missing_roe"", ""terminal_growth"": 0.03}, ""firm"": {""binding_constraint"": ""raw"", ""ceiling"": 0.035, ""ceiling_source"": ""risk_free_rate"", ""discount_buffer"": 0.01, ""discount_cap"": 0.09316897667945405, ""discount_rate"": 0.10316897667945404, ""floor"": 0.0, ""path"": ""firm"", ""raw_growth"": 0.029601760310449133, ""reinvestment_rate"": 0.298073787197963, ""roic"": 0.09931017614369891, ""source"": ""reinvestment_times_roic"", ""tax_rate"": 0.35, ""terminal_growth"": 0.029601760310449133}}",computed
TQM,Électricité,terminal_growth_ceiling_source,1.0,default
TQM,Électricité,terminal_growth_discount_buffer,0.01,default
TQM,Électricité,terminal_growth_equity,0.03,computed_from_fundamentals
TQM,Électricité,terminal_growth_firm,0.029601760310449133,computed_from_fundamentals
TQM,Électricité,terminal_growth_floor,0.0,default
TQM,Électricité,use_balance_sheet_capital_weights,1.0,default
TQM,Électricité,wacc,0.10316897667945404,computed
VCN,Santé,beta,1.0421009354611261,beta_history
VCN,Santé,beta_min_observations,60.0,default
VCN,Santé,beta_window_years,2.0,default
VCN,Santé,beta_zero_return_threshold,0.3,default
VCN,Santé,bs_balance_fail_bps,200.0,default
VCN,Santé,bs_balance_warn_bps,50.0,default
VCN,Santé,computed_debt_weight,0.3,computed
VCN,Santé,computed_equity_weight,0.7,computed
VCN,Santé,cost_of_capital_build_up,"{""average_total_debt"": null, ""base_cost_of_debt"": 0.055, ""base_equity_risk_premium"": 0.06, ""beta"": 1.0421009354611261, ""beta_as_of"": ""2026-06-01"", ""beta_frequency"": ""weekly"", ""beta_liquidity_flag"": true, ""beta_lookup_as_of"": ""latest"", ""beta_method"": ""dimson_blume"", ""beta_n_obs"": 45, ""beta_r2"": 0.25936419752980466, ""beta_source"": ""beta_history"", ""beta_window_years"": 2.0, ""beta_zero_week_frac"": 0.021739130434782608, ""cost_of_debt"": 0.055, ""cost_of_debt_ceiling"": 0.085, ""cost_of_debt_floor"": 0.04, ""cost_of_debt_pre_scenario"": 0.055, ""cost_of_debt_source"": ""registry_default_missing_debt_inputs"", ""cost_of_debt_unclamped"": 0.055, ""cost_of_equity"": 0.09752605612766757, ""cost_of_equity_floor"": 0.095, ""cost_of_equity_floor_bound"": false, ""cost_of_equity_unfloored"": 0.09752605612766757, ""country_risk_premium"": 0.0, ""debt_weight"": 0.3, ""effective_cost_of_debt"": 0.055, ""effective_equity_risk_premium"": 0.06, ""equity_weight"": 0.7, ""interest_coverage"": null, ""interest_expense"": null, ""kd_effective"": null, ""kd_synthetic"": null, ""macro_config"": {""country_risk_mode"": ""auto"", ""country_risk_premium"": 0.0, ""country_risk_source"": ""auto:masi_embedded"", ""equity_risk_premium"": 0.06, ""erp_index_asset_class"": ""index"", ""erp_index_symbol"": ""MASI"", ""erp_lookback_years"": 10.0, ""erp_mean_method"": ""geometric"", ""erp_mode"": ""manual"", ""erp_source"": ""manual"", ""expected_index_return"": null, ""risk_free_mode"": ""tenor"", ""risk_free_rate"": 0.035, ""risk_free_source"": ""treasury_curve:10Y"", ""scope_key"": ""GLOBAL"", ""source"": ""structural_default"", ""treasury_curve"": {""10Y"": 0.035, ""1Y"": 0.03, ""5Y"": 0.033}, ""treasury_tenor"": ""10Y"", ""version_label"": ""base"", ""warnings"": []}, ""market_cap"": 3795774500.0, ""market_proxy"": ""MASI"", ""scenario_cost_of_debt_addon"": 0.0, ""scenario_erp_addon"": 0.0, ""synthetic_bucket"": null, ""synthetic_spread"": null, ""tax_rate"": 0.35, ""total_debt"": null, ""wacc"": 0.07899323928936729, ""weight_source"": ""default_target_missing_market_cap_or_debt""}",computed
VCN,Santé,cost_of_debt,0.055,computed
VCN,Santé,cost_of_equity,0.09752605612766757,computed
VCN,Santé,cost_of_equity_floor,0.095,scenario
VCN,Santé,country_risk_premium,0.0,macro_config
VCN,Santé,currency,MAD,scenario
VCN,Santé,default_debt_weight,0.3,default
VCN,Santé,default_equity_weight,0.7,default
VCN,Santé,equity_risk_premium,0.06,macro_config
VCN,Santé,fade_years,5.0,default
VCN,Santé,forecast_years,5.0,default
VCN,Santé,justified_multiple_ratio_mask,3.0,default
VCN,Santé,mid_year_discounting,1.0,default
VCN,Santé,mid_year_terminal,0.0,default
VCN,Santé,peer_min_count,3.0,default
VCN,Santé,proxy_weight_cap,0.25,default
VCN,Santé,relative_multiple_ratio_mask,15.0,default
VCN,Santé,risk_free_rate,0.035,macro_config
VCN,Santé,scenario_cost_of_debt_addon,0.0,default
VCN,Santé,scenario_erp_addon,0.0,default
VCN,Santé,scenario_probabilities,"{""base"": 0.55, ""bear"": 0.25, ""bull"": 0.2}",
VCN,Santé,scenario_probability_base,0.55,default
VCN,Santé,scenario_probability_bear,0.25,default
VCN,Santé,scenario_probability_bull,0.2,default
VCN,Santé,sensitivity_terminal_growth_step,0.005,default
VCN,Santé,sensitivity_wacc_step,0.005,default
VCN,Santé,stable_payout_ratio,0.55,default
VCN,Santé,tax_rate,0.35,default
VCN,Santé,terminal_growth,0.025,default
VCN,Santé,terminal_growth_basis,"{""equity"": {""binding_constraint"": ""raw"", ""ceiling"": 0.035, ""ceiling_source"": ""risk_free_rate"", ""discount_buffer"": 0.01, ""discount_cap"": 0.08752605612766758, ""discount_rate"": 0.09752605612766757, ""floor"": 0.0, ""path"": ""equity"", ""payout"": 0.55, ""payout_source"": ""stable_payout_assumption"", ""raw_growth"": 0.03, ""retention"": 0.44999999999999996, ""roe"": null, ""roe_source"": ""missing_roe"", ""source"": ""earnings_growth_proxy_missing_roe"", ""terminal_growth"": 0.03}, ""firm"": {""binding_constraint"": ""raw"", ""ceiling"": 0.035, ""ceiling_source"": ""risk_free_rate"", ""discount_buffer"": 0.01, ""discount_cap"": 0.06899323928936729, ""discount_rate"": 0.07899323928936729, ""floor"": 0.0, ""path"": ""firm"", ""raw_growth"": 0.03, ""reinvestment_rate"": null, ""roic"": null, ""source"": ""revenue_growth_proxy_missing_roic_or_reinvestment"", ""tax_rate"": 0.35, ""terminal_growth"": 0.03}}",computed
VCN,Santé,terminal_growth_ceiling_source,1.0,default
VCN,Santé,terminal_growth_discount_buffer,0.01,default
VCN,Santé,terminal_growth_equity,0.03,computed_from_fundamentals
VCN,Santé,terminal_growth_firm,0.03,computed_from_fundamentals
VCN,Santé,terminal_growth_floor,0.0,default
VCN,Santé,use_balance_sheet_capital_weights,1.0,default
VCN,Santé,wacc,0.07899323928936729,computed
WAA,Assurances,beta,0.7959657470355498,beta_history
WAA,Assurances,beta_min_observations,60.0,default
WAA,Assurances,beta_window_years,2.0,default
WAA,Assurances,beta_zero_return_threshold,0.3,default
WAA,Assurances,bs_balance_fail_bps,200.0,default
WAA,Assurances,bs_balance_warn_bps,50.0,default
WAA,Assurances,computed_debt_weight,5.326848137854956e-06,computed
WAA,Assurances,computed_equity_weight,0.9999946731518622,computed
WAA,Assurances,cost_of_capital_build_up,"{""average_total_debt"": 110000.0, ""base_cost_of_debt"": 0.055, ""base_equity_risk_premium"": 0.06, ""beta"": 0.7959657470355498, ""beta_as_of"": ""2026-06-01"", ""beta_frequency"": ""weekly"", ""beta_liquidity_flag"": false, ""beta_lookup_as_of"": ""latest"", ""beta_method"": ""ols"", ""beta_n_obs"": 104, ""beta_r2"": 0.25524976753891715, ""beta_source"": ""beta_history"", ""beta_window_years"": 2.0, ""beta_zero_week_frac"": 0.1346153846153846, ""cost_of_debt"": 0.055, ""cost_of_debt_ceiling"": 0.085, ""cost_of_debt_floor"": 0.04, ""cost_of_debt_pre_scenario"": 0.055, ""cost_of_debt_source"": ""registry_default_financial_sector"", ""cost_of_debt_unclamped"": 0.055, ""cost_of_equity"": 0.095, ""cost_of_equity_floor"": 0.095, ""cost_of_equity_floor_bound"": true, ""cost_of_equity_unfloored"": 0.08275794482213299, ""country_risk_premium"": 0.0, ""debt_weight"": 5.326848137854956e-06, ""effective_cost_of_debt"": 0.055, ""effective_equity_risk_premium"": 0.06, ""equity_weight"": 0.9999946731518622, ""interest_coverage"": null, ""interest_expense"": 608732000.0, ""kd_effective"": null, ""kd_synthetic"": null, ""macro_config"": {""country_risk_mode"": ""auto"", ""country_risk_premium"": 0.0, ""country_risk_source"": ""auto:masi_embedded"", ""equity_risk_premium"": 0.06, ""erp_index_asset_class"": ""index"", ""erp_index_symbol"": ""MASI"", ""erp_lookback_years"": 10.0, ""erp_mean_method"": ""geometric"", ""erp_mode"": ""manual"", ""erp_source"": ""manual"", ""expected_index_return"": null, ""risk_free_mode"": ""tenor"", ""risk_free_rate"": 0.035, ""risk_free_source"": ""treasury_curve:10Y"", ""scope_key"": ""GLOBAL"", ""source"": ""structural_default"", ""treasury_curve"": {""10Y"": 0.035, ""1Y"": 0.03, ""5Y"": 0.033}, ""treasury_tenor"": ""10Y"", ""version_label"": ""base"", ""warnings"": []}, ""market_cap"": 20650000000.0, ""market_proxy"": ""MASI"", ""scenario_cost_of_debt_addon"": 0.0, ""scenario_erp_addon"": 0.0, ""synthetic_bucket"": null, ""synthetic_spread"": null, ""tax_rate"": 0.35, ""total_debt"": 110000.0, ""wacc"": 0.09499968438424783, ""weight_source"": ""market_cap_plus_debt""}",computed
WAA,Assurances,cost_of_debt,0.055,computed
WAA,Assurances,cost_of_equity,0.095,computed
WAA,Assurances,cost_of_equity_floor,0.095,scenario
WAA,Assurances,country_risk_premium,0.0,macro_config
WAA,Assurances,currency,MAD,scenario
WAA,Assurances,default_debt_weight,0.3,default
WAA,Assurances,default_equity_weight,0.7,default
WAA,Assurances,equity_risk_premium,0.06,macro_config
WAA,Assurances,fade_years,5.0,default
WAA,Assurances,forecast_years,5.0,default
WAA,Assurances,justified_multiple_ratio_mask,3.0,default
WAA,Assurances,mid_year_discounting,1.0,default
WAA,Assurances,mid_year_terminal,0.0,default
WAA,Assurances,peer_min_count,3.0,default
WAA,Assurances,proxy_weight_cap,0.25,default
WAA,Assurances,relative_multiple_ratio_mask,15.0,default
WAA,Assurances,risk_free_rate,0.035,macro_config
WAA,Assurances,scenario_cost_of_debt_addon,0.0,default
WAA,Assurances,scenario_erp_addon,0.0,default
WAA,Assurances,scenario_probabilities,"{""base"": 0.55, ""bear"": 0.25, ""bull"": 0.2}",
WAA,Assurances,scenario_probability_base,0.55,default
WAA,Assurances,scenario_probability_bear,0.25,default
WAA,Assurances,scenario_probability_bull,0.2,default
WAA,Assurances,sensitivity_terminal_growth_step,0.005,default
WAA,Assurances,sensitivity_wacc_step,0.005,default
WAA,Assurances,stable_payout_ratio,0.55,default
WAA,Assurances,tax_rate,0.35,default
WAA,Assurances,terminal_growth,0.025,default
WAA,Assurances,terminal_growth_basis,"{""equity"": {""binding_constraint"": ""raw"", ""ceiling"": 0.035, ""ceiling_source"": ""risk_free_rate"", ""discount_buffer"": 0.01, ""discount_cap"": 0.085, ""discount_rate"": 0.095, ""floor"": 0.0, ""path"": ""equity"", ""payout"": 0.5391773042043453, ""payout_source"": ""historical_dividends_to_net_income"", ""raw_growth"": 0.03, ""retention"": 0.4608226957956547, ""roe"": null, ""roe_source"": ""missing_roe"", ""source"": ""earnings_growth_proxy_missing_roe"", ""terminal_growth"": 0.03}, ""firm"": {""path"": ""firm"", ""source"": ""not_used_for_financials"", ""terminal_growth"": 0.025}}",computed
WAA,Assurances,terminal_growth_ceiling_source,1.0,default
WAA,Assurances,terminal_growth_discount_buffer,0.01,default
WAA,Assurances,terminal_growth_equity,0.03,computed_from_fundamentals
WAA,Assurances,terminal_growth_firm,0.025,computed_from_fundamentals
WAA,Assurances,terminal_growth_floor,0.0,default
WAA,Assurances,use_balance_sheet_capital_weights,1.0,default
WAA,Assurances,wacc,0.09499968438424783,computed
ZDJ,Mines,beta,0.6928520128122351,beta_history
ZDJ,Mines,beta_min_observations,60.0,default
ZDJ,Mines,beta_window_years,2.0,default
ZDJ,Mines,beta_zero_return_threshold,0.3,default
ZDJ,Mines,bs_balance_fail_bps,200.0,default
ZDJ,Mines,bs_balance_warn_bps,50.0,default
ZDJ,Mines,computed_debt_weight,0.0,computed
ZDJ,Mines,computed_equity_weight,1.0,computed
ZDJ,Mines,cost_of_capital_build_up,"{""average_total_debt"": 13314000.0, ""base_cost_of_debt"": 0.055, ""base_equity_risk_premium"": 0.06, ""beta"": 0.6928520128122351, ""beta_as_of"": ""2026-06-01"", ""beta_frequency"": ""weekly"", ""beta_liquidity_flag"": false, ""beta_lookup_as_of"": ""latest"", ""beta_method"": ""ols"", ""beta_n_obs"": 104, ""beta_r2"": 0.027141785219816583, ""beta_source"": ""beta_history"", ""beta_window_years"": 2.0, ""beta_zero_week_frac"": 0.125, ""cost_of_debt"": 0.061, ""cost_of_debt_ceiling"": 0.085, ""cost_of_debt_floor"": 0.04, ""cost_of_debt_pre_scenario"": 0.061, ""cost_of_debt_source"": ""synthetic_interest_coverage_spread"", ""cost_of_debt_unclamped"": 0.061, ""cost_of_equity"": 0.095, ""cost_of_equity_floor"": 0.095, ""cost_of_equity_floor_bound"": true, ""cost_of_equity_unfloored"": 0.0765711207687341, ""country_risk_premium"": 0.0, ""debt_weight"": 0.0, ""effective_cost_of_debt"": 0.061, ""effective_equity_risk_premium"": 0.06, ""equity_weight"": 1.0, ""interest_coverage"": 4.755065063416241, ""interest_expense"": 6071000.0, ""kd_effective"": 0.45598617996094337, ""kd_synthetic"": 0.061, ""macro_config"": {""country_risk_mode"": ""auto"", ""country_risk_premium"": 0.0, ""country_risk_source"": ""auto:masi_embedded"", ""equity_risk_premium"": 0.06, ""erp_index_asset_class"": ""index"", ""erp_index_symbol"": ""MASI"", ""erp_lookback_years"": 10.0, ""erp_mean_method"": ""geometric"", ""erp_mode"": ""manual"", ""erp_source"": ""manual"", ""expected_index_return"": null, ""risk_free_mode"": ""tenor"", ""risk_free_rate"": 0.035, ""risk_free_source"": ""treasury_curve:10Y"", ""scope_key"": ""GLOBAL"", ""source"": ""structural_default"", ""treasury_curve"": {""10Y"": 0.035, ""1Y"": 0.03, ""5Y"": 0.033}, ""treasury_tenor"": ""10Y"", ""version_label"": ""base"", ""warnings"": []}, ""market_cap"": 123620814.2, ""market_proxy"": ""MASI"", ""scenario_cost_of_debt_addon"": 0.0, ""scenario_erp_addon"": 0.0, ""synthetic_bucket"": ""BBB"", ""synthetic_spread"": 0.026, ""tax_rate"": 0.35, ""total_debt"": 0.0, ""wacc"": 0.095, ""weight_source"": ""market_cap_plus_debt""}",computed
ZDJ,Mines,cost_of_debt,0.061,computed
ZDJ,Mines,cost_of_equity,0.095,computed
ZDJ,Mines,cost_of_equity_floor,0.095,scenario
ZDJ,Mines,country_risk_premium,0.0,macro_config
ZDJ,Mines,currency,MAD,scenario
ZDJ,Mines,default_debt_weight,0.3,default
ZDJ,Mines,default_equity_weight,0.7,default
ZDJ,Mines,equity_risk_premium,0.06,macro_config
ZDJ,Mines,fade_years,5.0,default
ZDJ,Mines,forecast_years,5.0,default
ZDJ,Mines,justified_multiple_ratio_mask,3.0,default
ZDJ,Mines,mid_year_discounting,1.0,default
ZDJ,Mines,mid_year_terminal,0.0,default
ZDJ,Mines,peer_min_count,3.0,default
ZDJ,Mines,proxy_weight_cap,0.25,default
ZDJ,Mines,relative_multiple_ratio_mask,15.0,default
ZDJ,Mines,risk_free_rate,0.035,macro_config
ZDJ,Mines,scenario_cost_of_debt_addon,0.0,default
ZDJ,Mines,scenario_erp_addon,0.0,default
ZDJ,Mines,scenario_probabilities,"{""base"": 0.55, ""bear"": 0.25, ""bull"": 0.2}",
ZDJ,Mines,scenario_probability_base,0.55,default
ZDJ,Mines,scenario_probability_bear,0.25,default
ZDJ,Mines,scenario_probability_bull,0.2,default
ZDJ,Mines,sensitivity_terminal_growth_step,0.005,default
ZDJ,Mines,sensitivity_wacc_step,0.005,default
ZDJ,Mines,stable_payout_ratio,0.55,default
ZDJ,Mines,tax_rate,0.35,default
ZDJ,Mines,terminal_growth,0.025,default
ZDJ,Mines,terminal_growth_basis,"{""equity"": {""binding_constraint"": ""raw"", ""ceiling"": 0.035, ""ceiling_source"": ""risk_free_rate"", ""discount_buffer"": 0.01, ""discount_cap"": 0.085, ""discount_rate"": 0.095, ""floor"": 0.0, ""path"": ""equity"", ""payout"": 0.55, ""payout_source"": ""stable_payout_assumption"", ""raw_growth"": 0.03, ""retention"": 0.44999999999999996, ""roe"": null, ""roe_source"": ""missing_roe"", ""source"": ""earnings_growth_proxy_missing_roe"", ""terminal_growth"": 0.03}, ""firm"": {""binding_constraint"": ""ceiling"", ""ceiling"": 0.035, ""ceiling_source"": ""risk_free_rate"", ""discount_buffer"": 0.01, ""discount_cap"": 0.085, ""discount_rate"": 0.095, ""floor"": 0.0, ""path"": ""firm"", ""raw_growth"": 0.03537639193850672, ""reinvestment_rate"": 1.0, ""roic"": 0.03537639193850672, ""source"": ""reinvestment_times_roic"", ""tax_rate"": 0.35, ""terminal_growth"": 0.035}}",computed
ZDJ,Mines,terminal_growth_ceiling_source,1.0,default
ZDJ,Mines,terminal_growth_discount_buffer,0.01,default
ZDJ,Mines,terminal_growth_equity,0.03,computed_from_fundamentals
ZDJ,Mines,terminal_growth_firm,0.035,computed_from_fundamentals
ZDJ,Mines,terminal_growth_floor,0.0,default
ZDJ,Mines,use_balance_sheet_capital_weights,1.0,default
ZDJ,Mines,wacc,0.095,computed
